date,sector,index_price,fund_nav,valuation_percentile,attention_rank_pct,fund_start_date,valuation_metric
2020-01-02,医药,10027.557,1.0777,50.0,50.0,2019-03-26,PRICE_PERCENTILE
2020-01-02,沪深300,4152.241,1.386,50.0,50.0,2009-07-10,PRICE_PERCENTILE
2020-01-02,消费,16205.794,2.0213,50.0,50.0,2015-03-24,PRICE_PERCENTILE
2020-01-02,科技,1832.742,1.888,50.0,50.0,2011-09-20,PRICE_PERCENTILE
2020-01-03,医药,10013.957,1.0764,50.0,50.0,2019-03-26,PRICE_PERCENTILE
2020-01-03,沪深300,4144.965,1.384,50.0,50.0,2009-07-10,PRICE_PERCENTILE
2020-01-03,消费,16071.926,2.0054,50.0,50.0,2015-03-24,PRICE_PERCENTILE
2020-01-03,科技,1836.012,1.8912,50.0,50.0,2011-09-20,PRICE_PERCENTILE
2020-01-06,医药,9966.942,1.0716,50.0,50.0,2019-03-26,PRICE_PERCENTILE
2020-01-06,沪深300,4129.295,1.379,50.0,50.0,2009-07-10,PRICE_PERCENTILE
2020-01-06,消费,16069.281,2.005,50.0,50.0,2015-03-24,PRICE_PERCENTILE
2020-01-06,科技,1859.921,1.9139,50.0,50.0,2011-09-20,PRICE_PERCENTILE
2020-01-07,医药,10105.133,1.086,50.0,50.0,2019-03-26,PRICE_PERCENTILE
2020-01-07,沪深300,4160.227,1.389,50.0,50.0,2009-07-10,PRICE_PERCENTILE
2020-01-07,消费,16439.044,2.049,50.0,50.0,2015-03-24,PRICE_PERCENTILE
2020-01-07,科技,1893.214,1.9458,50.0,50.0,2011-09-20,PRICE_PERCENTILE
2020-01-08,医药,10003.024,1.0753,50.0,50.0,2019-03-26,PRICE_PERCENTILE
2020-01-08,沪深300,4112.317,1.373,50.0,50.0,2009-07-10,PRICE_PERCENTILE
2020-01-08,消费,16359.546,2.0395,50.0,50.0,2015-03-24,PRICE_PERCENTILE
2020-01-08,科技,1862.699,1.9165,50.0,50.0,2011-09-20,PRICE_PERCENTILE
2020-01-09,医药,10251.503,1.1008,50.0,50.0,2019-03-26,PRICE_PERCENTILE
2020-01-09,沪深300,4164.37,1.39,50.0,50.0,2009-07-10,PRICE_PERCENTILE
2020-01-09,消费,16531.541,2.06,50.0,50.0,2015-03-24,PRICE_PERCENTILE
2020-01-09,科技,1913.142,1.9651,50.0,50.0,2011-09-20,PRICE_PERCENTILE
2020-01-10,医药,10308.079,1.1066,50.0,50.0,2019-03-26,PRICE_PERCENTILE
2020-01-10,沪深300,4163.185,1.39,50.0,50.0,2009-07-10,PRICE_PERCENTILE
2020-01-10,消费,16542.902,2.0613,50.0,50.0,2015-03-24,PRICE_PERCENTILE
2020-01-10,科技,1904.194,1.9566,50.0,50.0,2011-09-20,PRICE_PERCENTILE
2020-01-13,医药,10385.47,1.1143,50.0,50.0,2019-03-26,PRICE_PERCENTILE
2020-01-13,沪深300,4203.988,1.402,50.0,50.0,2009-07-10,PRICE_PERCENTILE
2020-01-13,消费,16791.479,2.0907,50.0,50.0,2015-03-24,PRICE_PERCENTILE
2020-01-13,科技,1935.072,1.9862,50.0,50.0,2011-09-20,PRICE_PERCENTILE
2020-01-14,医药,10311.416,1.1066,50.0,50.0,2019-03-26,PRICE_PERCENTILE
2020-01-14,沪深300,4189.886,1.398,50.0,50.0,2009-07-10,PRICE_PERCENTILE
2020-01-14,消费,16636.383,2.0723,50.0,50.0,2015-03-24,PRICE_PERCENTILE
2020-01-14,科技,1922.557,1.9741,50.0,50.0,2011-09-20,PRICE_PERCENTILE
2020-01-15,医药,10350.567,1.1106,50.0,50.0,2019-03-26,PRICE_PERCENTILE
2020-01-15,沪深300,4166.734,1.391,50.0,50.0,2009-07-10,PRICE_PERCENTILE
2020-01-15,消费,16661.344,2.0753,50.0,50.0,2015-03-24,PRICE_PERCENTILE
2020-01-15,科技,1924.238,1.9758,50.0,50.0,2011-09-20,PRICE_PERCENTILE
2020-01-16,医药,10370.078,1.1125,50.0,50.0,2019-03-26,PRICE_PERCENTILE
2020-01-16,沪深300,4149.043,1.385,50.0,50.0,2009-07-10,PRICE_PERCENTILE
2020-01-16,消费,16685.294,2.0781,50.0,50.0,2015-03-24,PRICE_PERCENTILE
2020-01-16,科技,1929.961,1.9813,50.0,50.0,2011-09-20,PRICE_PERCENTILE
2020-01-17,医药,10453.154,1.1209,50.0,50.0,2019-03-26,PRICE_PERCENTILE
2020-01-17,沪深300,4154.853,1.387,50.0,50.0,2009-07-10,PRICE_PERCENTILE
2020-01-17,消费,16561.868,2.0635,50.0,50.0,2015-03-24,PRICE_PERCENTILE
2020-01-17,科技,1932.511,1.9837,50.0,50.0,2011-09-20,PRICE_PERCENTILE
2020-01-20,医药,10604.045,1.1362,50.0,50.0,2019-03-26,PRICE_PERCENTILE
2020-01-20,沪深300,4185.83,1.397,50.0,50.0,2009-07-10,PRICE_PERCENTILE
2020-01-20,消费,16526.973,2.0593,50.0,50.0,2015-03-24,PRICE_PERCENTILE
2020-01-20,科技,1982.176,2.0315,50.0,50.0,2011-09-20,PRICE_PERCENTILE
2020-01-21,医药,10773.625,1.1533,50.0,50.0,2019-03-26,PRICE_PERCENTILE
2020-01-21,沪深300,4114.309,1.374,50.0,50.0,2009-07-10,PRICE_PERCENTILE
2020-01-21,消费,16164.801,2.0169,50.0,50.0,2015-03-24,PRICE_PERCENTILE
2020-01-21,科技,1967.027,2.0167,50.0,50.0,2011-09-20,PRICE_PERCENTILE
2020-01-22,医药,10638.192,1.1395,50.0,50.0,2019-03-26,PRICE_PERCENTILE
2020-01-22,沪深300,4131.931,1.38,50.0,50.0,2009-07-10,PRICE_PERCENTILE
2020-01-22,消费,16101.558,2.0096,50.0,50.0,2015-03-24,PRICE_PERCENTILE
2020-01-22,科技,1993.899,2.0425,50.0,50.0,2011-09-20,PRICE_PERCENTILE
2020-01-23,医药,10422.039,1.118,50.0,50.0,2019-03-26,PRICE_PERCENTILE
2020-01-23,沪深300,4003.901,1.339,50.0,50.0,2009-07-10,PRICE_PERCENTILE
2020-01-23,消费,15440.829,1.9329,50.0,50.0,2015-03-24,PRICE_PERCENTILE
2020-01-23,科技,1927.742,1.9786,50.0,50.0,2011-09-20,PRICE_PERCENTILE
2020-02-03,医药,9979.538,1.0739,50.0,50.0,2019-03-26,PRICE_PERCENTILE
2020-02-03,沪深300,3688.358,1.239,50.0,50.0,2009-07-10,PRICE_PERCENTILE
2020-02-03,消费,14228.676,1.7896,50.0,50.0,2015-03-24,PRICE_PERCENTILE
2020-02-03,科技,1795.774,1.8509,50.0,50.0,2011-09-20,PRICE_PERCENTILE
2020-02-04,医药,10362.066,1.1128,50.0,50.0,2019-03-26,PRICE_PERCENTILE
2020-02-04,沪深300,3785.638,1.27,50.0,50.0,2009-07-10,PRICE_PERCENTILE
2020-02-04,消费,14610.399,1.8414,50.0,50.0,2015-03-24,PRICE_PERCENTILE
2020-02-04,科技,1882.691,1.9321,50.0,50.0,2011-09-20,PRICE_PERCENTILE
2020-02-05,医药,10783.71,1.1544,50.0,50.0,2019-03-26,PRICE_PERCENTILE
2020-02-05,沪深300,3828.527,1.284,50.0,50.0,2009-07-10,PRICE_PERCENTILE
2020-02-05,消费,14845.29,1.8711,50.0,50.0,2015-03-24,PRICE_PERCENTILE
2020-02-05,科技,1939.62,1.9863,50.0,50.0,2011-09-20,PRICE_PERCENTILE
2020-02-06,医药,11170.909,1.1924,100.0,50.0,2019-03-26,PRICE_PERCENTILE
2020-02-06,沪深300,3899.775,1.307,20.0,50.0,2009-07-10,PRICE_PERCENTILE
2020-02-06,消费,15254.298,1.9171,20.0,50.0,2015-03-24,PRICE_PERCENTILE
2020-02-06,科技,2012.249,2.0561,100.0,50.0,2011-09-20,PRICE_PERCENTILE
2020-02-07,医药,10983.55,1.1732,95.24,50.0,2019-03-26,PRICE_PERCENTILE
2020-02-07,沪深300,3899.869,1.307,23.81,50.0,2009-07-10,PRICE_PERCENTILE
2020-02-07,消费,15381.328,1.9305,23.81,50.0,2015-03-24,PRICE_PERCENTILE
2020-02-07,科技,2015.799,2.0589,100.0,50.0,2011-09-20,PRICE_PERCENTILE
2020-02-10,医药,10842.388,1.1594,90.91,50.0,2019-03-26,PRICE_PERCENTILE
2020-02-10,沪深300,3916.005,1.312,27.27,50.0,2009-07-10,PRICE_PERCENTILE
2020-02-10,消费,15573.786,1.9514,31.82,50.0,2015-03-24,PRICE_PERCENTILE
2020-02-10,科技,2042.177,2.0844,100.0,50.0,2011-09-20,PRICE_PERCENTILE
2020-02-11,医药,10837.783,1.1591,86.96,50.0,2019-03-26,PRICE_PERCENTILE
2020-02-11,沪深300,3952.464,1.323,30.43,50.0,2009-07-10,PRICE_PERCENTILE
2020-02-11,消费,15714.011,1.9669,34.78,50.0,2015-03-24,PRICE_PERCENTILE
2020-02-11,科技,2028.444,2.0712,95.65,50.0,2011-09-20,PRICE_PERCENTILE
2020-02-12,医药,10955.086,1.1712,91.67,50.0,2019-03-26,PRICE_PERCENTILE
2020-02-12,沪深300,3984.433,1.334,33.33,50.0,2009-07-10,PRICE_PERCENTILE
2020-02-12,消费,15777.158,1.9742,37.5,50.0,2015-03-24,PRICE_PERCENTILE
2020-02-12,科技,2085.278,2.1258,100.0,50.0,2011-09-20,PRICE_PERCENTILE
2020-02-13,医药,10832.175,1.1586,80.0,50.0,2019-03-26,PRICE_PERCENTILE
2020-02-13,沪深300,3959.919,1.326,32.0,50.0,2009-07-10,PRICE_PERCENTILE
2020-02-13,消费,15682.953,1.9632,32.0,50.0,2015-03-24,PRICE_PERCENTILE
2020-02-13,科技,2064.596,2.106,96.0,50.0,2011-09-20,PRICE_PERCENTILE
2020-02-14,医药,10835.044,1.1589,80.77,50.0,2019-03-26,PRICE_PERCENTILE
2020-02-14,沪深300,3987.734,1.335,38.46,50.0,2009-07-10,PRICE_PERCENTILE
2020-02-14,消费,15822.599,1.9797,42.31,50.0,2015-03-24,PRICE_PERCENTILE
2020-02-14,科技,2069.219,2.1123,96.15,50.0,2011-09-20,PRICE_PERCENTILE
2020-02-17,医药,11027.065,1.1788,96.3,50.0,2019-03-26,PRICE_PERCENTILE
2020-02-17,沪深300,4077.424,1.363,44.44,50.0,2009-07-10,PRICE_PERCENTILE
2020-02-17,消费,16055.391,2.0072,44.44,50.0,2015-03-24,PRICE_PERCENTILE
2020-02-17,科技,2146.177,2.1854,100.0,50.0,2011-09-20,PRICE_PERCENTILE
2020-02-18,医药,11013.28,1.1772,92.86,50.0,2019-03-26,PRICE_PERCENTILE
2020-02-18,沪深300,4057.511,1.357,42.86,50.0,2009-07-10,PRICE_PERCENTILE
2020-02-18,消费,15980.074,1.9983,42.86,50.0,2015-03-24,PRICE_PERCENTILE
2020-02-18,科技,2170.949,2.2082,100.0,50.0,2011-09-20,PRICE_PERCENTILE
2020-02-19,医药,10788.479,1.1538,68.97,50.0,2019-03-26,PRICE_PERCENTILE
2020-02-19,沪深300,4051.311,1.355,41.38,50.0,2009-07-10,PRICE_PERCENTILE
2020-02-19,消费,16165.021,2.0202,62.07,50.0,2015-03-24,PRICE_PERCENTILE
2020-02-19,科技,2139.437,2.1778,93.1,50.0,2011-09-20,PRICE_PERCENTILE
2020-02-20,医药,10913.077,1.1668,83.33,50.0,2019-03-26,PRICE_PERCENTILE
2020-02-20,沪深300,4144.656,1.384,63.33,50.0,2009-07-10,PRICE_PERCENTILE
2020-02-20,消费,16486.441,2.0584,73.33,50.0,2015-03-24,PRICE_PERCENTILE
2020-02-20,科技,2186.737,2.2231,100.0,50.0,2011-09-20,PRICE_PERCENTILE
2020-02-21,医药,10988.472,1.1745,90.32,50.0,2019-03-26,PRICE_PERCENTILE
2020-02-21,沪深300,4149.49,1.386,70.97,50.0,2009-07-10,PRICE_PERCENTILE
2020-02-21,消费,16398.989,2.0486,67.74,50.0,2015-03-24,PRICE_PERCENTILE
2020-02-21,科技,2226.639,2.2608,100.0,50.0,2011-09-20,PRICE_PERCENTILE
2020-02-24,医药,11042.179,1.1799,96.88,50.0,2019-03-26,PRICE_PERCENTILE
2020-02-24,沪深300,4132.839,1.381,59.38,50.0,2009-07-10,PRICE_PERCENTILE
2020-02-24,消费,16237.819,2.0304,62.5,50.0,2015-03-24,PRICE_PERCENTILE
2020-02-24,科技,2263.972,2.2965,100.0,50.0,2011-09-20,PRICE_PERCENTILE
2020-02-25,医药,11155.33,1.1911,96.97,50.0,2019-03-26,PRICE_PERCENTILE
2020-02-25,沪深300,4123.854,1.378,51.52,50.0,2009-07-10,PRICE_PERCENTILE
2020-02-25,消费,16201.36,2.0262,57.58,50.0,2015-03-24,PRICE_PERCENTILE
2020-02-25,科技,2287.312,2.3181,100.0,50.0,2011-09-20,PRICE_PERCENTILE
2020-02-26,医药,10805.329,1.1559,61.76,50.0,2019-03-26,PRICE_PERCENTILE
2020-02-26,沪深300,4073.015,1.362,41.18,50.0,2009-07-10,PRICE_PERCENTILE
2020-02-26,消费,16082.269,2.0123,47.06,50.0,2015-03-24,PRICE_PERCENTILE
2020-02-26,科技,2180.701,2.2144,88.24,50.0,2011-09-20,PRICE_PERCENTILE
2020-02-27,医药,10901.295,1.1655,74.29,50.0,2019-03-26,PRICE_PERCENTILE
2020-02-27,沪深300,4084.876,1.366,45.71,50.0,2009-07-10,PRICE_PERCENTILE
2020-02-27,消费,16282.464,2.0362,65.71,50.0,2015-03-24,PRICE_PERCENTILE
2020-02-27,科技,2196.714,2.2298,91.43,50.0,2011-09-20,PRICE_PERCENTILE
2020-02-28,医药,10590.722,1.1342,44.44,50.0,2019-03-26,PRICE_PERCENTILE
2020-02-28,沪深300,3940.049,1.32,19.44,50.0,2009-07-10,PRICE_PERCENTILE
2020-02-28,消费,15660.176,1.962,22.22,50.0,2015-03-24,PRICE_PERCENTILE
2020-02-28,科技,2071.566,2.1087,72.22,50.0,2011-09-20,PRICE_PERCENTILE
2020-03-02,医药,10832.426,1.1584,64.86,50.0,2019-03-26,PRICE_PERCENTILE
2020-03-02,沪深300,4069.666,1.361,40.54,50.0,2009-07-10,PRICE_PERCENTILE
2020-03-02,消费,16095.613,2.0134,48.65,50.0,2015-03-24,PRICE_PERCENTILE
2020-03-02,科技,2135.415,2.1684,75.68,50.0,2011-09-20,PRICE_PERCENTILE
2020-03-03,医药,11077.561,1.1831,94.74,50.0,2019-03-26,PRICE_PERCENTILE
2020-03-03,沪深300,4091.362,1.368,50.0,50.0,2009-07-10,PRICE_PERCENTILE
2020-03-03,消费,16279.984,2.0351,65.79,50.0,2015-03-24,PRICE_PERCENTILE
2020-03-03,科技,2173.346,2.2029,84.21,50.0,2011-09-20,PRICE_PERCENTILE
2020-03-04,医药,11056.852,1.181,92.31,50.0,2019-03-26,PRICE_PERCENTILE
2020-03-04,沪深300,4115.052,1.375,56.41,50.0,2009-07-10,PRICE_PERCENTILE
2020-03-04,消费,16530.932,2.0648,82.05,50.0,2015-03-24,PRICE_PERCENTILE
2020-03-04,科技,2169.443,2.1985,79.49,50.0,2011-09-20,PRICE_PERCENTILE
2020-03-05,医药,11263.601,1.202,100.0,50.0,2019-03-26,PRICE_PERCENTILE
2020-03-05,沪深300,4206.725,1.404,100.0,50.0,2009-07-10,PRICE_PERCENTILE
2020-03-05,消费,17247.093,2.1495,100.0,50.0,2015-03-24,PRICE_PERCENTILE
2020-03-05,科技,2209.588,2.2372,92.5,50.0,2011-09-20,PRICE_PERCENTILE
2020-03-06,医药,11288.53,1.2045,100.0,50.0,2019-03-26,PRICE_PERCENTILE
2020-03-06,沪深300,4138.507,1.383,65.85,50.0,2009-07-10,PRICE_PERCENTILE
2020-03-06,消费,16976.314,2.1175,97.56,50.0,2015-03-24,PRICE_PERCENTILE
2020-03-06,科技,2192.936,2.2212,87.8,50.0,2011-09-20,PRICE_PERCENTILE
2020-03-09,医药,11023.621,1.1772,80.95,50.0,2019-03-26,PRICE_PERCENTILE
2020-03-09,沪深300,3997.133,1.338,28.57,50.0,2009-07-10,PRICE_PERCENTILE
2020-03-09,消费,16496.87,2.0609,73.81,50.0,2015-03-24,PRICE_PERCENTILE
2020-03-09,科技,2093.063,2.1254,66.67,50.0,2011-09-20,PRICE_PERCENTILE
2020-03-10,医药,11049.848,1.1797,86.05,50.0,2019-03-26,PRICE_PERCENTILE
2020-03-10,沪深300,4082.732,1.365,44.19,50.0,2009-07-10,PRICE_PERCENTILE
2020-03-10,消费,16791.859,2.0957,95.35,50.0,2015-03-24,PRICE_PERCENTILE
2020-03-10,科技,2148.81,2.18,74.42,50.0,2011-09-20,PRICE_PERCENTILE
2020-03-11,医药,10910.332,1.1657,65.91,50.0,2019-03-26,PRICE_PERCENTILE
2020-03-11,沪深300,4028.429,1.348,31.82,50.0,2009-07-10,PRICE_PERCENTILE
2020-03-11,消费,16732.384,2.0886,90.91,50.0,2015-03-24,PRICE_PERCENTILE
2020-03-11,科技,2101.463,2.1345,65.91,50.0,2011-09-20,PRICE_PERCENTILE
2020-03-12,医药,10574.993,1.1321,35.56,50.0,2019-03-26,PRICE_PERCENTILE
2020-03-12,沪深300,3950.911,1.323,17.78,50.0,2009-07-10,PRICE_PERCENTILE
2020-03-12,消费,16264.514,2.0338,55.56,50.0,2015-03-24,PRICE_PERCENTILE
2020-03-12,科技,2045.926,2.0816,53.33,50.0,2011-09-20,PRICE_PERCENTILE
2020-03-13,医药,10365.885,1.1112,26.09,50.0,2019-03-26,PRICE_PERCENTILE
2020-03-13,沪深300,3895.313,1.305,8.7,50.0,2009-07-10,PRICE_PERCENTILE
2020-03-13,消费,16054.599,2.0094,30.43,50.0,2015-03-24,PRICE_PERCENTILE
2020-03-13,科技,2030.58,2.067,50.0,50.0,2011-09-20,PRICE_PERCENTILE
2020-03-16,医药,10044.821,1.0786,12.77,50.0,2019-03-26,PRICE_PERCENTILE
2020-03-16,沪深300,3727.84,1.251,4.26,50.0,2009-07-10,PRICE_PERCENTILE
2020-03-16,消费,15345.726,1.9263,10.64,50.0,2015-03-24,PRICE_PERCENTILE
2020-03-16,科技,1910.767,1.9536,19.15,50.0,2011-09-20,PRICE_PERCENTILE
2020-03-17,医药,10057.926,1.0799,14.58,50.0,2019-03-26,PRICE_PERCENTILE
2020-03-17,沪深300,3709.682,1.246,4.17,50.0,2009-07-10,PRICE_PERCENTILE
2020-03-17,消费,15196.719,1.909,8.33,50.0,2015-03-24,PRICE_PERCENTILE
2020-03-17,科技,1917.702,1.9598,22.92,50.0,2011-09-20,PRICE_PERCENTILE
2020-03-18,医药,9957.437,1.0695,2.04,50.0,2019-03-26,PRICE_PERCENTILE
2020-03-18,沪深300,3636.257,1.222,2.04,50.0,2009-07-10,PRICE_PERCENTILE
2020-03-18,消费,15062.935,1.8931,8.16,50.0,2015-03-24,PRICE_PERCENTILE
2020-03-18,科技,1887.042,1.9303,14.29,50.0,2011-09-20,PRICE_PERCENTILE
2020-03-19,医药,9841.838,1.0577,2.0,50.0,2019-03-26,PRICE_PERCENTILE
2020-03-19,沪深300,3589.093,1.207,2.0,50.0,2009-07-10,PRICE_PERCENTILE
2020-03-19,消费,14897.388,1.8733,8.0,50.0,2015-03-24,PRICE_PERCENTILE
2020-03-19,科技,1894.943,1.9378,18.0,50.0,2011-09-20,PRICE_PERCENTILE
2020-03-20,医药,10125.847,1.0867,21.57,50.0,2019-03-26,PRICE_PERCENTILE
2020-03-20,沪深300,3653.224,1.228,5.88,50.0,2009-07-10,PRICE_PERCENTILE
2020-03-20,消费,15226.551,1.9126,13.73,50.0,2015-03-24,PRICE_PERCENTILE
2020-03-20,科技,1915.046,1.957,25.49,50.0,2011-09-20,PRICE_PERCENTILE
2020-03-23,医药,9931.798,1.0667,3.85,50.0,2019-03-26,PRICE_PERCENTILE
2020-03-23,沪深300,3530.306,1.189,1.92,50.0,2009-07-10,PRICE_PERCENTILE
2020-03-23,消费,14818.461,1.8648,5.77,50.0,2015-03-24,PRICE_PERCENTILE
2020-03-23,科技,1827.052,1.8728,3.85,50.0,2011-09-20,PRICE_PERCENTILE
2020-03-24,医药,10211.234,1.095,24.53,50.0,2019-03-26,PRICE_PERCENTILE
2020-03-24,沪深300,3625.115,1.218,5.66,50.0,2009-07-10,PRICE_PERCENTILE
2020-03-24,消费,15319.178,1.9236,18.87,50.0,2015-03-24,PRICE_PERCENTILE
2020-03-24,科技,1876.91,1.9182,13.21,50.0,2011-09-20,PRICE_PERCENTILE
2020-03-25,医药,10558.536,1.1302,44.44,50.0,2019-03-26,PRICE_PERCENTILE
2020-03-25,沪深300,3722.518,1.249,14.81,50.0,2009-07-10,PRICE_PERCENTILE
2020-03-25,消费,15661.189,1.9641,29.63,50.0,2015-03-24,PRICE_PERCENTILE
2020-03-25,科技,1937.855,1.9739,42.59,50.0,2011-09-20,PRICE_PERCENTILE
2020-03-26,医药,10758.316,1.1503,52.73,50.0,2019-03-26,PRICE_PERCENTILE
2020-03-26,沪深300,3698.047,1.241,12.73,50.0,2009-07-10,PRICE_PERCENTILE
2020-03-26,消费,15672.298,1.9653,30.91,50.0,2015-03-24,PRICE_PERCENTILE
2020-03-26,科技,1927.275,1.9638,34.55,50.0,2011-09-20,PRICE_PERCENTILE
2020-03-27,医药,10687.901,1.1433,51.79,50.0,2019-03-26,PRICE_PERCENTILE
2020-03-27,沪深300,3710.061,1.245,16.07,50.0,2009-07-10,PRICE_PERCENTILE
2020-03-27,消费,15761.262,1.9757,35.71,50.0,2015-03-24,PRICE_PERCENTILE
2020-03-27,科技,1903.881,1.9414,21.43,50.0,2011-09-20,PRICE_PERCENTILE
2020-03-30,医药,10537.785,1.1281,42.11,50.0,2019-03-26,PRICE_PERCENTILE
2020-03-30,沪深300,3674.111,1.234,10.53,50.0,2009-07-10,PRICE_PERCENTILE
2020-03-30,消费,15750.968,1.9744,35.09,50.0,2015-03-24,PRICE_PERCENTILE
2020-03-30,科技,1860.484,1.8997,10.53,50.0,2011-09-20,PRICE_PERCENTILE
2020-03-31,医药,10664.059,1.1408,51.72,50.0,2019-03-26,PRICE_PERCENTILE
2020-03-31,沪深300,3686.155,1.237,12.07,50.0,2009-07-10,PRICE_PERCENTILE
2020-03-31,消费,16411.317,2.0523,72.41,50.0,2015-03-24,PRICE_PERCENTILE
2020-03-31,科技,1871.917,1.9102,13.79,50.0,2011-09-20,PRICE_PERCENTILE
2020-04-01,医药,10505.063,1.125,40.68,50.0,2019-03-26,PRICE_PERCENTILE
2020-04-01,沪深300,3675.076,1.2338,11.86,50.0,2009-07-10,PRICE_PERCENTILE
2020-04-01,消费,16196.942,2.027,57.63,50.0,2015-03-24,PRICE_PERCENTILE
2020-04-01,科技,1864.8,1.9035,13.56,50.0,2011-09-20,PRICE_PERCENTILE
2020-04-02,医药,10671.077,1.1415,53.33,50.0,2019-03-26,PRICE_PERCENTILE
2020-04-02,沪深300,3734.531,1.2528,25.0,50.0,2009-07-10,PRICE_PERCENTILE
2020-04-02,消费,16332.284,2.043,68.33,50.0,2015-03-24,PRICE_PERCENTILE
2020-04-02,科技,1916.951,1.9536,33.33,50.0,2011-09-20,PRICE_PERCENTILE
2020-04-03,医药,10778.437,1.1522,59.02,50.0,2019-03-26,PRICE_PERCENTILE
2020-04-03,新能源,1781.496,1.0,50.0,50.0,2020-04-03,PRICE_PERCENTILE
2020-04-03,沪深300,3713.218,1.2459,21.31,50.0,2009-07-10,PRICE_PERCENTILE
2020-04-03,消费,16450.439,2.0569,75.41,50.0,2015-03-24,PRICE_PERCENTILE
2020-04-03,科技,1906.675,1.9439,27.87,50.0,2011-09-20,PRICE_PERCENTILE
2020-04-07,医药,11082.785,1.1828,93.55,50.0,2019-03-26,PRICE_PERCENTILE
2020-04-07,沪深300,3798.021,1.2729,29.03,50.0,2009-07-10,PRICE_PERCENTILE
2020-04-07,消费,17033.843,2.1253,98.39,50.0,2015-03-24,PRICE_PERCENTILE
2020-04-07,科技,1969.782,2.0042,53.23,50.0,2011-09-20,PRICE_PERCENTILE
2020-04-08,医药,11062.737,1.1808,90.48,50.0,2019-03-26,PRICE_PERCENTILE
2020-04-08,新能源,1828.002,0.9999,50.0,50.0,2020-04-03,PRICE_PERCENTILE
2020-04-08,沪深300,3780.345,1.2673,26.98,50.0,2009-07-10,PRICE_PERCENTILE
2020-04-08,消费,16832.218,2.1017,95.24,50.0,2015-03-24,PRICE_PERCENTILE
2020-04-08,科技,1964.757,1.9994,50.79,50.0,2011-09-20,PRICE_PERCENTILE
2020-04-09,医药,11376.437,1.2125,100.0,50.0,2019-03-26,PRICE_PERCENTILE
2020-04-09,新能源,1825.863,0.9999,50.0,50.0,2020-04-03,PRICE_PERCENTILE
2020-04-09,沪深300,3792.811,1.2712,29.69,50.0,2009-07-10,PRICE_PERCENTILE
2020-04-09,消费,16901.763,2.1098,95.31,50.0,2015-03-24,PRICE_PERCENTILE
2020-04-09,科技,1997.136,2.0306,57.81,50.0,2011-09-20,PRICE_PERCENTILE
2020-04-10,医药,11230.271,1.1977,95.38,50.0,2019-03-26,PRICE_PERCENTILE
2020-04-10,新能源,1776.752,0.9962,50.0,50.0,2020-04-03,PRICE_PERCENTILE
2020-04-10,沪深300,3769.178,1.2637,26.15,50.0,2009-07-10,PRICE_PERCENTILE
2020-04-10,消费,16906.544,2.1104,95.38,50.0,2015-03-24,PRICE_PERCENTILE
2020-04-10,科技,1949.885,1.9852,49.23,50.0,2011-09-20,PRICE_PERCENTILE
2020-04-13,医药,11305.671,1.2052,98.48,50.0,2019-03-26,PRICE_PERCENTILE
2020-04-13,新能源,1747.146,0.9937,50.0,50.0,2020-04-03,PRICE_PERCENTILE
2020-04-13,沪深300,3753.257,1.2587,25.76,50.0,2009-07-10,PRICE_PERCENTILE
2020-04-13,消费,16748.85,2.0917,87.88,50.0,2015-03-24,PRICE_PERCENTILE
2020-04-13,科技,1923.081,1.9597,36.36,50.0,2011-09-20,PRICE_PERCENTILE
2020-04-14,医药,11531.344,1.2278,100.0,50.0,2019-03-26,PRICE_PERCENTILE
2020-04-14,新能源,1829.196,1.0156,50.0,50.0,2020-04-03,PRICE_PERCENTILE
2020-04-14,沪深300,3825.699,1.2816,34.33,50.0,2009-07-10,PRICE_PERCENTILE
2020-04-14,消费,17083.573,2.1311,98.51,50.0,2015-03-24,PRICE_PERCENTILE
2020-04-14,科技,1985.426,2.0183,56.72,50.0,2011-09-20,PRICE_PERCENTILE
2020-04-15,医药,11518.252,1.2264,98.53,50.0,2019-03-26,PRICE_PERCENTILE
2020-04-15,新能源,1829.063,1.0164,50.0,50.0,2020-04-03,PRICE_PERCENTILE
2020-04-15,沪深300,3797.362,1.2726,32.35,50.0,2009-07-10,PRICE_PERCENTILE
2020-04-15,消费,16913.564,2.1111,94.12,50.0,2015-03-24,PRICE_PERCENTILE
2020-04-15,科技,1977.515,2.0108,54.41,50.0,2011-09-20,PRICE_PERCENTILE
2020-04-16,医药,11629.101,1.2375,100.0,50.0,2019-03-26,PRICE_PERCENTILE
2020-04-16,新能源,1845.79,1.0198,50.0,50.0,2020-04-03,PRICE_PERCENTILE
2020-04-16,沪深300,3802.381,1.2743,34.78,50.0,2009-07-10,PRICE_PERCENTILE
2020-04-16,消费,16821.797,2.101,88.41,50.0,2015-03-24,PRICE_PERCENTILE
2020-04-16,科技,2008.388,2.0403,60.87,50.0,2011-09-20,PRICE_PERCENTILE
2020-04-17,医药,11519.011,1.2266,97.14,50.0,2019-03-26,PRICE_PERCENTILE
2020-04-17,新能源,1859.832,1.0224,50.0,50.0,2020-04-03,PRICE_PERCENTILE
2020-04-17,沪深300,3839.487,1.286,38.57,50.0,2009-07-10,PRICE_PERCENTILE
2020-04-17,消费,16989.812,2.1208,95.71,50.0,2015-03-24,PRICE_PERCENTILE
2020-04-17,科技,2020.77,2.0522,64.29,50.0,2011-09-20,PRICE_PERCENTILE
2020-04-20,医药,11660.85,1.2413,100.0,50.0,2019-03-26,PRICE_PERCENTILE
2020-04-20,新能源,1869.932,1.0239,50.0,50.0,2020-04-03,PRICE_PERCENTILE
2020-04-20,沪深300,3853.455,1.2905,39.44,50.0,2009-07-10,PRICE_PERCENTILE
2020-04-20,消费,17091.975,2.1334,98.59,50.0,2015-03-24,PRICE_PERCENTILE
2020-04-20,科技,2043.437,2.074,69.01,50.0,2011-09-20,PRICE_PERCENTILE
2020-04-21,医药,11533.763,1.2284,97.22,50.0,2019-03-26,PRICE_PERCENTILE
2020-04-21,新能源,1838.312,1.0149,50.0,50.0,2020-04-03,PRICE_PERCENTILE
2020-04-21,沪深300,3808.047,1.2761,34.72,50.0,2009-07-10,PRICE_PERCENTILE
2020-04-21,消费,16864.287,2.1064,87.5,50.0,2015-03-24,PRICE_PERCENTILE
2020-04-21,科技,2023.942,2.055,63.89,50.0,2011-09-20,PRICE_PERCENTILE
2020-04-22,医药,11712.741,1.2462,100.0,50.0,2019-03-26,PRICE_PERCENTILE
2020-04-22,新能源,1849.718,1.0167,50.0,50.0,2020-04-03,PRICE_PERCENTILE
2020-04-22,沪深300,3839.383,1.2861,38.36,50.0,2009-07-10,PRICE_PERCENTILE
2020-04-22,消费,17390.645,2.1684,100.0,50.0,2015-03-24,PRICE_PERCENTILE
2020-04-22,科技,2043.171,2.0735,68.49,50.0,2011-09-20,PRICE_PERCENTILE
2020-04-23,医药,11742.05,1.2493,100.0,50.0,2019-03-26,PRICE_PERCENTILE
2020-04-23,新能源,1821.723,1.0108,50.0,50.0,2020-04-03,PRICE_PERCENTILE
2020-04-23,沪深300,3829.753,1.283,37.84,50.0,2009-07-10,PRICE_PERCENTILE
2020-04-23,消费,17446.444,2.175,100.0,50.0,2015-03-24,PRICE_PERCENTILE
2020-04-23,科技,2029.524,2.0605,64.86,50.0,2011-09-20,PRICE_PERCENTILE
2020-04-24,医药,11492.52,1.2245,89.33,50.0,2019-03-26,PRICE_PERCENTILE
2020-04-24,新能源,1816.469,1.0117,50.0,50.0,2020-04-03,PRICE_PERCENTILE
2020-04-24,沪深300,3796.972,1.2727,29.33,50.0,2009-07-10,PRICE_PERCENTILE
2020-04-24,消费,17476.368,2.1785,100.0,50.0,2015-03-24,PRICE_PERCENTILE
2020-04-24,科技,2003.748,2.0359,56.0,50.0,2011-09-20,PRICE_PERCENTILE
2020-04-27,医药,11634.02,1.2387,96.05,50.0,2019-03-26,PRICE_PERCENTILE
2020-04-27,新能源,1808.954,1.0132,50.0,50.0,2020-04-03,PRICE_PERCENTILE
2020-04-27,沪深300,3822.769,1.281,35.53,50.0,2009-07-10,PRICE_PERCENTILE
2020-04-27,消费,17610.979,2.1943,100.0,50.0,2015-03-24,PRICE_PERCENTILE
2020-04-27,科技,2018.666,2.0501,60.53,50.0,2011-09-20,PRICE_PERCENTILE
2020-04-28,医药,11630.919,1.2381,94.81,50.0,2019-03-26,PRICE_PERCENTILE
2020-04-28,新能源,1805.533,1.0161,50.0,50.0,2020-04-03,PRICE_PERCENTILE
2020-04-28,沪深300,3849.147,1.2893,42.86,50.0,2009-07-10,PRICE_PERCENTILE
2020-04-28,消费,17909.536,2.2297,100.0,50.0,2015-03-24,PRICE_PERCENTILE
2020-04-28,科技,2030.724,2.0616,67.53,50.0,2011-09-20,PRICE_PERCENTILE
2020-04-29,医药,11488.576,1.2236,85.9,50.0,2019-03-26,PRICE_PERCENTILE
2020-04-29,新能源,1796.478,1.0153,50.0,50.0,2020-04-03,PRICE_PERCENTILE
2020-04-29,沪深300,3867.032,1.2951,44.87,50.0,2009-07-10,PRICE_PERCENTILE
2020-04-29,消费,17530.52,2.1854,97.44,50.0,2015-03-24,PRICE_PERCENTILE
2020-04-29,科技,2030.477,2.0616,65.38,50.0,2011-09-20,PRICE_PERCENTILE
2020-04-30,医药,11447.095,1.219,84.81,50.0,2019-03-26,PRICE_PERCENTILE
2020-04-30,新能源,1874.927,1.0442,50.0,50.0,2020-04-03,PRICE_PERCENTILE
2020-04-30,沪深300,3912.577,1.3097,49.37,50.0,2009-07-10,PRICE_PERCENTILE
2020-04-30,消费,17446.716,2.1759,94.94,50.0,2015-03-24,PRICE_PERCENTILE
2020-04-30,科技,2069.432,2.0989,75.95,50.0,2011-09-20,PRICE_PERCENTILE
2020-05-06,医药,11681.18,1.2421,97.5,50.0,2019-03-26,PRICE_PERCENTILE
2020-05-06,新能源,1934.683,1.0589,50.0,50.0,2020-04-03,PRICE_PERCENTILE
2020-05-06,沪深300,3936.254,1.3171,51.25,50.0,2009-07-10,PRICE_PERCENTILE
2020-05-06,消费,17616.861,2.196,98.75,50.0,2015-03-24,PRICE_PERCENTILE
2020-05-06,科技,2110.267,2.1375,81.25,50.0,2011-09-20,PRICE_PERCENTILE
2020-05-07,医药,11721.441,1.2463,98.77,50.0,2019-03-26,PRICE_PERCENTILE
2020-05-07,新能源,1931.821,1.0572,95.0,50.0,2020-04-03,PRICE_PERCENTILE
2020-05-07,沪深300,3924.895,1.3136,50.62,50.0,2009-07-10,PRICE_PERCENTILE
2020-05-07,消费,17818.67,2.2208,98.77,50.0,2015-03-24,PRICE_PERCENTILE
2020-05-07,科技,2106.842,2.1343,80.25,50.0,2011-09-20,PRICE_PERCENTILE
2020-05-08,医药,11814.806,1.256,100.0,50.0,2019-03-26,PRICE_PERCENTILE
2020-05-08,新能源,1955.768,1.0647,100.0,50.0,2020-04-03,PRICE_PERCENTILE
2020-05-08,沪深300,3963.622,1.3273,57.32,50.0,2009-07-10,PRICE_PERCENTILE
2020-05-08,消费,17910.684,2.2316,100.0,50.0,2015-03-24,PRICE_PERCENTILE
2020-05-08,科技,2125.243,2.1518,81.71,50.0,2011-09-20,PRICE_PERCENTILE
2020-05-11,医药,11686.853,1.2425,95.18,50.0,2019-03-26,PRICE_PERCENTILE
2020-05-11,新能源,1934.463,1.0553,90.91,50.0,2020-04-03,PRICE_PERCENTILE
2020-05-11,沪深300,3960.18,1.3262,56.63,50.0,2009-07-10,PRICE_PERCENTILE
2020-05-11,消费,17687.354,2.2053,96.39,50.0,2015-03-24,PRICE_PERCENTILE
2020-05-11,科技,2102.825,2.1304,78.31,50.0,2011-09-20,PRICE_PERCENTILE
2020-05-12,医药,11828.614,1.2569,100.0,50.0,2019-03-26,PRICE_PERCENTILE
2020-05-12,新能源,1935.0,1.0601,95.65,50.0,2020-04-03,PRICE_PERCENTILE
2020-05-12,沪深300,3960.238,1.3263,57.14,50.0,2009-07-10,PRICE_PERCENTILE
2020-05-12,消费,17858.427,2.2254,97.62,50.0,2015-03-24,PRICE_PERCENTILE
2020-05-12,科技,2124.15,2.1508,80.95,50.0,2011-09-20,PRICE_PERCENTILE
2020-05-13,医药,11997.981,1.2738,100.0,50.0,2019-03-26,PRICE_PERCENTILE
2020-05-13,新能源,1938.868,1.0648,95.83,50.0,2020-04-03,PRICE_PERCENTILE
2020-05-13,沪深300,3968.253,1.3289,58.82,50.0,2009-07-10,PRICE_PERCENTILE
2020-05-13,消费,18087.844,2.2523,100.0,50.0,2015-03-24,PRICE_PERCENTILE
2020-05-13,科技,2140.681,2.1666,84.71,50.0,2011-09-20,PRICE_PERCENTILE
2020-05-14,医药,11885.431,1.2624,98.84,50.0,2019-03-26,PRICE_PERCENTILE
2020-05-14,新能源,1909.951,1.0519,76.0,50.0,2020-04-03,PRICE_PERCENTILE
2020-05-14,沪深300,3925.218,1.3151,48.84,50.0,2009-07-10,PRICE_PERCENTILE
2020-05-14,消费,17831.278,2.2221,95.35,50.0,2015-03-24,PRICE_PERCENTILE
2020-05-14,科技,2117.647,2.1447,79.07,50.0,2011-09-20,PRICE_PERCENTILE
2020-05-15,医药,11800.711,1.2537,95.4,50.0,2019-03-26,PRICE_PERCENTILE
2020-05-15,新能源,1933.552,1.0662,80.77,50.0,2020-04-03,PRICE_PERCENTILE
2020-05-15,沪深300,3912.816,1.3114,45.98,50.0,2009-07-10,PRICE_PERCENTILE
2020-05-15,消费,17708.885,2.2079,93.1,50.0,2015-03-24,PRICE_PERCENTILE
2020-05-15,科技,2124.311,2.1519,80.46,50.0,2011-09-20,PRICE_PERCENTILE
2020-05-18,医药,11953.364,1.269,98.86,50.0,2019-03-26,PRICE_PERCENTILE
2020-05-18,新能源,1889.734,1.0466,70.37,50.0,2020-04-03,PRICE_PERCENTILE
2020-05-18,沪深300,3922.912,1.3146,47.73,50.0,2009-07-10,PRICE_PERCENTILE
2020-05-18,消费,18173.136,2.2621,100.0,50.0,2015-03-24,PRICE_PERCENTILE
2020-05-18,科技,2114.858,2.1429,77.27,50.0,2011-09-20,PRICE_PERCENTILE
2020-05-19,医药,12049.651,1.2787,100.0,50.0,2019-03-26,PRICE_PERCENTILE
2020-05-19,新能源,1911.894,1.0578,75.0,50.0,2020-04-03,PRICE_PERCENTILE
2020-05-19,沪深300,3956.25,1.3252,55.06,50.0,2009-07-10,PRICE_PERCENTILE
2020-05-19,消费,18184.749,2.2634,100.0,50.0,2015-03-24,PRICE_PERCENTILE
2020-05-19,科技,2144.121,2.171,85.39,50.0,2011-09-20,PRICE_PERCENTILE
2020-05-20,医药,11878.049,1.2619,95.56,50.0,2019-03-26,PRICE_PERCENTILE
2020-05-20,新能源,1934.343,1.0793,82.76,50.0,2020-04-03,PRICE_PERCENTILE
2020-05-20,沪深300,3935.222,1.3188,50.0,50.0,2009-07-10,PRICE_PERCENTILE
2020-05-20,消费,18007.111,2.243,96.67,50.0,2015-03-24,PRICE_PERCENTILE
2020-05-20,科技,2118.119,2.1463,77.78,50.0,2011-09-20,PRICE_PERCENTILE
2020-05-21,医药,11939.635,1.2681,96.7,50.0,2019-03-26,PRICE_PERCENTILE
2020-05-21,新能源,1893.298,1.0546,66.67,50.0,2020-04-03,PRICE_PERCENTILE
2020-05-21,沪深300,3913.795,1.3119,45.05,50.0,2009-07-10,PRICE_PERCENTILE
2020-05-21,消费,17966.264,2.2382,95.6,50.0,2015-03-24,PRICE_PERCENTILE
2020-05-21,科技,2099.432,2.1285,70.33,50.0,2011-09-20,PRICE_PERCENTILE
2020-05-22,医药,11623.434,1.2364,80.43,50.0,2019-03-26,PRICE_PERCENTILE
2020-05-22,新能源,1857.038,1.0314,51.61,50.0,2020-04-03,PRICE_PERCENTILE
2020-05-22,沪深300,3824.064,1.2836,30.43,50.0,2009-07-10,PRICE_PERCENTILE
2020-05-22,消费,17499.39,2.1844,83.7,50.0,2015-03-24,PRICE_PERCENTILE
2020-05-22,科技,2046.596,2.0784,63.04,50.0,2011-09-20,PRICE_PERCENTILE
2020-05-25,医药,11762.606,1.2509,90.32,50.0,2019-03-26,PRICE_PERCENTILE
2020-05-25,新能源,1847.841,1.0274,46.88,50.0,2020-04-03,PRICE_PERCENTILE
2020-05-25,沪深300,3829.325,1.2853,33.33,50.0,2009-07-10,PRICE_PERCENTILE
2020-05-25,消费,17876.039,2.2295,92.47,50.0,2015-03-24,PRICE_PERCENTILE
2020-05-25,科技,2052.302,2.084,63.44,50.0,2011-09-20,PRICE_PERCENTILE
2020-05-26,医药,12018.694,1.2768,98.94,50.0,2019-03-26,PRICE_PERCENTILE
2020-05-26,新能源,1903.055,1.059,69.7,50.0,2020-04-03,PRICE_PERCENTILE
2020-05-26,沪深300,3872.77,1.2992,40.43,50.0,2009-07-10,PRICE_PERCENTILE
2020-05-26,消费,17946.462,2.239,94.68,50.0,2015-03-24,PRICE_PERCENTILE
2020-05-26,科技,2112.973,2.142,75.53,50.0,2011-09-20,PRICE_PERCENTILE
2020-05-27,医药,11789.093,1.2529,89.47,50.0,2019-03-26,PRICE_PERCENTILE
2020-05-27,新能源,1907.841,1.0635,70.59,50.0,2020-04-03,PRICE_PERCENTILE
2020-05-27,沪深300,3845.614,1.2906,36.84,50.0,2009-07-10,PRICE_PERCENTILE
2020-05-27,消费,17769.036,2.2184,87.37,50.0,2015-03-24,PRICE_PERCENTILE
2020-05-27,科技,2071.473,2.1024,66.32,50.0,2011-09-20,PRICE_PERCENTILE
2020-05-28,医药,11647.506,1.239,81.25,50.0,2019-03-26,PRICE_PERCENTILE
2020-05-28,新能源,1904.923,1.0581,68.57,50.0,2020-04-03,PRICE_PERCENTILE
2020-05-28,沪深300,3856.632,1.2944,39.58,50.0,2009-07-10,PRICE_PERCENTILE
2020-05-28,消费,17699.518,2.2103,85.42,50.0,2015-03-24,PRICE_PERCENTILE
2020-05-28,科技,2054.964,2.0869,62.5,50.0,2011-09-20,PRICE_PERCENTILE
2020-05-29,医药,11862.122,1.2605,92.78,50.0,2019-03-26,PRICE_PERCENTILE
2020-05-29,新能源,1927.838,1.0718,77.78,50.0,2020-04-03,PRICE_PERCENTILE
2020-05-29,沪深300,3867.023,1.2986,40.21,50.0,2009-07-10,PRICE_PERCENTILE
2020-05-29,消费,17971.901,2.2427,95.88,50.0,2015-03-24,PRICE_PERCENTILE
2020-05-29,科技,2086.666,2.1176,69.07,50.0,2011-09-20,PRICE_PERCENTILE
2020-06-01,医药,12089.118,1.2834,100.0,50.0,2019-03-26,PRICE_PERCENTILE
2020-06-01,新能源,1999.234,1.1048,100.0,50.0,2020-04-03,PRICE_PERCENTILE
2020-06-01,沪深300,3971.34,1.3319,64.29,50.0,2009-07-10,PRICE_PERCENTILE
2020-06-01,消费,18437.834,2.2978,100.0,50.0,2015-03-24,PRICE_PERCENTILE
2020-06-01,科技,2158.223,2.1861,88.78,50.0,2011-09-20,PRICE_PERCENTILE
2020-06-02,医药,11935.505,1.2679,93.94,50.0,2019-03-26,PRICE_PERCENTILE
2020-06-02,半导体,3507.969,1.0,50.0,50.0,2020-06-02,PRICE_PERCENTILE
2020-06-02,新能源,1994.094,1.1026,97.37,50.0,2020-04-03,PRICE_PERCENTILE
2020-06-02,沪深300,3983.568,1.3365,64.65,50.0,2009-07-10,PRICE_PERCENTILE
2020-06-02,消费,18327.171,2.2848,98.99,50.0,2015-03-24,PRICE_PERCENTILE
2020-06-02,科技,2145.286,2.1736,85.86,50.0,2011-09-20,PRICE_PERCENTILE
2020-06-03,医药,12031.377,1.2776,98.0,50.0,2019-03-26,PRICE_PERCENTILE
2020-06-03,新能源,1998.972,1.102,97.44,50.0,2020-04-03,PRICE_PERCENTILE
2020-06-03,沪深300,3983.648,1.3368,65.0,50.0,2009-07-10,PRICE_PERCENTILE
2020-06-03,消费,18228.358,2.2731,98.0,50.0,2015-03-24,PRICE_PERCENTILE
2020-06-03,科技,2143.117,2.1714,84.0,50.0,2011-09-20,PRICE_PERCENTILE
2020-06-04,医药,12104.693,1.2855,100.0,50.0,2019-03-26,PRICE_PERCENTILE
2020-06-04,新能源,2026.888,1.125,100.0,50.0,2020-04-03,PRICE_PERCENTILE
2020-06-04,沪深300,3982.185,1.3365,63.37,50.0,2009-07-10,PRICE_PERCENTILE
2020-06-04,消费,18372.435,2.2907,99.01,50.0,2015-03-24,PRICE_PERCENTILE
2020-06-04,科技,2151.385,2.1797,88.12,50.0,2011-09-20,PRICE_PERCENTILE
2020-06-05,医药,12165.233,1.2928,100.0,50.0,2019-03-26,PRICE_PERCENTILE
2020-06-05,半导体,3453.841,1.0021,50.0,50.0,2020-06-02,PRICE_PERCENTILE
2020-06-05,新能源,2019.128,1.1285,97.56,50.0,2020-04-03,PRICE_PERCENTILE
2020-06-05,沪深300,4001.251,1.3427,68.63,50.0,2009-07-10,PRICE_PERCENTILE
2020-06-05,消费,18350.19,2.2881,98.04,50.0,2015-03-24,PRICE_PERCENTILE
2020-06-05,科技,2166.375,2.194,89.22,50.0,2011-09-20,PRICE_PERCENTILE
2020-06-08,医药,12058.978,1.282,97.09,50.0,2019-03-26,PRICE_PERCENTILE
2020-06-08,半导体,3451.248,0.9987,50.0,50.0,2020-06-02,PRICE_PERCENTILE
2020-06-08,新能源,2026.335,1.1322,97.62,50.0,2020-04-03,PRICE_PERCENTILE
2020-06-08,沪深300,4021.955,1.3495,69.9,50.0,2009-07-10,PRICE_PERCENTILE
2020-06-08,消费,18455.267,2.3005,100.0,50.0,2015-03-24,PRICE_PERCENTILE
2020-06-08,科技,2153.564,2.1818,87.38,50.0,2011-09-20,PRICE_PERCENTILE
2020-06-09,医药,12290.51,1.3054,100.0,50.0,2019-03-26,PRICE_PERCENTILE
2020-06-09,半导体,3461.076,1.0025,50.0,50.0,2020-06-02,PRICE_PERCENTILE
2020-06-09,新能源,2040.482,1.1429,100.0,50.0,2020-04-03,PRICE_PERCENTILE
2020-06-09,沪深300,4047.029,1.3577,71.15,50.0,2009-07-10,PRICE_PERCENTILE
2020-06-09,消费,18611.956,2.3188,100.0,50.0,2015-03-24,PRICE_PERCENTILE
2020-06-09,科技,2181.589,2.2086,93.27,50.0,2011-09-20,PRICE_PERCENTILE
2020-06-10,医药,12491.549,1.3254,100.0,50.0,2019-03-26,PRICE_PERCENTILE
2020-06-10,半导体,3433.183,1.0006,50.0,50.0,2020-06-02,PRICE_PERCENTILE
2020-06-10,新能源,2053.415,1.1509,100.0,50.0,2020-04-03,PRICE_PERCENTILE
2020-06-10,沪深300,4039.705,1.3565,70.48,50.0,2009-07-10,PRICE_PERCENTILE
2020-06-10,消费,18577.92,2.3225,99.05,50.0,2015-03-24,PRICE_PERCENTILE
2020-06-10,科技,2201.988,2.2283,96.19,50.0,2011-09-20,PRICE_PERCENTILE
2020-06-11,医药,12375.977,1.3139,99.06,50.0,2019-03-26,PRICE_PERCENTILE
2020-06-11,半导体,3408.21,0.9945,50.0,50.0,2020-06-02,PRICE_PERCENTILE
2020-06-11,新能源,2074.862,1.151,100.0,50.0,2020-04-03,PRICE_PERCENTILE
2020-06-11,沪深300,3995.885,1.3439,65.09,50.0,2009-07-10,PRICE_PERCENTILE
2020-06-11,消费,18197.857,2.2827,92.45,50.0,2015-03-24,PRICE_PERCENTILE
2020-06-11,科技,2195.638,2.227,94.34,50.0,2011-09-20,PRICE_PERCENTILE
2020-06-12,医药,12526.258,1.3257,100.0,50.0,2019-03-26,PRICE_PERCENTILE
2020-06-12,半导体,3396.776,0.9854,50.0,50.0,2020-06-02,PRICE_PERCENTILE
2020-06-12,新能源,2050.052,1.1362,95.65,50.0,2020-04-03,PRICE_PERCENTILE
2020-06-12,沪深300,4003.083,1.3454,67.29,50.0,2009-07-10,PRICE_PERCENTILE
2020-06-12,消费,18323.12,2.2926,93.46,50.0,2015-03-24,PRICE_PERCENTILE
2020-06-12,科技,2206.764,2.2392,96.26,50.0,2011-09-20,PRICE_PERCENTILE
2020-06-15,医药,12657.461,1.3382,100.0,50.0,2019-03-26,PRICE_PERCENTILE
2020-06-15,半导体,3380.97,0.9685,50.0,50.0,2020-06-02,PRICE_PERCENTILE
2020-06-15,新能源,2047.501,1.1353,93.62,50.0,2020-04-03,PRICE_PERCENTILE
2020-06-15,沪深300,3954.988,1.33,52.78,50.0,2009-07-10,PRICE_PERCENTILE
2020-06-15,消费,18184.079,2.2759,89.81,50.0,2015-03-24,PRICE_PERCENTILE
2020-06-15,科技,2219.55,2.2517,97.22,50.0,2011-09-20,PRICE_PERCENTILE
2020-06-16,医药,12909.615,1.3634,100.0,50.0,2019-03-26,PRICE_PERCENTILE
2020-06-16,半导体,3424.942,0.98,50.0,50.0,2020-06-02,PRICE_PERCENTILE
2020-06-16,新能源,2094.204,1.1531,100.0,50.0,2020-04-03,PRICE_PERCENTILE
2020-06-16,沪深300,4014.57,1.3491,68.81,50.0,2009-07-10,PRICE_PERCENTILE
2020-06-16,消费,18376.832,2.2987,96.33,50.0,2015-03-24,PRICE_PERCENTILE
2020-06-16,科技,2260.458,2.2913,98.17,50.0,2011-09-20,PRICE_PERCENTILE
2020-06-17,医药,13224.686,1.3953,100.0,50.0,2019-03-26,PRICE_PERCENTILE
2020-06-17,半导体,3420.408,0.9713,50.0,50.0,2020-06-02,PRICE_PERCENTILE
2020-06-17,新能源,2074.088,1.1379,95.92,50.0,2020-04-03,PRICE_PERCENTILE
2020-06-17,沪深300,4017.594,1.3503,69.09,50.0,2009-07-10,PRICE_PERCENTILE
2020-06-17,消费,18416.565,2.3034,96.36,50.0,2015-03-24,PRICE_PERCENTILE
2020-06-17,科技,2263.961,2.2948,98.18,50.0,2011-09-20,PRICE_PERCENTILE
2020-06-18,医药,13012.968,1.3744,99.1,50.0,2019-03-26,PRICE_PERCENTILE
2020-06-18,半导体,3449.358,0.9906,50.0,50.0,2020-06-02,PRICE_PERCENTILE
2020-06-18,新能源,2096.727,1.1461,100.0,50.0,2020-04-03,PRICE_PERCENTILE
2020-06-18,沪深300,4044.384,1.3594,72.07,50.0,2009-07-10,PRICE_PERCENTILE
2020-06-18,消费,18554.252,2.3206,98.2,50.0,2015-03-24,PRICE_PERCENTILE
2020-06-18,科技,2266.032,2.2967,99.1,50.0,2011-09-20,PRICE_PERCENTILE
2020-06-19,医药,13336.696,1.4063,100.0,50.0,2019-03-26,PRICE_PERCENTILE
2020-06-19,半导体,3456.0,1.0068,50.0,50.0,2020-06-02,PRICE_PERCENTILE
2020-06-19,新能源,2149.655,1.1848,100.0,50.0,2020-04-03,PRICE_PERCENTILE
2020-06-19,沪深300,4098.71,1.3774,80.36,50.0,2009-07-10,PRICE_PERCENTILE
2020-06-19,消费,19001.775,2.3743,100.0,50.0,2015-03-24,PRICE_PERCENTILE
2020-06-19,科技,2319.449,2.3479,100.0,50.0,2011-09-20,PRICE_PERCENTILE
2020-06-22,医药,13374.286,1.41,100.0,50.0,2019-03-26,PRICE_PERCENTILE
2020-06-22,半导体,3433.73,1.047,50.0,50.0,2020-06-02,PRICE_PERCENTILE
2020-06-22,新能源,2164.601,1.1965,100.0,50.0,2020-04-03,PRICE_PERCENTILE
2020-06-22,沪深300,4102.046,1.3789,80.53,50.0,2009-07-10,PRICE_PERCENTILE
2020-06-22,消费,18943.991,2.3722,99.12,50.0,2015-03-24,PRICE_PERCENTILE
2020-06-22,科技,2342.88,2.3703,100.0,50.0,2011-09-20,PRICE_PERCENTILE
2020-06-23,医药,13643.585,1.4368,100.0,50.0,2019-03-26,PRICE_PERCENTILE
2020-06-23,半导体,3403.189,1.0498,50.0,50.0,2020-06-02,PRICE_PERCENTILE
2020-06-23,新能源,2162.137,1.2032,98.11,50.0,2020-04-03,PRICE_PERCENTILE
2020-06-23,沪深300,4121.794,1.3854,83.33,50.0,2009-07-10,PRICE_PERCENTILE
2020-06-23,消费,19217.762,2.4046,100.0,50.0,2015-03-24,PRICE_PERCENTILE
2020-06-23,科技,2382.047,2.4075,100.0,50.0,2011-09-20,PRICE_PERCENTILE
2020-06-24,医药,13537.589,1.4265,99.13,50.0,2019-03-26,PRICE_PERCENTILE
2020-06-24,半导体,3381.954,1.0654,50.0,50.0,2020-06-02,PRICE_PERCENTILE
2020-06-24,新能源,2150.544,1.1976,96.3,50.0,2020-04-03,PRICE_PERCENTILE
2020-06-24,沪深300,4138.99,1.393,87.83,50.0,2009-07-10,PRICE_PERCENTILE
2020-06-24,消费,19221.377,2.4117,100.0,50.0,2015-03-24,PRICE_PERCENTILE
2020-06-24,科技,2382.473,2.4079,100.0,50.0,2011-09-20,PRICE_PERCENTILE
2020-06-29,医药,13655.261,1.4384,100.0,50.0,2019-03-26,PRICE_PERCENTILE
2020-06-29,半导体,3346.845,1.0459,50.0,50.0,2020-06-02,PRICE_PERCENTILE
2020-06-29,新能源,2139.01,1.1914,92.73,50.0,2020-04-03,PRICE_PERCENTILE
2020-06-29,沪深300,4109.716,1.3836,79.31,50.0,2009-07-10,PRICE_PERCENTILE
2020-06-29,消费,19324.479,2.4237,100.0,50.0,2015-03-24,PRICE_PERCENTILE
2020-06-29,科技,2372.536,2.3982,98.28,50.0,2011-09-20,PRICE_PERCENTILE
2020-06-30,医药,13889.512,1.4616,100.0,50.0,2019-03-26,PRICE_PERCENTILE
2020-06-30,半导体,3357.535,1.069,50.0,50.0,2020-06-02,PRICE_PERCENTILE
2020-06-30,新能源,2156.817,1.2031,96.43,50.0,2020-04-03,PRICE_PERCENTILE
2020-06-30,沪深300,4163.964,1.4023,94.87,50.0,2009-07-10,PRICE_PERCENTILE
2020-06-30,消费,19599.047,2.4564,100.0,50.0,2015-03-24,PRICE_PERCENTILE
2020-06-30,科技,2438.197,2.4608,100.0,50.0,2011-09-20,PRICE_PERCENTILE
2020-07-01,医药,13678.729,1.4406,99.15,50.0,2019-03-26,PRICE_PERCENTILE
2020-07-01,半导体,3425.343,1.083,50.0,50.0,2020-06-02,PRICE_PERCENTILE
2020-07-01,新能源,2163.283,1.2059,98.25,50.0,2020-04-03,PRICE_PERCENTILE
2020-07-01,沪深300,4247.784,1.429,100.0,50.0,2009-07-10,PRICE_PERCENTILE
2020-07-01,消费,20208.697,2.5288,100.0,50.0,2015-03-24,PRICE_PERCENTILE
2020-07-01,科技,2419.629,2.4431,99.15,50.0,2011-09-20,PRICE_PERCENTILE
2020-07-02,医药,13594.954,1.4324,96.64,50.0,2019-03-26,PRICE_PERCENTILE
2020-07-02,半导体,3499.441,1.1074,50.0,50.0,2020-06-02,PRICE_PERCENTILE
2020-07-02,新能源,2172.398,1.2038,100.0,50.0,2020-04-03,PRICE_PERCENTILE
2020-07-02,沪深300,4335.845,1.4573,100.0,50.0,2009-07-10,PRICE_PERCENTILE
2020-07-02,消费,20540.823,2.5686,100.0,50.0,2015-03-24,PRICE_PERCENTILE
2020-07-02,科技,2424.393,2.4474,99.16,50.0,2011-09-20,PRICE_PERCENTILE
2020-07-03,医药,13766.281,1.4497,99.17,50.0,2019-03-26,PRICE_PERCENTILE
2020-07-03,半导体,3562.86,1.1143,100.0,50.0,2020-06-02,PRICE_PERCENTILE
2020-07-03,新能源,2223.014,1.2245,100.0,50.0,2020-04-03,PRICE_PERCENTILE
2020-07-03,沪深300,4419.596,1.484,100.0,50.0,2009-07-10,PRICE_PERCENTILE
2020-07-03,消费,20523.64,2.5665,99.17,50.0,2015-03-24,PRICE_PERCENTILE
2020-07-03,科技,2462.563,2.4838,100.0,50.0,2011-09-20,PRICE_PERCENTILE
2020-07-06,医药,13812.998,1.4543,99.17,50.0,2019-03-26,PRICE_PERCENTILE
2020-07-06,半导体,3797.48,1.1973,100.0,50.0,2020-06-02,PRICE_PERCENTILE
2020-07-06,新能源,2318.816,1.2618,100.0,50.0,2020-04-03,PRICE_PERCENTILE
2020-07-06,沪深300,4670.095,1.5635,100.0,50.0,2009-07-10,PRICE_PERCENTILE
2020-07-06,消费,21217.716,2.6491,100.0,50.0,2015-03-24,PRICE_PERCENTILE
2020-07-06,科技,2529.487,2.5477,100.0,50.0,2011-09-20,PRICE_PERCENTILE
2020-07-07,医药,14142.034,1.4875,100.0,50.0,2019-03-26,PRICE_PERCENTILE
2020-07-07,半导体,3782.555,1.2159,95.45,50.0,2020-06-02,PRICE_PERCENTILE
2020-07-07,新能源,2414.396,1.3153,100.0,50.0,2020-04-03,PRICE_PERCENTILE
2020-07-07,沪深300,4698.126,1.5728,100.0,50.0,2009-07-10,PRICE_PERCENTILE
2020-07-07,消费,21689.242,2.706,100.0,50.0,2015-03-24,PRICE_PERCENTILE
2020-07-07,科技,2591.263,2.6063,100.0,50.0,2011-09-20,PRICE_PERCENTILE
2020-07-08,医药,14171.201,1.4902,100.0,50.0,2019-03-26,PRICE_PERCENTILE
2020-07-08,半导体,3882.457,1.2454,100.0,50.0,2020-06-02,PRICE_PERCENTILE
2020-07-08,新能源,2457.335,1.3295,100.0,50.0,2020-04-03,PRICE_PERCENTILE
2020-07-08,沪深300,4774.004,1.5972,100.0,50.0,2009-07-10,PRICE_PERCENTILE
2020-07-08,消费,21854.255,2.7262,100.0,50.0,2015-03-24,PRICE_PERCENTILE
2020-07-08,科技,2651.969,2.6639,100.0,50.0,2011-09-20,PRICE_PERCENTILE
2020-07-09,医药,14656.648,1.5389,100.0,50.0,2019-03-26,PRICE_PERCENTILE
2020-07-09,半导体,3912.675,1.291,100.0,50.0,2020-06-02,PRICE_PERCENTILE
2020-07-09,新能源,2513.347,1.3531,100.0,50.0,2020-04-03,PRICE_PERCENTILE
2020-07-09,沪深300,4840.771,1.6186,100.0,50.0,2009-07-10,PRICE_PERCENTILE
2020-07-09,消费,22245.363,2.7738,100.0,50.0,2015-03-24,PRICE_PERCENTILE
2020-07-09,科技,2757.653,2.7639,100.0,50.0,2011-09-20,PRICE_PERCENTILE
2020-07-10,医药,14847.179,1.5578,100.0,50.0,2019-03-26,PRICE_PERCENTILE
2020-07-10,半导体,3840.158,1.3028,92.0,50.0,2020-06-02,PRICE_PERCENTILE
2020-07-10,新能源,2516.869,1.3507,100.0,50.0,2020-04-03,PRICE_PERCENTILE
2020-07-10,沪深300,4753.133,1.5926,98.4,50.0,2009-07-10,PRICE_PERCENTILE
2020-07-10,消费,22299.356,2.7808,100.0,50.0,2015-03-24,PRICE_PERCENTILE
2020-07-10,科技,2778.457,2.7832,100.0,50.0,2011-09-20,PRICE_PERCENTILE
2020-07-13,医药,15444.316,1.6183,100.0,50.0,2019-03-26,PRICE_PERCENTILE
2020-07-13,半导体,3943.285,1.3489,100.0,50.0,2020-06-02,PRICE_PERCENTILE
2020-07-13,新能源,2643.904,1.4106,100.0,50.0,2020-04-03,PRICE_PERCENTILE
2020-07-13,沪深300,4852.961,1.6253,100.0,50.0,2009-07-10,PRICE_PERCENTILE
2020-07-13,消费,23236.146,2.8919,100.0,50.0,2015-03-24,PRICE_PERCENTILE
2020-07-13,科技,2889.427,2.887,100.0,50.0,2011-09-20,PRICE_PERCENTILE
2020-07-14,医药,15434.154,1.617,99.21,50.0,2019-03-26,PRICE_PERCENTILE
2020-07-14,半导体,3919.126,1.3335,96.3,50.0,2020-06-02,PRICE_PERCENTILE
2020-07-14,新能源,2562.867,1.3695,98.48,50.0,2020-04-03,PRICE_PERCENTILE
2020-07-14,沪深300,4806.69,1.6111,98.43,50.0,2009-07-10,PRICE_PERCENTILE
2020-07-14,消费,23251.588,2.8937,100.0,50.0,2015-03-24,PRICE_PERCENTILE
2020-07-14,科技,2858.672,2.8584,99.21,50.0,2011-09-20,PRICE_PERCENTILE
2020-07-15,医药,15558.944,1.6292,100.0,50.0,2019-03-26,PRICE_PERCENTILE
2020-07-15,半导体,3798.755,1.2604,82.14,50.0,2020-06-02,PRICE_PERCENTILE
2020-07-15,新能源,2487.949,1.3459,94.03,50.0,2020-04-03,PRICE_PERCENTILE
2020-07-15,沪深300,4744.469,1.5933,96.09,50.0,2009-07-10,PRICE_PERCENTILE
2020-07-15,消费,23504.608,2.924,100.0,50.0,2015-03-24,PRICE_PERCENTILE
2020-07-15,科技,2813.061,2.8154,98.44,50.0,2011-09-20,PRICE_PERCENTILE
2020-07-16,医药,14499.623,1.5226,96.12,50.0,2019-03-26,PRICE_PERCENTILE
2020-07-16,半导体,3700.195,1.1564,72.41,50.0,2020-06-02,PRICE_PERCENTILE
2020-07-16,新能源,2366.552,1.3016,89.71,50.0,2020-04-03,PRICE_PERCENTILE
2020-07-16,沪深300,4516.253,1.521,93.8,50.0,2009-07-10,PRICE_PERCENTILE
2020-07-16,消费,21680.38,2.7148,94.57,50.0,2015-03-24,PRICE_PERCENTILE
2020-07-16,科技,2646.26,2.6578,95.35,50.0,2011-09-20,PRICE_PERCENTILE
2020-07-17,医药,14703.275,1.5435,96.92,50.0,2019-03-26,PRICE_PERCENTILE
2020-07-17,半导体,3709.815,1.1438,73.33,50.0,2020-06-02,PRICE_PERCENTILE
2020-07-17,新能源,2360.582,1.3078,88.41,50.0,2020-04-03,PRICE_PERCENTILE
2020-07-17,沪深300,4544.701,1.531,93.85,50.0,2009-07-10,PRICE_PERCENTILE
2020-07-17,消费,22127.376,2.7694,96.15,50.0,2015-03-24,PRICE_PERCENTILE
2020-07-17,科技,2662.402,2.6736,96.15,50.0,2011-09-20,PRICE_PERCENTILE
2020-07-20,医药,14651.063,1.5384,95.42,50.0,2019-03-26,PRICE_PERCENTILE
2020-07-20,半导体,3866.617,1.1896,87.1,50.0,2020-06-02,PRICE_PERCENTILE
2020-07-20,新能源,2441.361,1.3339,91.43,50.0,2020-04-03,PRICE_PERCENTILE
2020-07-20,沪深300,4680.305,1.5741,94.66,50.0,2009-07-10,PRICE_PERCENTILE
2020-07-20,消费,22112.961,2.7684,95.42,50.0,2015-03-24,PRICE_PERCENTILE
2020-07-20,科技,2697.301,2.7067,96.18,50.0,2011-09-20,PRICE_PERCENTILE
2020-07-21,医药,15167.019,1.5888,97.73,50.0,2019-03-26,PRICE_PERCENTILE
2020-07-21,半导体,3847.189,1.1901,84.38,50.0,2020-06-02,PRICE_PERCENTILE
2020-07-21,新能源,2447.161,1.3364,91.55,50.0,2020-04-03,PRICE_PERCENTILE
2020-07-21,沪深300,4691.043,1.5775,94.7,50.0,2009-07-10,PRICE_PERCENTILE
2020-07-21,消费,22467.764,2.8109,97.73,50.0,2015-03-24,PRICE_PERCENTILE
2020-07-21,科技,2736.512,2.7429,96.21,50.0,2011-09-20,PRICE_PERCENTILE
2020-07-22,医药,15360.845,1.6078,97.74,50.0,2019-03-26,PRICE_PERCENTILE
2020-07-22,半导体,3833.633,1.1961,78.79,50.0,2020-06-02,PRICE_PERCENTILE
2020-07-22,新能源,2451.075,1.3445,91.67,50.0,2020-04-03,PRICE_PERCENTILE
2020-07-22,沪深300,4714.445,1.5855,95.49,50.0,2009-07-10,PRICE_PERCENTILE
2020-07-22,消费,22760.734,2.8468,97.74,50.0,2015-03-24,PRICE_PERCENTILE
2020-07-22,科技,2769.028,2.7755,96.99,50.0,2011-09-20,PRICE_PERCENTILE
2020-07-23,医药,15723.979,1.6437,100.0,50.0,2019-03-26,PRICE_PERCENTILE
2020-07-23,半导体,3828.862,1.1918,76.47,50.0,2020-06-02,PRICE_PERCENTILE
2020-07-23,新能源,2452.85,1.3433,91.78,50.0,2020-04-03,PRICE_PERCENTILE
2020-07-23,沪深300,4712.436,1.5859,94.78,50.0,2009-07-10,PRICE_PERCENTILE
2020-07-23,消费,22793.053,2.8506,97.76,50.0,2015-03-24,PRICE_PERCENTILE
2020-07-23,科技,2799.674,2.8044,97.76,50.0,2011-09-20,PRICE_PERCENTILE
2020-07-24,医药,14766.995,1.5484,94.81,50.0,2019-03-26,PRICE_PERCENTILE
2020-07-24,半导体,3698.165,1.1237,60.0,50.0,2020-06-02,PRICE_PERCENTILE
2020-07-24,新能源,2312.521,1.26,81.08,50.0,2020-04-03,PRICE_PERCENTILE
2020-07-24,沪深300,4505.591,1.5197,89.63,50.0,2009-07-10,PRICE_PERCENTILE
2020-07-24,消费,21900.195,2.7456,92.59,50.0,2015-03-24,PRICE_PERCENTILE
2020-07-24,科技,2627.843,2.6421,91.11,50.0,2011-09-20,PRICE_PERCENTILE
2020-07-27,医药,15046.969,1.575,95.59,50.0,2019-03-26,PRICE_PERCENTILE
2020-07-27,半导体,3657.333,1.1284,58.33,50.0,2020-06-02,PRICE_PERCENTILE
2020-07-27,新能源,2298.089,1.2485,80.0,50.0,2020-04-03,PRICE_PERCENTILE
2020-07-27,沪深300,4528.45,1.527,90.44,50.0,2009-07-10,PRICE_PERCENTILE
2020-07-27,消费,22153.368,2.7746,94.12,50.0,2015-03-24,PRICE_PERCENTILE
2020-07-27,科技,2631.762,2.6455,91.18,50.0,2011-09-20,PRICE_PERCENTILE
2020-07-28,医药,15080.219,1.5783,95.62,50.0,2019-03-26,PRICE_PERCENTILE
2020-07-28,半导体,3673.779,1.127,59.46,50.0,2020-06-02,PRICE_PERCENTILE
2020-07-28,新能源,2343.937,1.2782,82.89,50.0,2020-04-03,PRICE_PERCENTILE
2020-07-28,沪深300,4568.258,1.5396,91.24,50.0,2009-07-10,PRICE_PERCENTILE
2020-07-28,消费,22852.399,2.8573,97.81,50.0,2015-03-24,PRICE_PERCENTILE
2020-07-28,科技,2666.521,2.6783,93.43,50.0,2011-09-20,PRICE_PERCENTILE
2020-07-29,医药,15663.077,1.6353,99.28,50.0,2019-03-26,PRICE_PERCENTILE
2020-07-29,半导体,3732.097,1.1816,68.42,50.0,2020-06-02,PRICE_PERCENTILE
2020-07-29,新能源,2403.13,1.3111,85.71,50.0,2020-04-03,PRICE_PERCENTILE
2020-07-29,沪深300,4679.008,1.5753,92.03,50.0,2009-07-10,PRICE_PERCENTILE
2020-07-29,消费,23093.034,2.886,97.83,50.0,2015-03-24,PRICE_PERCENTILE
2020-07-29,科技,2767.402,2.7736,95.65,50.0,2011-09-20,PRICE_PERCENTILE
2020-07-30,医药,15740.835,1.6434,100.0,50.0,2019-03-26,PRICE_PERCENTILE
2020-07-30,半导体,3728.716,1.1744,66.67,50.0,2020-06-02,PRICE_PERCENTILE
2020-07-30,新能源,2378.105,1.3031,84.62,50.0,2020-04-03,PRICE_PERCENTILE
2020-07-30,沪深300,4656.151,1.5681,90.65,50.0,2009-07-10,PRICE_PERCENTILE
2020-07-30,消费,23234.53,2.9029,97.84,50.0,2015-03-24,PRICE_PERCENTILE
2020-07-30,科技,2743.634,2.751,94.24,50.0,2011-09-20,PRICE_PERCENTILE
2020-07-31,医药,15982.686,1.6677,100.0,50.0,2019-03-26,PRICE_PERCENTILE
2020-07-31,半导体,3748.529,1.2022,70.0,50.0,2020-06-02,PRICE_PERCENTILE
2020-07-31,新能源,2397.877,1.329,84.81,50.0,2020-04-03,PRICE_PERCENTILE
2020-07-31,沪深300,4695.046,1.5806,93.57,50.0,2009-07-10,PRICE_PERCENTILE
2020-07-31,消费,23308.815,2.9122,99.29,50.0,2015-03-24,PRICE_PERCENTILE
2020-07-31,科技,2795.4,2.8001,97.14,50.0,2011-09-20,PRICE_PERCENTILE
2020-08-03,医药,16351.23,1.7047,100.0,50.0,2019-03-26,PRICE_PERCENTILE
2020-08-03,半导体,3820.963,1.2469,78.05,50.0,2020-06-02,PRICE_PERCENTILE
2020-08-03,新能源,2457.204,1.3609,92.5,50.0,2020-04-03,PRICE_PERCENTILE
2020-08-03,沪深300,4771.311,1.6049,97.16,50.0,2009-07-10,PRICE_PERCENTILE
2020-08-03,消费,23585.674,2.945,100.0,50.0,2015-03-24,PRICE_PERCENTILE
2020-08-03,科技,2868.882,2.8695,99.29,50.0,2011-09-20,PRICE_PERCENTILE
2020-08-04,医药,16225.358,1.6921,99.3,50.0,2019-03-26,PRICE_PERCENTILE
2020-08-04,半导体,3862.905,1.2133,88.1,50.0,2020-06-02,PRICE_PERCENTILE
2020-08-04,新能源,2460.098,1.3647,93.83,50.0,2020-04-03,PRICE_PERCENTILE
2020-08-04,沪深300,4775.802,1.6061,97.89,50.0,2009-07-10,PRICE_PERCENTILE
2020-08-04,消费,23495.197,2.9344,98.59,50.0,2015-03-24,PRICE_PERCENTILE
2020-08-04,科技,2832.845,2.8354,97.89,50.0,2011-09-20,PRICE_PERCENTILE
2020-08-05,医药,16486.796,1.7171,100.0,50.0,2019-03-26,PRICE_PERCENTILE
2020-08-05,半导体,3829.338,1.2344,79.07,50.0,2020-06-02,PRICE_PERCENTILE
2020-08-05,新能源,2469.307,1.366,93.9,50.0,2020-04-03,PRICE_PERCENTILE
2020-08-05,沪深300,4777.109,1.6061,97.9,50.0,2009-07-10,PRICE_PERCENTILE
2020-08-05,消费,23780.146,2.9679,100.0,50.0,2015-03-24,PRICE_PERCENTILE
2020-08-05,科技,2860.241,2.8613,98.6,50.0,2011-09-20,PRICE_PERCENTILE
2020-08-06,医药,16127.078,1.6822,97.92,50.0,2019-03-26,PRICE_PERCENTILE
2020-08-06,半导体,3850.014,1.233,86.36,50.0,2020-06-02,PRICE_PERCENTILE
2020-08-06,新能源,2472.921,1.3697,93.98,50.0,2020-04-03,PRICE_PERCENTILE
2020-08-06,沪深300,4762.764,1.6014,95.14,50.0,2009-07-10,PRICE_PERCENTILE
2020-08-06,消费,23283.003,2.9095,96.53,50.0,2015-03-24,PRICE_PERCENTILE
2020-08-06,科技,2814.374,2.8179,96.53,50.0,2011-09-20,PRICE_PERCENTILE
2020-08-07,医药,15894.155,1.6598,96.55,50.0,2019-03-26,PRICE_PERCENTILE
2020-08-07,半导体,3820.871,1.1957,71.11,50.0,2020-06-02,PRICE_PERCENTILE
2020-08-07,新能源,2441.969,1.3513,84.52,50.0,2020-04-03,PRICE_PERCENTILE
2020-08-07,沪深300,4707.926,1.5843,91.72,50.0,2009-07-10,PRICE_PERCENTILE
2020-08-07,消费,23047.226,2.8819,93.1,50.0,2015-03-24,PRICE_PERCENTILE
2020-08-07,科技,2749.953,2.7579,91.03,50.0,2011-09-20,PRICE_PERCENTILE
2020-08-10,医药,15910.289,1.663,96.58,50.0,2019-03-26,PRICE_PERCENTILE
2020-08-10,半导体,3942.959,1.1965,97.83,50.0,2020-06-02,PRICE_PERCENTILE
2020-08-10,新能源,2429.582,1.3414,82.35,50.0,2020-04-03,PRICE_PERCENTILE
2020-08-10,沪深300,4724.87,1.5898,93.15,50.0,2009-07-10,PRICE_PERCENTILE
2020-08-10,消费,23064.542,2.8842,93.15,50.0,2015-03-24,PRICE_PERCENTILE
2020-08-10,科技,2735.256,2.7442,89.04,50.0,2011-09-20,PRICE_PERCENTILE
2020-08-11,医药,15674.64,1.6399,93.88,50.0,2019-03-26,PRICE_PERCENTILE
2020-08-11,半导体,3860.123,1.169,85.11,50.0,2020-06-02,PRICE_PERCENTILE
2020-08-11,新能源,2415.31,1.3311,81.4,50.0,2020-04-03,PRICE_PERCENTILE
2020-08-11,沪深300,4681.784,1.576,88.44,50.0,2009-07-10,PRICE_PERCENTILE
2020-08-11,消费,23133.268,2.8925,93.88,50.0,2015-03-24,PRICE_PERCENTILE
2020-08-11,科技,2688.7,2.7003,87.76,50.0,2011-09-20,PRICE_PERCENTILE
2020-08-12,医药,15169.797,1.5927,89.86,50.0,2019-03-26,PRICE_PERCENTILE
2020-08-12,半导体,3889.672,1.1719,91.67,50.0,2020-06-02,PRICE_PERCENTILE
2020-08-12,新能源,2432.588,1.3368,82.76,50.0,2020-04-03,PRICE_PERCENTILE
2020-08-12,沪深300,4647.645,1.5653,85.14,50.0,2009-07-10,PRICE_PERCENTILE
2020-08-12,消费,22783.557,2.852,89.86,50.0,2015-03-24,PRICE_PERCENTILE
2020-08-12,科技,2635.502,2.6502,84.46,50.0,2011-09-20,PRICE_PERCENTILE
2020-08-13,医药,14914.908,1.5696,87.25,50.0,2019-03-26,PRICE_PERCENTILE
2020-08-13,半导体,3894.601,1.1633,91.84,50.0,2020-06-02,PRICE_PERCENTILE
2020-08-13,新能源,2430.078,1.3377,81.82,50.0,2020-04-03,PRICE_PERCENTILE
2020-08-13,沪深300,4635.713,1.5615,84.56,50.0,2009-07-10,PRICE_PERCENTILE
2020-08-13,消费,22900.328,2.8664,91.28,50.0,2015-03-24,PRICE_PERCENTILE
2020-08-13,科技,2622.64,2.6381,82.55,50.0,2011-09-20,PRICE_PERCENTILE
2020-08-14,医药,15052.447,1.5825,88.0,50.0,2019-03-26,PRICE_PERCENTILE
2020-08-14,半导体,3897.679,1.177,92.0,50.0,2020-06-02,PRICE_PERCENTILE
2020-08-14,新能源,2464.426,1.351,92.13,50.0,2020-04-03,PRICE_PERCENTILE
2020-08-14,沪深300,4704.629,1.5844,90.67,50.0,2009-07-10,PRICE_PERCENTILE
2020-08-14,消费,23275.348,2.9107,96.0,50.0,2015-03-24,PRICE_PERCENTILE
2020-08-14,科技,2668.712,2.6815,87.33,50.0,2011-09-20,PRICE_PERCENTILE
2020-08-17,医药,15240.433,1.6017,90.07,50.0,2019-03-26,PRICE_PERCENTILE
2020-08-17,半导体,3982.086,1.1988,100.0,50.0,2020-06-02,PRICE_PERCENTILE
2020-08-17,新能源,2486.201,1.3579,94.44,50.0,2020-04-03,PRICE_PERCENTILE
2020-08-17,沪深300,4815.226,1.6197,98.68,50.0,2009-07-10,PRICE_PERCENTILE
2020-08-17,消费,23596.949,2.9488,99.34,50.0,2015-03-24,PRICE_PERCENTILE
2020-08-17,科技,2696.392,2.7077,88.08,50.0,2011-09-20,PRICE_PERCENTILE
2020-08-18,医药,15454.575,1.623,92.11,50.0,2019-03-26,PRICE_PERCENTILE
2020-08-18,半导体,3983.453,1.1933,100.0,50.0,2020-06-02,PRICE_PERCENTILE
2020-08-18,新能源,2483.911,1.3583,93.41,50.0,2020-04-03,PRICE_PERCENTILE
2020-08-18,沪深300,4812.756,1.6189,98.03,50.0,2009-07-10,PRICE_PERCENTILE
2020-08-18,消费,23878.185,2.982,100.0,50.0,2015-03-24,PRICE_PERCENTILE
2020-08-18,科技,2701.061,2.7121,88.82,50.0,2011-09-20,PRICE_PERCENTILE
2020-08-19,医药,15015.996,1.5795,85.62,50.0,2019-03-26,PRICE_PERCENTILE
2020-08-19,半导体,3952.643,1.1508,96.23,50.0,2020-06-02,PRICE_PERCENTILE
2020-08-19,新能源,2431.504,1.3304,79.35,50.0,2020-04-03,PRICE_PERCENTILE
2020-08-19,沪深300,4740.678,1.5959,92.16,50.0,2009-07-10,PRICE_PERCENTILE
2020-08-19,消费,23821.436,2.9754,99.35,50.0,2015-03-24,PRICE_PERCENTILE
2020-08-19,科技,2612.835,2.6286,80.39,50.0,2011-09-20,PRICE_PERCENTILE
2020-08-20,医药,14931.937,1.5716,85.06,50.0,2019-03-26,PRICE_PERCENTILE
2020-08-20,半导体,3877.871,1.1396,79.63,50.0,2020-06-02,PRICE_PERCENTILE
2020-08-20,新能源,2380.246,1.3028,72.04,50.0,2020-04-03,PRICE_PERCENTILE
2020-08-20,沪深300,4679.154,1.5765,85.06,50.0,2009-07-10,PRICE_PERCENTILE
2020-08-20,消费,23377.11,2.9234,95.45,50.0,2015-03-24,PRICE_PERCENTILE
2020-08-20,科技,2587.861,2.605,79.22,50.0,2011-09-20,PRICE_PERCENTILE
2020-08-21,医药,15061.086,1.5845,87.1,50.0,2019-03-26,PRICE_PERCENTILE
2020-08-21,半导体,3889.712,1.1325,83.64,50.0,2020-06-02,PRICE_PERCENTILE
2020-08-21,新能源,2397.733,1.3128,72.34,50.0,2020-04-03,PRICE_PERCENTILE
2020-08-21,沪深300,4718.843,1.5895,90.97,50.0,2009-07-10,PRICE_PERCENTILE
2020-08-21,消费,23740.807,2.9662,98.06,50.0,2015-03-24,PRICE_PERCENTILE
2020-08-21,科技,2632.452,2.6471,82.58,50.0,2011-09-20,PRICE_PERCENTILE
2020-08-24,医药,15125.577,1.5965,87.82,50.0,2019-03-26,PRICE_PERCENTILE
2020-08-24,半导体,3890.268,1.1402,83.93,50.0,2020-06-02,PRICE_PERCENTILE
2020-08-24,新能源,2432.864,1.3388,81.05,50.0,2020-04-03,PRICE_PERCENTILE
2020-08-24,沪深300,4755.849,1.6017,93.59,50.0,2009-07-10,PRICE_PERCENTILE
2020-08-24,消费,24146.358,3.0184,100.0,50.0,2015-03-24,PRICE_PERCENTILE
2020-08-24,科技,2684.629,2.6987,86.54,50.0,2011-09-20,PRICE_PERCENTILE
2020-08-25,医药,15163.65,1.6007,87.9,50.0,2019-03-26,PRICE_PERCENTILE
2020-08-25,半导体,3850.712,1.1282,70.18,50.0,2020-06-02,PRICE_PERCENTILE
2020-08-25,新能源,2417.125,1.3346,76.04,50.0,2020-04-03,PRICE_PERCENTILE
2020-08-25,沪深300,4761.951,1.6037,93.63,50.0,2009-07-10,PRICE_PERCENTILE
2020-08-25,消费,24453.823,3.0546,100.0,50.0,2015-03-24,PRICE_PERCENTILE
2020-08-25,科技,2701.604,2.7152,89.17,50.0,2011-09-20,PRICE_PERCENTILE
2020-08-26,医药,15117.438,1.5955,86.71,50.0,2019-03-26,PRICE_PERCENTILE
2020-08-26,半导体,3773.592,1.0896,50.0,50.0,2020-06-02,PRICE_PERCENTILE
2020-08-26,新能源,2348.566,1.2999,65.98,50.0,2020-04-03,PRICE_PERCENTILE
2020-08-26,沪深300,4706.13,1.5858,87.34,50.0,2009-07-10,PRICE_PERCENTILE
2020-08-26,消费,24359.339,3.043,99.37,50.0,2015-03-24,PRICE_PERCENTILE
2020-08-26,科技,2644.144,2.6604,82.28,50.0,2011-09-20,PRICE_PERCENTILE
2020-08-27,医药,15253.912,1.6089,89.94,50.0,2019-03-26,PRICE_PERCENTILE
2020-08-27,半导体,3794.225,1.1139,52.54,50.0,2020-06-02,PRICE_PERCENTILE
2020-08-27,新能源,2391.65,1.3228,70.41,50.0,2020-04-03,PRICE_PERCENTILE
2020-08-27,沪深300,4731.345,1.5939,90.57,50.0,2009-07-10,PRICE_PERCENTILE
2020-08-27,消费,24723.413,3.0857,100.0,50.0,2015-03-24,PRICE_PERCENTILE
2020-08-27,科技,2689.17,2.7028,86.79,50.0,2011-09-20,PRICE_PERCENTILE
2020-08-28,医药,15755.77,1.6587,95.62,50.0,2019-03-26,PRICE_PERCENTILE
2020-08-28,半导体,3835.302,1.1217,65.0,50.0,2020-06-02,PRICE_PERCENTILE
2020-08-28,新能源,2406.965,1.3312,73.74,50.0,2020-04-03,PRICE_PERCENTILE
2020-08-28,沪深300,4844.265,1.6301,99.38,50.0,2009-07-10,PRICE_PERCENTILE
2020-08-28,消费,25507.894,3.1786,100.0,50.0,2015-03-24,PRICE_PERCENTILE
2020-08-28,科技,2757.839,2.7679,92.5,50.0,2011-09-20,PRICE_PERCENTILE
2020-08-31,医药,15643.386,1.6474,92.55,50.0,2019-03-26,PRICE_PERCENTILE
2020-08-31,半导体,3821.841,1.112,59.02,50.0,2020-06-02,PRICE_PERCENTILE
2020-08-31,新能源,2379.98,1.3173,68.0,50.0,2020-04-03,PRICE_PERCENTILE
2020-08-31,沪深300,4816.215,1.6211,98.14,50.0,2009-07-10,PRICE_PERCENTILE
2020-08-31,消费,25583.086,3.1877,100.0,50.0,2015-03-24,PRICE_PERCENTILE
2020-08-31,科技,2728.313,2.7397,88.82,50.0,2011-09-20,PRICE_PERCENTILE
2020-09-01,医药,15630.642,1.6482,91.98,50.0,2019-03-26,PRICE_PERCENTILE
2020-09-01,半导体,3824.211,1.1115,59.68,50.0,2020-06-02,PRICE_PERCENTILE
2020-09-01,新能源,2445.058,1.3651,84.16,50.0,2020-04-03,PRICE_PERCENTILE
2020-09-01,沪深300,4842.122,1.6294,98.77,50.0,2009-07-10,PRICE_PERCENTILE
2020-09-01,消费,25559.596,3.1856,99.38,50.0,2015-03-24,PRICE_PERCENTILE
2020-09-01,科技,2750.424,2.7611,91.36,50.0,2011-09-20,PRICE_PERCENTILE
2020-09-02,医药,15669.386,1.652,93.25,50.0,2019-03-26,PRICE_PERCENTILE
2020-09-02,半导体,3817.05,1.0939,53.97,50.0,2020-06-02,PRICE_PERCENTILE
2020-09-02,新能源,2440.589,1.3689,81.37,50.0,2020-04-03,PRICE_PERCENTILE
2020-09-02,沪深300,4843.887,1.63,98.77,50.0,2009-07-10,PRICE_PERCENTILE
2020-09-02,消费,25656.985,3.1969,100.0,50.0,2015-03-24,PRICE_PERCENTILE
2020-09-02,科技,2771.85,2.7814,93.87,50.0,2011-09-20,PRICE_PERCENTILE
2020-09-03,医药,15610.975,1.6463,90.85,50.0,2019-03-26,PRICE_PERCENTILE
2020-09-03,半导体,3785.738,1.0939,48.44,50.0,2020-06-02,PRICE_PERCENTILE
2020-09-03,新能源,2418.513,1.3504,75.73,50.0,2020-04-03,PRICE_PERCENTILE
2020-09-03,沪深300,4817.095,1.6214,96.95,50.0,2009-07-10,PRICE_PERCENTILE
2020-09-03,消费,25493.594,3.1774,97.56,50.0,2015-03-24,PRICE_PERCENTILE
2020-09-03,科技,2746.953,2.7577,89.63,50.0,2011-09-20,PRICE_PERCENTILE
2020-09-04,医药,15371.039,1.6228,87.88,50.0,2019-03-26,PRICE_PERCENTILE
2020-09-04,半导体,3766.179,1.1146,44.62,50.0,2020-06-02,PRICE_PERCENTILE
2020-09-04,新能源,2396.235,1.3371,68.27,50.0,2020-04-03,PRICE_PERCENTILE
2020-09-04,沪深300,4770.219,1.6064,91.52,50.0,2009-07-10,PRICE_PERCENTILE
2020-09-04,消费,24902.294,3.1094,96.97,50.0,2015-03-24,PRICE_PERCENTILE
2020-09-04,科技,2732.155,2.7437,87.27,50.0,2011-09-20,PRICE_PERCENTILE
2020-09-07,医药,14825.972,1.5687,77.71,50.0,2019-03-26,PRICE_PERCENTILE
2020-09-07,半导体,3737.965,1.0817,42.42,50.0,2020-06-02,PRICE_PERCENTILE
2020-09-07,新能源,2354.815,1.309,61.9,50.0,2020-04-03,PRICE_PERCENTILE
2020-09-07,沪深300,4669.368,1.5741,77.71,50.0,2009-07-10,PRICE_PERCENTILE
2020-09-07,消费,24078.403,3.0126,93.98,50.0,2015-03-24,PRICE_PERCENTILE
2020-09-07,科技,2641.202,2.6577,78.31,50.0,2011-09-20,PRICE_PERCENTILE
2020-09-08,医药,14874.129,1.5729,78.44,50.0,2019-03-26,PRICE_PERCENTILE
2020-09-08,半导体,3794.644,1.0621,52.24,50.0,2020-06-02,PRICE_PERCENTILE
2020-09-08,新能源,2354.464,1.2986,61.32,50.0,2020-04-03,PRICE_PERCENTILE
2020-09-08,沪深300,4694.389,1.5821,81.44,50.0,2009-07-10,PRICE_PERCENTILE
2020-09-08,消费,23769.237,2.9765,91.62,50.0,2015-03-24,PRICE_PERCENTILE
2020-09-08,科技,2650.629,2.6664,79.64,50.0,2011-09-20,PRICE_PERCENTILE
2020-09-09,医药,14192.471,1.5067,73.81,50.0,2019-03-26,PRICE_PERCENTILE
2020-09-09,半导体,3746.806,1.0099,42.65,50.0,2020-06-02,PRICE_PERCENTILE
2020-09-09,新能源,2278.736,1.2541,56.07,50.0,2020-04-03,PRICE_PERCENTILE
2020-09-09,沪深300,4584.589,1.5469,75.0,50.0,2009-07-10,PRICE_PERCENTILE
2020-09-09,消费,23070.448,2.8938,82.74,50.0,2015-03-24,PRICE_PERCENTILE
2020-09-09,科技,2523.396,2.5463,72.02,50.0,2011-09-20,PRICE_PERCENTILE
2020-09-10,医药,14164.347,1.5039,72.78,50.0,2019-03-26,PRICE_PERCENTILE
2020-09-10,半导体,3657.076,1.0027,30.43,50.0,2020-06-02,PRICE_PERCENTILE
2020-09-10,新能源,2253.621,1.2437,55.56,50.0,2020-04-03,PRICE_PERCENTILE
2020-09-10,沪深300,4581.978,1.5461,74.56,50.0,2009-07-10,PRICE_PERCENTILE
2020-09-10,消费,23242.435,2.9142,85.21,50.0,2015-03-24,PRICE_PERCENTILE
2020-09-10,科技,2483.031,2.508,71.6,50.0,2011-09-20,PRICE_PERCENTILE
2020-09-11,医药,14419.281,1.5298,74.12,50.0,2019-03-26,PRICE_PERCENTILE
2020-09-11,半导体,3661.099,1.0349,32.86,50.0,2020-06-02,PRICE_PERCENTILE
2020-09-11,新能源,2294.052,1.2683,56.88,50.0,2020-04-03,PRICE_PERCENTILE
2020-09-11,沪深300,4627.283,1.5605,75.29,50.0,2009-07-10,PRICE_PERCENTILE
2020-09-11,消费,23567.916,2.9532,89.41,50.0,2015-03-24,PRICE_PERCENTILE
2020-09-11,科技,2536.618,2.5587,72.94,50.0,2011-09-20,PRICE_PERCENTILE
2020-09-14,医药,14265.072,1.5145,73.68,50.0,2019-03-26,PRICE_PERCENTILE
2020-09-14,半导体,3690.071,1.0472,35.21,50.0,2020-06-02,PRICE_PERCENTILE
2020-09-14,新能源,2340.434,1.2975,60.0,50.0,2020-04-03,PRICE_PERCENTILE
2020-09-14,沪深300,4651.051,1.5681,76.61,50.0,2009-07-10,PRICE_PERCENTILE
2020-09-14,消费,23636.425,2.9612,90.64,50.0,2015-03-24,PRICE_PERCENTILE
2020-09-14,科技,2572.601,2.5928,73.1,50.0,2011-09-20,PRICE_PERCENTILE
2020-09-15,医药,14445.437,1.5325,74.42,50.0,2019-03-26,PRICE_PERCENTILE
2020-09-15,半导体,3713.223,1.0527,40.28,50.0,2020-06-02,PRICE_PERCENTILE
2020-09-15,新能源,2393.33,1.3307,69.37,50.0,2020-04-03,PRICE_PERCENTILE
2020-09-15,沪深300,4688.483,1.58,80.81,50.0,2009-07-10,PRICE_PERCENTILE
2020-09-15,消费,23775.81,2.9776,91.86,50.0,2015-03-24,PRICE_PERCENTILE
2020-09-15,科技,2595.154,2.6142,74.42,50.0,2011-09-20,PRICE_PERCENTILE
2020-09-16,医药,14198.718,1.5087,72.83,50.0,2019-03-26,PRICE_PERCENTILE
2020-09-16,半导体,3718.651,1.0478,41.1,50.0,2020-06-02,PRICE_PERCENTILE
2020-09-16,新能源,2409.589,1.3388,74.11,50.0,2020-04-03,PRICE_PERCENTILE
2020-09-16,沪深300,4657.358,1.5709,76.88,50.0,2009-07-10,PRICE_PERCENTILE
2020-09-16,消费,23390.927,2.9327,86.71,50.0,2015-03-24,PRICE_PERCENTILE
2020-09-16,科技,2554.8,2.576,72.25,50.0,2011-09-20,PRICE_PERCENTILE
2020-09-17,医药,13970.333,1.4869,70.11,50.0,2019-03-26,PRICE_PERCENTILE
2020-09-17,半导体,3722.021,1.0636,41.89,50.0,2020-06-02,PRICE_PERCENTILE
2020-09-17,新能源,2477.594,1.3713,93.81,50.0,2020-04-03,PRICE_PERCENTILE
2020-09-17,沪深300,4632.714,1.5633,74.14,50.0,2009-07-10,PRICE_PERCENTILE
2020-09-17,消费,22931.183,2.8797,78.74,50.0,2015-03-24,PRICE_PERCENTILE
2020-09-17,科技,2557.321,2.5789,72.41,50.0,2011-09-20,PRICE_PERCENTILE
2020-09-18,医药,14175.139,1.5073,72.0,50.0,2019-03-26,PRICE_PERCENTILE
2020-09-18,半导体,3794.395,1.0717,56.0,50.0,2020-06-02,PRICE_PERCENTILE
2020-09-18,新能源,2498.073,1.3818,96.49,50.0,2020-04-03,PRICE_PERCENTILE
2020-09-18,沪深300,4737.089,1.5967,88.0,50.0,2009-07-10,PRICE_PERCENTILE
2020-09-18,消费,23307.261,2.924,85.14,50.0,2015-03-24,PRICE_PERCENTILE
2020-09-18,科技,2596.082,2.6157,74.86,50.0,2011-09-20,PRICE_PERCENTILE
2020-09-21,医药,14081.884,1.4978,69.89,50.0,2019-03-26,PRICE_PERCENTILE
2020-09-21,半导体,3778.396,1.0705,51.32,50.0,2020-06-02,PRICE_PERCENTILE
2020-09-21,新能源,2468.883,1.3702,90.43,50.0,2020-04-03,PRICE_PERCENTILE
2020-09-21,沪深300,4691.428,1.5821,81.25,50.0,2009-07-10,PRICE_PERCENTILE
2020-09-21,消费,22986.939,2.8867,78.41,50.0,2015-03-24,PRICE_PERCENTILE
2020-09-21,科技,2569.219,2.5901,72.16,50.0,2011-09-20,PRICE_PERCENTILE
2020-09-22,医药,14056.349,1.4955,69.49,50.0,2019-03-26,PRICE_PERCENTILE
2020-09-22,半导体,3711.664,1.0478,37.66,50.0,2020-06-02,PRICE_PERCENTILE
2020-09-22,新能源,2422.967,1.3481,75.86,50.0,2020-04-03,PRICE_PERCENTILE
2020-09-22,沪深300,4635.761,1.5644,74.01,50.0,2009-07-10,PRICE_PERCENTILE
2020-09-22,消费,22808.852,2.866,76.27,50.0,2015-03-24,PRICE_PERCENTILE
2020-09-22,科技,2555.544,2.5771,71.19,50.0,2011-09-20,PRICE_PERCENTILE
2020-09-23,医药,14462.531,1.5364,75.28,50.0,2019-03-26,PRICE_PERCENTILE
2020-09-23,半导体,3710.665,1.0603,37.18,50.0,2020-06-02,PRICE_PERCENTILE
2020-09-23,新能源,2431.429,1.3518,77.78,50.0,2020-04-03,PRICE_PERCENTILE
2020-09-23,沪深300,4652.327,1.5697,75.28,50.0,2009-07-10,PRICE_PERCENTILE
2020-09-23,消费,22863.573,2.8726,76.97,50.0,2015-03-24,PRICE_PERCENTILE
2020-09-23,科技,2599.885,2.6192,75.28,50.0,2011-09-20,PRICE_PERCENTILE
2020-09-24,医药,14219.416,1.5119,73.18,50.0,2019-03-26,PRICE_PERCENTILE
2020-09-24,半导体,3629.357,1.0367,26.58,50.0,2020-06-02,PRICE_PERCENTILE
2020-09-24,新能源,2355.794,1.315,60.17,50.0,2020-04-03,PRICE_PERCENTILE
2020-09-24,沪深300,4563.066,1.5412,69.83,50.0,2009-07-10,PRICE_PERCENTILE
2020-09-24,消费,22479.443,2.8272,73.74,50.0,2015-03-24,PRICE_PERCENTILE
2020-09-24,科技,2535.868,2.5584,69.27,50.0,2011-09-20,PRICE_PERCENTILE
2020-09-25,医药,14255.689,1.5155,73.33,50.0,2019-03-26,PRICE_PERCENTILE
2020-09-25,半导体,3593.852,1.0266,26.25,50.0,2020-06-02,PRICE_PERCENTILE
2020-09-25,新能源,2372.039,1.3233,62.18,50.0,2020-04-03,PRICE_PERCENTILE
2020-09-25,沪深300,4570.022,1.5434,70.56,50.0,2009-07-10,PRICE_PERCENTILE
2020-09-25,消费,22569.958,2.8378,73.89,50.0,2015-03-24,PRICE_PERCENTILE
2020-09-25,科技,2540.426,2.5627,70.0,50.0,2011-09-20,PRICE_PERCENTILE
2020-09-28,医药,14023.1,1.4921,67.96,50.0,2019-03-26,PRICE_PERCENTILE
2020-09-28,半导体,3580.319,1.0187,25.93,50.0,2020-06-02,PRICE_PERCENTILE
2020-09-28,新能源,2365.157,1.3211,60.83,50.0,2020-04-03,PRICE_PERCENTILE
2020-09-28,沪深300,4581.909,1.5473,70.72,50.0,2009-07-10,PRICE_PERCENTILE
2020-09-28,消费,22628.521,2.8458,74.03,50.0,2015-03-24,PRICE_PERCENTILE
2020-09-28,科技,2521.246,2.5449,67.4,50.0,2011-09-20,PRICE_PERCENTILE
2020-09-29,医药,14147.852,1.5046,69.78,50.0,2019-03-26,PRICE_PERCENTILE
2020-09-29,半导体,3579.422,1.0315,25.61,50.0,2020-06-02,PRICE_PERCENTILE
2020-09-29,新能源,2402.3,1.3479,69.42,50.0,2020-04-03,PRICE_PERCENTILE
2020-09-29,沪深300,4591.799,1.5506,71.98,50.0,2009-07-10,PRICE_PERCENTILE
2020-09-29,消费,22786.217,2.8645,75.27,50.0,2015-03-24,PRICE_PERCENTILE
2020-09-29,科技,2563.379,2.5849,71.98,50.0,2011-09-20,PRICE_PERCENTILE
2020-09-30,医药,14242.442,1.5139,73.22,50.0,2019-03-26,PRICE_PERCENTILE
2020-09-30,半导体,3566.707,1.0279,25.3,50.0,2020-06-02,PRICE_PERCENTILE
2020-09-30,新能源,2418.354,1.3598,74.59,50.0,2020-04-03,PRICE_PERCENTILE
2020-09-30,沪深300,4587.395,1.5491,71.58,50.0,2009-07-10,PRICE_PERCENTILE
2020-09-30,消费,22860.026,2.8733,77.05,50.0,2015-03-24,PRICE_PERCENTILE
2020-09-30,科技,2574.758,2.5956,73.22,50.0,2011-09-20,PRICE_PERCENTILE
2020-10-09,医药,14617.37,1.5518,76.63,50.0,2019-03-26,PRICE_PERCENTILE
2020-10-09,半导体,3623.044,1.0598,29.76,50.0,2020-06-02,PRICE_PERCENTILE
2020-10-09,新能源,2553.667,1.4351,98.37,50.0,2020-04-03,PRICE_PERCENTILE
2020-10-09,沪深300,4681.141,1.5791,79.89,50.0,2009-07-10,PRICE_PERCENTILE
2020-10-09,消费,23316.881,2.9272,86.41,50.0,2015-03-24,PRICE_PERCENTILE
2020-10-09,科技,2672.934,2.6885,83.7,50.0,2011-09-20,PRICE_PERCENTILE
2020-10-12,医药,15077.02,1.5986,83.78,50.0,2019-03-26,PRICE_PERCENTILE
2020-10-12,半导体,3702.739,1.1045,40.0,50.0,2020-06-02,PRICE_PERCENTILE
2020-10-12,新能源,2646.814,1.4845,100.0,50.0,2020-04-03,PRICE_PERCENTILE
2020-10-12,沪深300,4823.158,1.6243,97.3,50.0,2009-07-10,PRICE_PERCENTILE
2020-10-12,消费,24291.816,3.0421,95.14,50.0,2015-03-24,PRICE_PERCENTILE
2020-10-12,科技,2777.388,2.7876,94.59,50.0,2011-09-20,PRICE_PERCENTILE
2020-10-13,医药,15224.887,1.614,87.1,50.0,2019-03-26,PRICE_PERCENTILE
2020-10-13,半导体,3683.043,1.101,36.05,50.0,2020-06-02,PRICE_PERCENTILE
2020-10-13,新能源,2677.694,1.4937,100.0,50.0,2020-04-03,PRICE_PERCENTILE
2020-10-13,沪深300,4839.201,1.6295,97.31,50.0,2009-07-10,PRICE_PERCENTILE
2020-10-13,消费,24536.609,3.071,96.24,50.0,2015-03-24,PRICE_PERCENTILE
2020-10-13,科技,2784.717,2.7945,95.16,50.0,2011-09-20,PRICE_PERCENTILE
2020-10-14,医药,15139.682,1.6051,85.03,50.0,2019-03-26,PRICE_PERCENTILE
2020-10-14,半导体,3650.373,1.0773,31.03,50.0,2020-06-02,PRICE_PERCENTILE
2020-10-14,新能源,2659.458,1.4871,99.21,50.0,2020-04-03,PRICE_PERCENTILE
2020-10-14,沪深300,4807.102,1.6192,94.12,50.0,2009-07-10,PRICE_PERCENTILE
2020-10-14,消费,24339.867,3.0477,94.65,50.0,2015-03-24,PRICE_PERCENTILE
2020-10-14,科技,2764.244,2.7749,91.98,50.0,2011-09-20,PRICE_PERCENTILE
2020-10-15,医药,15017.912,1.5934,80.85,50.0,2019-03-26,PRICE_PERCENTILE
2020-10-15,半导体,3628.532,1.0699,29.55,50.0,2020-06-02,PRICE_PERCENTILE
2020-10-15,新能源,2659.511,1.4882,99.21,50.0,2020-04-03,PRICE_PERCENTILE
2020-10-15,沪深300,4798.736,1.6169,93.09,50.0,2009-07-10,PRICE_PERCENTILE
2020-10-15,消费,24119.148,3.0232,93.09,50.0,2015-03-24,PRICE_PERCENTILE
2020-10-15,科技,2737.963,2.751,88.3,50.0,2011-09-20,PRICE_PERCENTILE
2020-10-16,医药,15063.445,1.5981,82.54,50.0,2019-03-26,PRICE_PERCENTILE
2020-10-16,半导体,3636.577,1.0572,31.46,50.0,2020-06-02,PRICE_PERCENTILE
2020-10-16,新能源,2599.071,1.4526,96.09,50.0,2020-04-03,PRICE_PERCENTILE
2020-10-16,沪深300,4791.676,1.6146,92.59,50.0,2009-07-10,PRICE_PERCENTILE
2020-10-16,消费,23924.569,3.0002,92.06,50.0,2015-03-24,PRICE_PERCENTILE
2020-10-16,科技,2724.497,2.7381,85.71,50.0,2011-09-20,PRICE_PERCENTILE
2020-10-19,医药,14676.417,1.5599,75.79,50.0,2019-03-26,PRICE_PERCENTILE
2020-10-19,半导体,3628.974,1.0458,30.0,50.0,2020-06-02,PRICE_PERCENTILE
2020-10-19,新能源,2588.673,1.4439,95.35,50.0,2020-04-03,PRICE_PERCENTILE
2020-10-19,沪深300,4755.488,1.603,87.89,50.0,2009-07-10,PRICE_PERCENTILE
2020-10-19,消费,23575.411,2.9588,86.84,50.0,2015-03-24,PRICE_PERCENTILE
2020-10-19,科技,2689.669,2.705,83.16,50.0,2011-09-20,PRICE_PERCENTILE
2020-10-20,医药,14820.37,1.5742,76.96,50.0,2019-03-26,PRICE_PERCENTILE
2020-10-20,半导体,3638.072,1.0526,32.97,50.0,2020-06-02,PRICE_PERCENTILE
2020-10-20,新能源,2683.466,1.4888,100.0,50.0,2020-04-03,PRICE_PERCENTILE
2020-10-20,沪深300,4793.467,1.6152,92.67,50.0,2009-07-10,PRICE_PERCENTILE
2020-10-20,消费,24120.275,3.0233,93.19,50.0,2015-03-24,PRICE_PERCENTILE
2020-10-20,科技,2740.583,2.7532,88.48,50.0,2011-09-20,PRICE_PERCENTILE
2020-10-21,医药,14787.809,1.5707,76.56,50.0,2019-03-26,PRICE_PERCENTILE
2020-10-21,半导体,3623.468,1.023,28.26,50.0,2020-06-02,PRICE_PERCENTILE
2020-10-21,新能源,2631.412,1.4578,95.42,50.0,2020-04-03,PRICE_PERCENTILE
2020-10-21,沪深300,4792.828,1.6149,92.19,50.0,2009-07-10,PRICE_PERCENTILE
2020-10-21,消费,24079.727,3.0184,92.19,50.0,2015-03-24,PRICE_PERCENTILE
2020-10-21,科技,2700.533,2.7152,83.85,50.0,2011-09-20,PRICE_PERCENTILE
2020-10-22,医药,14549.137,1.5472,73.06,50.0,2019-03-26,PRICE_PERCENTILE
2020-10-22,半导体,3615.694,1.0212,26.88,50.0,2020-06-02,PRICE_PERCENTILE
2020-10-22,新能源,2642.876,1.4732,95.45,50.0,2020-04-03,PRICE_PERCENTILE
2020-10-22,沪深300,4777.985,1.6106,91.19,50.0,2009-07-10,PRICE_PERCENTILE
2020-10-22,消费,24088.096,3.0198,92.23,50.0,2015-03-24,PRICE_PERCENTILE
2020-10-22,科技,2673.585,2.6897,80.31,50.0,2011-09-20,PRICE_PERCENTILE
2020-10-23,医药,14073.315,1.4996,64.43,50.0,2019-03-26,PRICE_PERCENTILE
2020-10-23,半导体,3643.288,1.0011,35.11,50.0,2020-06-02,PRICE_PERCENTILE
2020-10-23,新能源,2604.388,1.4507,93.98,50.0,2020-04-03,PRICE_PERCENTILE
2020-10-23,沪深300,4718.488,1.5918,82.47,50.0,2009-07-10,PRICE_PERCENTILE
2020-10-23,消费,23478.185,2.9478,83.51,50.0,2015-03-24,PRICE_PERCENTILE
2020-10-23,科技,2600.843,2.6208,72.16,50.0,2011-09-20,PRICE_PERCENTILE
2020-10-26,医药,14192.318,1.5115,67.69,50.0,2019-03-26,PRICE_PERCENTILE
2020-10-26,半导体,3633.96,1.0011,32.63,50.0,2020-06-02,PRICE_PERCENTILE
2020-10-26,新能源,2646.465,1.4797,96.27,50.0,2020-04-03,PRICE_PERCENTILE
2020-10-26,沪深300,4691.236,1.5831,77.44,50.0,2009-07-10,PRICE_PERCENTILE
2020-10-26,消费,23315.169,2.9288,81.54,50.0,2015-03-24,PRICE_PERCENTILE
2020-10-26,科技,2617.743,2.6368,72.82,50.0,2011-09-20,PRICE_PERCENTILE
2020-10-27,医药,14518.826,1.544,72.96,50.0,2019-03-26,PRICE_PERCENTILE
2020-10-27,半导体,3617.146,1.0059,27.08,50.0,2020-06-02,PRICE_PERCENTILE
2020-10-27,新能源,2668.75,1.4955,98.52,50.0,2020-04-03,PRICE_PERCENTILE
2020-10-27,沪深300,4699.279,1.5857,79.59,50.0,2009-07-10,PRICE_PERCENTILE
2020-10-27,消费,23483.331,2.9486,83.67,50.0,2015-03-24,PRICE_PERCENTILE
2020-10-27,科技,2650.764,2.6681,77.55,50.0,2011-09-20,PRICE_PERCENTILE
2020-10-28,医药,14575.656,1.5498,73.6,50.0,2019-03-26,PRICE_PERCENTILE
2020-10-28,半导体,3627.62,1.007,29.9,50.0,2020-06-02,PRICE_PERCENTILE
2020-10-28,新能源,2736.106,1.528,100.0,50.0,2020-04-03,PRICE_PERCENTILE
2020-10-28,沪深300,4737.272,1.5975,84.77,50.0,2009-07-10,PRICE_PERCENTILE
2020-10-28,消费,23957.501,3.0047,90.86,50.0,2015-03-24,PRICE_PERCENTILE
2020-10-28,科技,2670.481,2.6868,79.7,50.0,2011-09-20,PRICE_PERCENTILE
2020-10-29,医药,14845.999,1.5767,78.28,50.0,2019-03-26,PRICE_PERCENTILE
2020-10-29,半导体,3628.334,1.0037,30.61,50.0,2020-06-02,PRICE_PERCENTILE
2020-10-29,新能源,2756.618,1.5298,100.0,50.0,2020-04-03,PRICE_PERCENTILE
2020-10-29,沪深300,4772.92,1.6088,89.39,50.0,2009-07-10,PRICE_PERCENTILE
2020-10-29,消费,24475.094,3.0657,95.96,50.0,2015-03-24,PRICE_PERCENTILE
2020-10-29,科技,2699.923,2.7153,83.84,50.0,2011-09-20,PRICE_PERCENTILE
2020-10-30,医药,14559.978,1.5476,72.86,50.0,2019-03-26,PRICE_PERCENTILE
2020-10-30,半导体,3563.067,1.0261,21.21,50.0,2020-06-02,PRICE_PERCENTILE
2020-10-30,新能源,2742.066,1.5228,99.28,50.0,2020-04-03,PRICE_PERCENTILE
2020-10-30,沪深300,4695.334,1.5827,77.89,50.0,2009-07-10,PRICE_PERCENTILE
2020-10-30,消费,23696.274,2.9728,86.43,50.0,2015-03-24,PRICE_PERCENTILE
2020-10-30,科技,2655.865,2.6732,77.39,50.0,2011-09-20,PRICE_PERCENTILE
2020-11-02,医药,14433.698,1.5348,70.0,50.0,2019-03-26,PRICE_PERCENTILE
2020-11-02,半导体,3556.154,1.045,20.0,50.0,2020-06-02,PRICE_PERCENTILE
2020-11-02,新能源,2860.46,1.5782,100.0,50.0,2020-04-03,PRICE_PERCENTILE
2020-11-02,沪深300,4720.831,1.5908,82.5,50.0,2009-07-10,PRICE_PERCENTILE
2020-11-02,消费,23735.693,2.9775,86.5,50.0,2015-03-24,PRICE_PERCENTILE
2020-11-02,科技,2708.388,2.723,85.5,50.0,2011-09-20,PRICE_PERCENTILE
2020-11-03,医药,14608.952,1.5524,73.63,50.0,2019-03-26,PRICE_PERCENTILE
2020-11-03,半导体,3600.589,1.0589,26.73,50.0,2020-06-02,PRICE_PERCENTILE
2020-11-03,新能源,2853.032,1.5745,99.29,50.0,2020-04-03,PRICE_PERCENTILE
2020-11-03,沪深300,4777.561,1.6089,91.04,50.0,2009-07-10,PRICE_PERCENTILE
2020-11-03,消费,23998.875,3.0086,90.55,50.0,2015-03-24,PRICE_PERCENTILE
2020-11-03,科技,2744.314,2.7571,89.55,50.0,2011-09-20,PRICE_PERCENTILE
2020-11-04,医药,14653.134,1.5569,74.75,50.0,2019-03-26,PRICE_PERCENTILE
2020-11-04,半导体,3598.224,1.0518,26.47,50.0,2020-06-02,PRICE_PERCENTILE
2020-11-04,新能源,2915.243,1.6052,100.0,50.0,2020-04-03,PRICE_PERCENTILE
2020-11-04,沪深300,4813.656,1.6203,95.05,50.0,2009-07-10,PRICE_PERCENTILE
2020-11-04,消费,24063.161,3.0162,90.59,50.0,2015-03-24,PRICE_PERCENTILE
2020-11-04,科技,2750.554,2.7629,91.09,50.0,2011-09-20,PRICE_PERCENTILE
2020-11-05,医药,14697.303,1.5615,75.86,50.0,2019-03-26,PRICE_PERCENTILE
2020-11-05,半导体,3652.792,1.0658,41.75,50.0,2020-06-02,PRICE_PERCENTILE
2020-11-05,新能源,3068.249,1.6864,100.0,50.0,2020-04-03,PRICE_PERCENTILE
2020-11-05,沪深300,4885.112,1.6433,100.0,50.0,2009-07-10,PRICE_PERCENTILE
2020-11-05,消费,24457.271,3.0645,95.57,50.0,2015-03-24,PRICE_PERCENTILE
2020-11-05,科技,2787.878,2.7999,95.57,50.0,2011-09-20,PRICE_PERCENTILE
2020-11-06,医药,14331.81,1.5247,68.14,50.0,2019-03-26,PRICE_PERCENTILE
2020-11-06,半导体,3657.447,1.0821,44.23,50.0,2020-06-02,PRICE_PERCENTILE
2020-11-06,新能源,3056.706,1.6793,99.3,50.0,2020-04-03,PRICE_PERCENTILE
2020-11-06,沪深300,4885.718,1.6435,100.0,50.0,2009-07-10,PRICE_PERCENTILE
2020-11-06,消费,24197.041,3.0338,93.14,50.0,2015-03-24,PRICE_PERCENTILE
2020-11-06,科技,2733.072,2.7477,85.78,50.0,2011-09-20,PRICE_PERCENTILE
2020-11-09,医药,14601.996,1.5517,72.68,50.0,2019-03-26,PRICE_PERCENTILE
2020-11-09,半导体,3687.612,1.1632,47.62,50.0,2020-06-02,PRICE_PERCENTILE
2020-11-09,新能源,3109.605,1.7026,100.0,50.0,2020-04-03,PRICE_PERCENTILE
2020-11-09,沪深300,4981.35,1.674,100.0,50.0,2009-07-10,PRICE_PERCENTILE
2020-11-09,消费,24658.014,3.0883,96.59,50.0,2015-03-24,PRICE_PERCENTILE
2020-11-09,科技,2813.998,2.8243,97.07,50.0,2011-09-20,PRICE_PERCENTILE
2020-11-10,医药,14433.964,1.5348,68.93,50.0,2019-03-26,PRICE_PERCENTILE
2020-11-10,半导体,3662.681,1.1322,45.28,50.0,2020-06-02,PRICE_PERCENTILE
2020-11-10,新能源,3047.047,1.6799,97.93,50.0,2020-04-03,PRICE_PERCENTILE
2020-11-10,沪深300,4953.876,1.6651,99.51,50.0,2009-07-10,PRICE_PERCENTILE
2020-11-10,消费,24760.342,3.1005,97.09,50.0,2015-03-24,PRICE_PERCENTILE
2020-11-10,科技,2773.218,2.7859,93.2,50.0,2011-09-20,PRICE_PERCENTILE
2020-11-11,医药,14092.788,1.5005,61.35,50.0,2019-03-26,PRICE_PERCENTILE
2020-11-11,半导体,3722.008,1.0768,57.01,50.0,2020-06-02,PRICE_PERCENTILE
2020-11-11,新能源,2942.827,1.6265,97.26,50.0,2020-04-03,PRICE_PERCENTILE
2020-11-11,沪深300,4904.898,1.6495,99.03,50.0,2009-07-10,PRICE_PERCENTILE
2020-11-11,消费,24605.426,3.0822,95.65,50.0,2015-03-24,PRICE_PERCENTILE
2020-11-11,科技,2681.524,2.6987,77.78,50.0,2011-09-20,PRICE_PERCENTILE
2020-11-12,医药,14233.512,1.5145,65.87,50.0,2019-03-26,PRICE_PERCENTILE
2020-11-12,半导体,3677.108,1.0782,46.3,50.0,2020-06-02,PRICE_PERCENTILE
2020-11-12,新能源,2976.559,1.6447,97.28,50.0,2020-04-03,PRICE_PERCENTILE
2020-11-12,沪深300,4908.463,1.6509,99.04,50.0,2009-07-10,PRICE_PERCENTILE
2020-11-12,消费,24570.969,3.0783,95.19,50.0,2015-03-24,PRICE_PERCENTILE
2020-11-12,科技,2700.51,2.7167,81.25,50.0,2011-09-20,PRICE_PERCENTILE
2020-11-13,医药,14163.132,1.5074,62.2,50.0,2019-03-26,PRICE_PERCENTILE
2020-11-13,半导体,3635.225,1.0864,35.78,50.0,2020-06-02,PRICE_PERCENTILE
2020-11-13,新能源,3043.745,1.677,97.3,50.0,2020-04-03,PRICE_PERCENTILE
2020-11-13,沪深300,4856.851,1.6339,97.13,50.0,2009-07-10,PRICE_PERCENTILE
2020-11-13,消费,24162.706,3.0299,90.91,50.0,2015-03-24,PRICE_PERCENTILE
2020-11-13,科技,2706.813,2.7226,82.78,50.0,2011-09-20,PRICE_PERCENTILE
2020-11-16,医药,14283.772,1.5194,67.62,50.0,2019-03-26,PRICE_PERCENTILE
2020-11-16,半导体,3704.612,1.0744,52.73,50.0,2020-06-02,PRICE_PERCENTILE
2020-11-16,新能源,3053.668,1.6711,97.99,50.0,2020-04-03,PRICE_PERCENTILE
2020-11-16,沪深300,4904.172,1.6489,98.1,50.0,2009-07-10,PRICE_PERCENTILE
2020-11-16,消费,24707.443,3.0942,96.19,50.0,2015-03-24,PRICE_PERCENTILE
2020-11-16,科技,2712.409,2.7279,83.33,50.0,2011-09-20,PRICE_PERCENTILE
2020-11-17,医药,13922.819,1.4834,57.82,50.0,2019-03-26,PRICE_PERCENTILE
2020-11-17,半导体,3701.811,1.0848,51.35,50.0,2020-06-02,PRICE_PERCENTILE
2020-11-17,新能源,3024.538,1.6437,96.0,50.0,2020-04-03,PRICE_PERCENTILE
2020-11-17,沪深300,4894.786,1.6458,97.63,50.0,2009-07-10,PRICE_PERCENTILE
2020-11-17,消费,24404.636,3.0585,92.42,50.0,2015-03-24,PRICE_PERCENTILE
2020-11-17,科技,2658.092,2.6764,73.46,50.0,2011-09-20,PRICE_PERCENTILE
2020-11-18,医药,13722.757,1.4634,56.13,50.0,2019-03-26,PRICE_PERCENTILE
2020-11-18,半导体,3707.444,1.0805,53.57,50.0,2020-06-02,PRICE_PERCENTILE
2020-11-18,新能源,2980.385,1.6098,95.36,50.0,2020-04-03,PRICE_PERCENTILE
2020-11-18,沪深300,4891.672,1.6448,97.17,50.0,2009-07-10,PRICE_PERCENTILE
2020-11-18,消费,24240.965,3.0397,90.57,50.0,2015-03-24,PRICE_PERCENTILE
2020-11-18,科技,2620.672,2.6411,67.45,50.0,2011-09-20,PRICE_PERCENTILE
2020-11-19,医药,13815.006,1.4724,57.28,50.0,2019-03-26,PRICE_PERCENTILE
2020-11-19,半导体,3704.045,1.0823,52.21,50.0,2020-06-02,PRICE_PERCENTILE
2020-11-19,新能源,2960.682,1.606,94.08,50.0,2020-04-03,PRICE_PERCENTILE
2020-11-19,沪深300,4927.989,1.6564,99.06,50.0,2009-07-10,PRICE_PERCENTILE
2020-11-19,消费,24542.771,3.0751,94.37,50.0,2015-03-24,PRICE_PERCENTILE
2020-11-19,科技,2645.161,2.6641,70.89,50.0,2011-09-20,PRICE_PERCENTILE
2020-11-20,医药,13893.495,1.4802,57.94,50.0,2019-03-26,PRICE_PERCENTILE
2020-11-20,半导体,3708.466,1.0818,54.39,50.0,2020-06-02,PRICE_PERCENTILE
2020-11-20,新能源,3062.991,1.6526,98.69,50.0,2020-04-03,PRICE_PERCENTILE
2020-11-20,沪深300,4943.288,1.6613,99.07,50.0,2009-07-10,PRICE_PERCENTILE
2020-11-20,消费,24709.512,3.0948,96.26,50.0,2015-03-24,PRICE_PERCENTILE
2020-11-20,科技,2667.093,2.6848,74.77,50.0,2011-09-20,PRICE_PERCENTILE
2020-11-23,医药,13863.767,1.4771,57.21,50.0,2019-03-26,PRICE_PERCENTILE
2020-11-23,半导体,3760.066,1.0853,65.22,50.0,2020-06-02,PRICE_PERCENTILE
2020-11-23,新能源,3158.118,1.6915,100.0,50.0,2020-04-03,PRICE_PERCENTILE
2020-11-23,沪深300,5005.027,1.6808,100.0,50.0,2009-07-10,PRICE_PERCENTILE
2020-11-23,消费,24890.632,3.1164,97.21,50.0,2015-03-24,PRICE_PERCENTILE
2020-11-23,科技,2686.358,2.7031,77.67,50.0,2011-09-20,PRICE_PERCENTILE
2020-11-24,医药,13741.39,1.4649,55.56,50.0,2019-03-26,PRICE_PERCENTILE
2020-11-24,半导体,3762.154,1.0936,65.52,50.0,2020-06-02,PRICE_PERCENTILE
2020-11-24,新能源,3176.982,1.7113,100.0,50.0,2020-04-03,PRICE_PERCENTILE
2020-11-24,沪深300,4974.286,1.6711,99.07,50.0,2009-07-10,PRICE_PERCENTILE
2020-11-24,消费,24818.452,3.1082,96.76,50.0,2015-03-24,PRICE_PERCENTILE
2020-11-24,科技,2674.798,2.692,76.39,50.0,2011-09-20,PRICE_PERCENTILE
2020-11-25,医药,13445.081,1.4356,52.53,50.0,2019-03-26,PRICE_PERCENTILE
2020-11-25,半导体,3695.738,1.0881,47.01,50.0,2020-06-02,PRICE_PERCENTILE
2020-11-25,新能源,3146.318,1.6767,98.72,50.0,2020-04-03,PRICE_PERCENTILE
2020-11-25,沪深300,4910.7,1.6509,97.24,50.0,2009-07-10,PRICE_PERCENTILE
2020-11-25,消费,24159.139,3.0307,87.56,50.0,2015-03-24,PRICE_PERCENTILE
2020-11-25,科技,2615.531,2.6356,65.44,50.0,2011-09-20,PRICE_PERCENTILE
2020-11-26,医药,13409.962,1.432,52.29,50.0,2019-03-26,PRICE_PERCENTILE
2020-11-26,半导体,3691.499,1.0759,46.61,50.0,2020-06-02,PRICE_PERCENTILE
2020-11-26,新能源,3071.455,1.6494,97.45,50.0,2020-04-03,PRICE_PERCENTILE
2020-11-26,沪深300,4919.591,1.6537,97.25,50.0,2009-07-10,PRICE_PERCENTILE
2020-11-26,消费,24230.359,3.039,88.53,50.0,2015-03-24,PRICE_PERCENTILE
2020-11-26,科技,2609.386,2.6297,64.68,50.0,2011-09-20,PRICE_PERCENTILE
2020-11-27,医药,13489.132,1.4397,52.97,50.0,2019-03-26,PRICE_PERCENTILE
2020-11-27,半导体,3710.003,1.0791,55.46,50.0,2020-06-02,PRICE_PERCENTILE
2020-11-27,新能源,3079.927,1.6437,97.47,50.0,2020-04-03,PRICE_PERCENTILE
2020-11-27,沪深300,4980.765,1.6735,99.09,50.0,2009-07-10,PRICE_PERCENTILE
2020-11-27,消费,24457.245,3.0662,91.32,50.0,2015-03-24,PRICE_PERCENTILE
2020-11-27,科技,2618.991,2.6389,66.21,50.0,2011-09-20,PRICE_PERCENTILE
2020-11-30,医药,13520.518,1.4424,53.18,50.0,2019-03-26,PRICE_PERCENTILE
2020-11-30,半导体,3721.318,1.0865,59.17,50.0,2020-06-02,PRICE_PERCENTILE
2020-11-30,新能源,3072.215,1.6395,96.86,50.0,2020-04-03,PRICE_PERCENTILE
2020-11-30,沪深300,4960.252,1.6671,98.18,50.0,2009-07-10,PRICE_PERCENTILE
2020-11-30,消费,23975.383,3.0092,82.73,50.0,2015-03-24,PRICE_PERCENTILE
2020-11-30,科技,2631.889,2.651,68.18,50.0,2011-09-20,PRICE_PERCENTILE
2020-12-01,医药,13898.933,1.4803,59.28,50.0,2019-03-26,PRICE_PERCENTILE
2020-12-01,半导体,3752.58,1.1035,65.29,50.0,2020-06-02,PRICE_PERCENTILE
2020-12-01,新能源,3125.265,1.6588,98.12,50.0,2020-04-03,PRICE_PERCENTILE
2020-12-01,沪深300,5067.098,1.7011,100.0,50.0,2009-07-10,PRICE_PERCENTILE
2020-12-01,消费,24368.919,3.0555,90.05,50.0,2015-03-24,PRICE_PERCENTILE
2020-12-01,科技,2698.443,2.7143,80.54,50.0,2011-09-20,PRICE_PERCENTILE
2020-12-02,医药,13860.777,1.4766,57.66,50.0,2019-03-26,PRICE_PERCENTILE
2020-12-02,半导体,3759.485,1.1249,65.57,50.0,2020-06-02,PRICE_PERCENTILE
2020-12-02,新能源,3082.203,1.6464,96.89,50.0,2020-04-03,PRICE_PERCENTILE
2020-12-02,沪深300,5067.145,1.7012,100.0,50.0,2009-07-10,PRICE_PERCENTILE
2020-12-02,消费,24446.033,3.0648,90.54,50.0,2015-03-24,PRICE_PERCENTILE
2020-12-02,科技,2682.972,2.6993,77.03,50.0,2011-09-20,PRICE_PERCENTILE
2020-12-03,医药,14192.343,1.5095,65.92,50.0,2019-03-26,PRICE_PERCENTILE
2020-12-03,半导体,3733.868,1.1133,61.79,50.0,2020-06-02,PRICE_PERCENTILE
2020-12-03,新能源,3065.962,1.65,93.83,50.0,2020-04-03,PRICE_PERCENTILE
2020-12-03,沪深300,5057.06,1.698,99.1,50.0,2009-07-10,PRICE_PERCENTILE
2020-12-03,消费,24694.781,3.0941,94.62,50.0,2015-03-24,PRICE_PERCENTILE
2020-12-03,科技,2712.518,2.7274,84.3,50.0,2011-09-20,PRICE_PERCENTILE
2020-12-04,医药,14363.122,1.5267,70.09,50.0,2019-03-26,PRICE_PERCENTILE
2020-12-04,半导体,3702.734,1.1198,48.39,50.0,2020-06-02,PRICE_PERCENTILE
2020-12-04,新能源,3104.031,1.6749,96.93,50.0,2020-04-03,PRICE_PERCENTILE
2020-12-04,沪深300,5065.916,1.7007,99.11,50.0,2009-07-10,PRICE_PERCENTILE
2020-12-04,消费,25226.346,3.1568,97.77,50.0,2015-03-24,PRICE_PERCENTILE
2020-12-04,科技,2730.837,2.7447,85.27,50.0,2011-09-20,PRICE_PERCENTILE
2020-12-07,医药,14199.921,1.5102,66.67,50.0,2019-03-26,PRICE_PERCENTILE
2020-12-07,半导体,3664.075,1.1221,40.0,50.0,2020-06-02,PRICE_PERCENTILE
2020-12-07,新能源,3113.042,1.6932,97.56,50.0,2020-04-03,PRICE_PERCENTILE
2020-12-07,沪深300,5022.235,1.6869,98.22,50.0,2009-07-10,PRICE_PERCENTILE
2020-12-07,消费,25410.322,3.179,97.78,50.0,2015-03-24,PRICE_PERCENTILE
2020-12-07,科技,2726.483,2.7404,84.44,50.0,2011-09-20,PRICE_PERCENTILE
2020-12-08,医药,14174.499,1.5077,64.16,50.0,2019-03-26,PRICE_PERCENTILE
2020-12-08,半导体,3639.022,1.1153,33.33,50.0,2020-06-02,PRICE_PERCENTILE
2020-12-08,新能源,3196.189,1.7349,100.0,50.0,2020-04-03,PRICE_PERCENTILE
2020-12-08,沪深300,5009.879,1.6829,97.79,50.0,2009-07-10,PRICE_PERCENTILE
2020-12-08,消费,25564.319,3.1973,99.12,50.0,2015-03-24,PRICE_PERCENTILE
2020-12-08,科技,2746.281,2.7592,88.94,50.0,2011-09-20,PRICE_PERCENTILE
2020-12-09,医药,13999.916,1.4902,59.47,50.0,2019-03-26,PRICE_PERCENTILE
2020-12-09,半导体,3598.66,1.0833,22.05,50.0,2020-06-02,PRICE_PERCENTILE
2020-12-09,新能源,3158.93,1.7165,98.8,50.0,2020-04-03,PRICE_PERCENTILE
2020-12-09,沪深300,4942.699,1.6615,94.27,50.0,2009-07-10,PRICE_PERCENTILE
2020-12-09,消费,25284.742,3.1638,96.92,50.0,2015-03-24,PRICE_PERCENTILE
2020-12-09,科技,2697.826,2.7133,78.85,50.0,2011-09-20,PRICE_PERCENTILE
2020-12-10,医药,14102.601,1.5008,61.84,50.0,2019-03-26,PRICE_PERCENTILE
2020-12-10,半导体,3586.146,1.096,20.31,50.0,2020-06-02,PRICE_PERCENTILE
2020-12-10,新能源,3120.869,1.7056,96.41,50.0,2020-04-03,PRICE_PERCENTILE
2020-12-10,沪深300,4940.525,1.6611,93.86,50.0,2009-07-10,PRICE_PERCENTILE
2020-12-10,消费,25306.116,3.1658,96.93,50.0,2015-03-24,PRICE_PERCENTILE
2020-12-10,科技,2718.545,2.733,83.33,50.0,2011-09-20,PRICE_PERCENTILE
2020-12-11,医药,13960.392,1.4841,58.52,50.0,2019-03-26,PRICE_PERCENTILE
2020-12-11,半导体,3545.056,1.0821,15.5,50.0,2020-06-02,PRICE_PERCENTILE
2020-12-11,新能源,3094.975,1.6938,94.05,50.0,2020-04-03,PRICE_PERCENTILE
2020-12-11,沪深300,4889.629,1.6446,89.96,50.0,2009-07-10,PRICE_PERCENTILE
2020-12-11,消费,25151.879,3.1394,95.63,50.0,2015-03-24,PRICE_PERCENTILE
2020-12-11,科技,2687.781,2.7076,75.98,50.0,2011-09-20,PRICE_PERCENTILE
2020-12-14,医药,14123.31,1.4996,62.17,50.0,2019-03-26,PRICE_PERCENTILE
2020-12-14,半导体,3543.55,1.0978,15.38,50.0,2020-06-02,PRICE_PERCENTILE
2020-12-14,新能源,3189.315,1.7418,99.41,50.0,2020-04-03,PRICE_PERCENTILE
2020-12-14,沪深300,4934.835,1.6584,93.48,50.0,2009-07-10,PRICE_PERCENTILE
2020-12-14,消费,25792.412,3.2143,100.0,50.0,2015-03-24,PRICE_PERCENTILE
2020-12-14,科技,2726.601,2.7442,84.35,50.0,2011-09-20,PRICE_PERCENTILE
2020-12-15,医药,14374.202,1.5247,71.0,50.0,2019-03-26,PRICE_PERCENTILE
2020-12-15,半导体,3541.653,1.087,15.27,50.0,2020-06-02,PRICE_PERCENTILE
2020-12-15,新能源,3230.013,1.7579,100.0,50.0,2020-04-03,PRICE_PERCENTILE
2020-12-15,沪深300,4945.1,1.6618,94.81,50.0,2009-07-10,PRICE_PERCENTILE
2020-12-15,消费,25709.416,3.2045,99.57,50.0,2015-03-24,PRICE_PERCENTILE
2020-12-15,科技,2758.854,2.7748,91.77,50.0,2011-09-20,PRICE_PERCENTILE
2020-12-16,医药,14451.002,1.5323,72.84,50.0,2019-03-26,PRICE_PERCENTILE
2020-12-16,半导体,3519.637,1.0732,15.15,50.0,2020-06-02,PRICE_PERCENTILE
2020-12-16,新能源,3207.806,1.7585,99.42,50.0,2020-04-03,PRICE_PERCENTILE
2020-12-16,沪深300,4953.867,1.6647,94.83,50.0,2009-07-10,PRICE_PERCENTILE
2020-12-16,消费,25976.107,3.2356,100.0,50.0,2015-03-24,PRICE_PERCENTILE
2020-12-16,科技,2760.64,2.7764,91.81,50.0,2011-09-20,PRICE_PERCENTILE
2020-12-17,医药,14804.569,1.5682,80.26,50.0,2019-03-26,PRICE_PERCENTILE
2020-12-17,半导体,3546.105,1.0787,18.05,50.0,2020-06-02,PRICE_PERCENTILE
2020-12-17,新能源,3244.411,1.7858,100.0,50.0,2020-04-03,PRICE_PERCENTILE
2020-12-17,沪深300,5017.478,1.685,97.85,50.0,2009-07-10,PRICE_PERCENTILE
2020-12-17,消费,26283.122,3.2717,100.0,50.0,2015-03-24,PRICE_PERCENTILE
2020-12-17,科技,2785.615,2.8002,95.28,50.0,2011-09-20,PRICE_PERCENTILE
2020-12-18,医药,14744.753,1.5619,79.06,50.0,2019-03-26,PRICE_PERCENTILE
2020-12-18,半导体,3562.071,1.0714,19.4,50.0,2020-06-02,PRICE_PERCENTILE
2020-12-18,新能源,3330.423,1.8317,100.0,50.0,2020-04-03,PRICE_PERCENTILE
2020-12-18,沪深300,4999.968,1.6794,96.58,50.0,2009-07-10,PRICE_PERCENTILE
2020-12-18,消费,25997.83,3.2382,99.57,50.0,2015-03-24,PRICE_PERCENTILE
2020-12-18,科技,2780.73,2.7954,94.44,50.0,2011-09-20,PRICE_PERCENTILE
2020-12-21,医药,14915.782,1.5791,82.98,50.0,2019-03-26,PRICE_PERCENTILE
2020-12-21,半导体,3554.878,1.0962,18.52,50.0,2020-06-02,PRICE_PERCENTILE
2020-12-21,新能源,3503.801,1.9282,100.0,50.0,2020-04-03,PRICE_PERCENTILE
2020-12-21,沪深300,5046.84,1.6944,98.3,50.0,2009-07-10,PRICE_PERCENTILE
2020-12-21,消费,26348.429,3.2793,100.0,50.0,2015-03-24,PRICE_PERCENTILE
2020-12-21,科技,2882.443,2.8902,99.57,50.0,2011-09-20,PRICE_PERCENTILE
2020-12-22,医药,14850.348,1.5724,81.78,50.0,2019-03-26,PRICE_PERCENTILE
2020-12-22,半导体,3477.09,1.0585,13.24,50.0,2020-06-02,PRICE_PERCENTILE
2020-12-22,新能源,3381.323,1.878,99.43,50.0,2020-04-03,PRICE_PERCENTILE
2020-12-22,沪深300,4964.773,1.6683,94.49,50.0,2009-07-10,PRICE_PERCENTILE
2020-12-22,消费,26269.458,3.2699,99.15,50.0,2015-03-24,PRICE_PERCENTILE
2020-12-22,科技,2811.749,2.8234,96.19,50.0,2011-09-20,PRICE_PERCENTILE
2020-12-23,医药,14798.569,1.567,79.32,50.0,2019-03-26,PRICE_PERCENTILE
2020-12-23,半导体,3484.993,1.0909,13.87,50.0,2020-06-02,PRICE_PERCENTILE
2020-12-23,新能源,3454.551,1.9086,99.43,50.0,2020-04-03,PRICE_PERCENTILE
2020-12-23,沪深300,5007.124,1.6818,96.62,50.0,2009-07-10,PRICE_PERCENTILE
2020-12-23,消费,26358.887,3.2804,100.0,50.0,2015-03-24,PRICE_PERCENTILE
2020-12-23,科技,2842.97,2.853,97.89,50.0,2011-09-20,PRICE_PERCENTILE
2020-12-24,医药,14765.26,1.5637,78.15,50.0,2019-03-26,PRICE_PERCENTILE
2020-12-24,半导体,3448.538,1.0876,9.42,50.0,2020-06-02,PRICE_PERCENTILE
2020-12-24,新能源,3399.636,1.8908,98.87,50.0,2020-04-03,PRICE_PERCENTILE
2020-12-24,沪深300,5000.015,1.6795,95.8,50.0,2009-07-10,PRICE_PERCENTILE
2020-12-24,消费,26075.64,3.2469,98.32,50.0,2015-03-24,PRICE_PERCENTILE
2020-12-24,科技,2820.753,2.8319,97.06,50.0,2011-09-20,PRICE_PERCENTILE
2020-12-25,医药,15045.662,1.5916,84.52,50.0,2019-03-26,PRICE_PERCENTILE
2020-12-25,半导体,3476.561,1.0797,13.67,50.0,2020-06-02,PRICE_PERCENTILE
2020-12-25,新能源,3517.315,1.9561,100.0,50.0,2020-04-03,PRICE_PERCENTILE
2020-12-25,沪深300,5042.014,1.6928,97.91,50.0,2009-07-10,PRICE_PERCENTILE
2020-12-25,消费,26159.757,3.2569,98.33,50.0,2015-03-24,PRICE_PERCENTILE
2020-12-25,科技,2840.801,2.8504,97.49,50.0,2011-09-20,PRICE_PERCENTILE
2020-12-28,医药,14868.477,1.5743,81.67,50.0,2019-03-26,PRICE_PERCENTILE
2020-12-28,半导体,3434.459,1.0655,9.29,50.0,2020-06-02,PRICE_PERCENTILE
2020-12-28,新能源,3540.982,1.9591,100.0,50.0,2020-04-03,PRICE_PERCENTILE
2020-12-28,沪深300,5064.415,1.7,98.75,50.0,2009-07-10,PRICE_PERCENTILE
2020-12-28,消费,26846.309,3.338,100.0,50.0,2015-03-24,PRICE_PERCENTILE
2020-12-28,科技,2842.81,2.8517,97.5,50.0,2011-09-20,PRICE_PERCENTILE
2020-12-29,医药,14736.499,1.561,76.76,50.0,2019-03-26,PRICE_PERCENTILE
2020-12-29,半导体,3439.961,1.0694,9.93,50.0,2020-06-02,PRICE_PERCENTILE
2020-12-29,新能源,3367.654,1.875,96.67,50.0,2020-04-03,PRICE_PERCENTILE
2020-12-29,沪深300,5042.936,1.6932,97.51,50.0,2009-07-10,PRICE_PERCENTILE
2020-12-29,消费,26534.767,3.3011,99.59,50.0,2015-03-24,PRICE_PERCENTILE
2020-12-29,科技,2812.997,2.823,94.61,50.0,2011-09-20,PRICE_PERCENTILE
2020-12-30,医药,14942.764,1.5813,83.47,50.0,2019-03-26,PRICE_PERCENTILE
2020-12-30,半导体,3426.772,1.0826,7.75,50.0,2020-06-02,PRICE_PERCENTILE
2020-12-30,新能源,3517.058,1.9472,98.9,50.0,2020-04-03,PRICE_PERCENTILE
2020-12-30,沪深300,5113.711,1.716,100.0,50.0,2009-07-10,PRICE_PERCENTILE
2020-12-30,消费,27062.606,3.3632,100.0,50.0,2015-03-24,PRICE_PERCENTILE
2020-12-30,科技,2900.538,2.906,100.0,50.0,2011-09-20,PRICE_PERCENTILE
2020-12-31,医药,15102.665,1.5974,87.24,50.0,2019-03-26,PRICE_PERCENTILE
2020-12-31,半导体,3461.012,1.0968,14.69,50.0,2020-06-02,PRICE_PERCENTILE
2020-12-31,新能源,3593.407,1.9782,100.0,50.0,2020-04-03,PRICE_PERCENTILE
2020-12-31,沪深300,5211.289,1.7473,100.0,50.0,2009-07-10,PRICE_PERCENTILE
2020-12-31,消费,27435.063,3.4071,100.0,50.0,2015-03-24,PRICE_PERCENTILE
2020-12-31,科技,2966.256,2.9686,100.0,50.0,2011-09-20,PRICE_PERCENTILE
2021-01-04,医药,15103.873,1.5974,87.3,50.0,2019-03-26,PRICE_PERCENTILE
2021-01-04,半导体,3464.954,1.126,15.97,50.0,2020-06-02,PRICE_PERCENTILE
2021-01-04,新能源,3801.567,2.1114,100.0,50.0,2020-04-03,PRICE_PERCENTILE
2021-01-04,沪深300,5267.718,1.7652,100.0,50.0,2009-07-10,PRICE_PERCENTILE
2021-01-04,消费,28521.319,3.5356,100.0,50.0,2015-03-24,PRICE_PERCENTILE
2021-01-04,科技,3078.111,3.0745,100.0,50.0,2011-09-20,PRICE_PERCENTILE
2021-01-05,医药,15411.832,1.6298,91.84,50.0,2019-03-26,PRICE_PERCENTILE
2021-01-05,半导体,3466.577,1.18,16.55,50.0,2020-06-02,PRICE_PERCENTILE
2021-01-05,新能源,3819.604,2.1245,100.0,50.0,2020-04-03,PRICE_PERCENTILE
2021-01-05,沪深300,5368.505,1.7972,100.0,50.0,2009-07-10,PRICE_PERCENTILE
2021-01-05,消费,29974.877,3.7074,100.0,50.0,2015-03-24,PRICE_PERCENTILE
2021-01-05,科技,3097.977,3.093,100.0,50.0,2011-09-20,PRICE_PERCENTILE
2021-01-06,医药,15670.004,1.6563,95.53,50.0,2019-03-26,PRICE_PERCENTILE
2021-01-06,半导体,3510.25,1.1633,20.55,50.0,2020-06-02,PRICE_PERCENTILE
2021-01-06,新能源,3784.716,2.0955,98.92,50.0,2020-04-03,PRICE_PERCENTILE
2021-01-06,沪深300,5417.668,1.8128,100.0,50.0,2009-07-10,PRICE_PERCENTILE
2021-01-06,消费,30214.601,3.7357,100.0,50.0,2015-03-24,PRICE_PERCENTILE
2021-01-06,科技,3115.091,3.1089,100.0,50.0,2011-09-20,PRICE_PERCENTILE
2021-01-07,医药,15767.29,1.6658,97.17,50.0,2019-03-26,PRICE_PERCENTILE
2021-01-07,半导体,3445.357,1.1729,10.88,50.0,2020-06-02,PRICE_PERCENTILE
2021-01-07,新能源,3893.071,2.1459,100.0,50.0,2020-04-03,PRICE_PERCENTILE
2021-01-07,沪深300,5513.657,1.8433,100.0,50.0,2009-07-10,PRICE_PERCENTILE
2021-01-07,消费,30609.195,3.7826,100.0,50.0,2015-03-24,PRICE_PERCENTILE
2021-01-07,科技,3162.398,3.1534,100.0,50.0,2011-09-20,PRICE_PERCENTILE
2021-01-08,医药,15803.199,1.669,97.18,50.0,2019-03-26,PRICE_PERCENTILE
2021-01-08,半导体,3454.708,1.1699,14.19,50.0,2020-06-02,PRICE_PERCENTILE
2021-01-08,新能源,3891.591,2.1308,99.47,50.0,2020-04-03,PRICE_PERCENTILE
2021-01-08,沪深300,5495.431,1.8376,99.6,50.0,2009-07-10,PRICE_PERCENTILE
2021-01-08,消费,29759.558,3.6829,98.79,50.0,2015-03-24,PRICE_PERCENTILE
2021-01-08,科技,3150.78,3.1423,99.6,50.0,2011-09-20,PRICE_PERCENTILE
2021-01-11,医药,15528.016,1.6413,91.97,50.0,2019-03-26,PRICE_PERCENTILE
2021-01-11,半导体,3393.741,1.1882,3.36,50.0,2020-06-02,PRICE_PERCENTILE
2021-01-11,新能源,3770.951,2.0632,97.34,50.0,2020-04-03,PRICE_PERCENTILE
2021-01-11,沪深300,5441.158,1.8202,99.2,50.0,2009-07-10,PRICE_PERCENTILE
2021-01-11,消费,28786.436,3.5692,98.39,50.0,2015-03-24,PRICE_PERCENTILE
2021-01-11,科技,3092.861,3.0873,98.39,50.0,2011-09-20,PRICE_PERCENTILE
2021-01-12,医药,15759.894,1.6639,96.4,50.0,2019-03-26,PRICE_PERCENTILE
2021-01-12,半导体,3443.562,1.2167,11.33,50.0,2020-06-02,PRICE_PERCENTILE
2021-01-12,新能源,3853.133,2.1033,98.94,50.0,2020-04-03,PRICE_PERCENTILE
2021-01-12,沪深300,5596.353,1.8696,100.0,50.0,2009-07-10,PRICE_PERCENTILE
2021-01-12,消费,29430.856,3.6447,98.4,50.0,2015-03-24,PRICE_PERCENTILE
2021-01-12,科技,3180.35,3.17,100.0,50.0,2011-09-20,PRICE_PERCENTILE
2021-01-13,医药,15511.643,1.639,91.24,50.0,2019-03-26,PRICE_PERCENTILE
2021-01-13,半导体,3526.043,1.2388,23.84,50.0,2020-06-02,PRICE_PERCENTILE
2021-01-13,新能源,3717.132,2.0446,96.32,50.0,2020-04-03,PRICE_PERCENTILE
2021-01-13,沪深300,5577.971,1.8637,99.6,50.0,2009-07-10,PRICE_PERCENTILE
2021-01-13,消费,29098.409,3.6054,98.01,50.0,2015-03-24,PRICE_PERCENTILE
2021-01-13,科技,3130.298,3.1228,98.8,50.0,2011-09-20,PRICE_PERCENTILE
2021-01-14,医药,15318.357,1.6198,88.49,50.0,2019-03-26,PRICE_PERCENTILE
2021-01-14,半导体,3583.724,1.2349,32.24,50.0,2020-06-02,PRICE_PERCENTILE
2021-01-14,新能源,3619.435,1.9958,95.81,50.0,2020-04-03,PRICE_PERCENTILE
2021-01-14,沪深300,5470.456,1.8295,98.41,50.0,2009-07-10,PRICE_PERCENTILE
2021-01-14,消费,28352.185,3.5182,96.83,50.0,2015-03-24,PRICE_PERCENTILE
2021-01-14,科技,3089.177,3.0842,97.22,50.0,2011-09-20,PRICE_PERCENTILE
2021-01-15,医药,15278.7,1.6159,88.14,50.0,2019-03-26,PRICE_PERCENTILE
2021-01-15,半导体,3546.545,1.2118,26.8,50.0,2020-06-02,PRICE_PERCENTILE
2021-01-15,新能源,3694.941,2.0404,95.83,50.0,2020-04-03,PRICE_PERCENTILE
2021-01-15,沪深300,5458.081,1.8256,98.02,50.0,2009-07-10,PRICE_PERCENTILE
2021-01-15,消费,27787.934,3.4526,96.44,50.0,2015-03-24,PRICE_PERCENTILE
2021-01-15,科技,3089.945,3.0851,97.23,50.0,2011-09-20,PRICE_PERCENTILE
2021-01-18,医药,15315.144,1.6195,88.19,50.0,2019-03-26,PRICE_PERCENTILE
2021-01-18,半导体,3537.927,1.2799,24.03,50.0,2020-06-02,PRICE_PERCENTILE
2021-01-18,新能源,3719.771,2.0547,96.37,50.0,2020-04-03,PRICE_PERCENTILE
2021-01-18,沪深300,5518.521,1.8448,99.21,50.0,2009-07-10,PRICE_PERCENTILE
2021-01-18,消费,27734.267,3.4464,96.06,50.0,2015-03-24,PRICE_PERCENTILE
2021-01-18,科技,3149.2,3.1406,98.82,50.0,2011-09-20,PRICE_PERCENTILE
2021-01-19,医药,15063.051,1.594,81.96,50.0,2019-03-26,PRICE_PERCENTILE
2021-01-19,半导体,3530.913,1.2606,23.87,50.0,2020-06-02,PRICE_PERCENTILE
2021-01-19,新能源,3609.904,2.0018,94.33,50.0,2020-04-03,PRICE_PERCENTILE
2021-01-19,沪深300,5437.523,1.8192,96.86,50.0,2009-07-10,PRICE_PERCENTILE
2021-01-19,消费,27175.204,3.3808,95.29,50.0,2015-03-24,PRICE_PERCENTILE
2021-01-19,科技,3084.488,3.0795,96.08,50.0,2011-09-20,PRICE_PERCENTILE
2021-01-20,医药,15561.37,1.6448,92.19,50.0,2019-03-26,PRICE_PERCENTILE
2021-01-20,半导体,3503.743,1.2713,21.15,50.0,2020-06-02,PRICE_PERCENTILE
2021-01-20,新能源,3742.918,2.0868,96.41,50.0,2020-04-03,PRICE_PERCENTILE
2021-01-20,沪深300,5476.434,1.8317,98.05,50.0,2009-07-10,PRICE_PERCENTILE
2021-01-20,消费,27349.951,3.4024,95.31,50.0,2015-03-24,PRICE_PERCENTILE
2021-01-20,科技,3204.932,3.1925,100.0,50.0,2011-09-20,PRICE_PERCENTILE
2021-01-21,医药,15909.372,1.6784,97.67,50.0,2019-03-26,PRICE_PERCENTILE
2021-01-21,半导体,3500.708,1.2721,21.02,50.0,2020-06-02,PRICE_PERCENTILE
2021-01-21,新能源,3838.359,2.1308,98.47,50.0,2020-04-03,PRICE_PERCENTILE
2021-01-21,沪深300,5564.969,1.8598,99.22,50.0,2009-07-10,PRICE_PERCENTILE
2021-01-21,消费,27957.543,3.4747,96.5,50.0,2015-03-24,PRICE_PERCENTILE
2021-01-21,科技,3283.721,3.2672,100.0,50.0,2011-09-20,PRICE_PERCENTILE
2021-01-22,医药,16585.589,1.7454,100.0,50.0,2019-03-26,PRICE_PERCENTILE
2021-01-22,半导体,3442.742,1.2575,10.76,50.0,2020-06-02,PRICE_PERCENTILE
2021-01-22,新能源,3949.107,2.1856,100.0,50.0,2020-04-03,PRICE_PERCENTILE
2021-01-22,沪深300,5569.776,1.8613,99.22,50.0,2009-07-10,PRICE_PERCENTILE
2021-01-22,消费,27925.656,3.4709,96.12,50.0,2015-03-24,PRICE_PERCENTILE
2021-01-22,科技,3358.238,3.3374,100.0,50.0,2011-09-20,PRICE_PERCENTILE
2021-01-25,医药,16674.323,1.7543,100.0,50.0,2019-03-26,PRICE_PERCENTILE
2021-01-25,半导体,3417.59,1.2429,5.66,50.0,2020-06-02,PRICE_PERCENTILE
2021-01-25,新能源,3950.054,2.1821,100.0,50.0,2020-04-03,PRICE_PERCENTILE
2021-01-25,沪深300,5625.923,1.8788,100.0,50.0,2009-07-10,PRICE_PERCENTILE
2021-01-25,消费,28987.832,3.596,97.68,50.0,2015-03-24,PRICE_PERCENTILE
2021-01-25,科技,3355.24,3.3346,99.61,50.0,2011-09-20,PRICE_PERCENTILE
2021-01-26,医药,16218.654,1.7074,98.08,50.0,2019-03-26,PRICE_PERCENTILE
2021-01-26,半导体,3403.03,1.2165,4.38,50.0,2020-06-02,PRICE_PERCENTILE
2021-01-26,新能源,3835.07,2.1231,96.98,50.0,2020-04-03,PRICE_PERCENTILE
2021-01-26,沪深300,5512.968,1.8429,97.31,50.0,2009-07-10,PRICE_PERCENTILE
2021-01-26,消费,28748.457,3.5674,96.92,50.0,2015-03-24,PRICE_PERCENTILE
2021-01-26,科技,3258.355,3.2434,98.85,50.0,2011-09-20,PRICE_PERCENTILE
2021-01-27,医药,16129.587,1.6981,97.7,50.0,2019-03-26,PRICE_PERCENTILE
2021-01-27,半导体,3411.679,1.2104,6.21,50.0,2020-06-02,PRICE_PERCENTILE
2021-01-27,新能源,3860.75,2.1337,98.0,50.0,2020-04-03,PRICE_PERCENTILE
2021-01-27,沪深300,5528.003,1.8475,98.08,50.0,2009-07-10,PRICE_PERCENTILE
2021-01-27,消费,28500.461,3.538,96.17,50.0,2015-03-24,PRICE_PERCENTILE
2021-01-27,科技,3281.031,3.2647,98.85,50.0,2011-09-20,PRICE_PERCENTILE
2021-01-28,医药,15657.49,1.6503,91.6,50.0,2019-03-26,PRICE_PERCENTILE
2021-01-28,半导体,3371.9,1.1617,1.85,50.0,2020-06-02,PRICE_PERCENTILE
2021-01-28,新能源,3700.1,2.0575,92.54,50.0,2020-04-03,PRICE_PERCENTILE
2021-01-28,沪深300,5377.143,1.7998,93.89,50.0,2009-07-10,PRICE_PERCENTILE
2021-01-28,消费,27972.464,3.4753,95.42,50.0,2015-03-24,PRICE_PERCENTILE
2021-01-28,科技,3161.863,3.1527,96.95,50.0,2011-09-20,PRICE_PERCENTILE
2021-01-29,医药,15538.128,1.6379,89.35,50.0,2019-03-26,PRICE_PERCENTILE
2021-01-29,半导体,3350.836,1.1399,1.23,50.0,2020-06-02,PRICE_PERCENTILE
2021-01-29,新能源,3623.529,2.0225,91.58,50.0,2020-04-03,PRICE_PERCENTILE
2021-01-29,沪深300,5351.965,1.7916,93.16,50.0,2009-07-10,PRICE_PERCENTILE
2021-01-29,消费,27926.834,3.4698,94.68,50.0,2015-03-24,PRICE_PERCENTILE
2021-01-29,科技,3128.865,3.1215,95.44,50.0,2011-09-20,PRICE_PERCENTILE
2021-02-01,医药,15860.218,1.6698,95.45,50.0,2019-03-26,PRICE_PERCENTILE
2021-02-01,半导体,3386.069,1.1459,4.27,50.0,2020-06-02,PRICE_PERCENTILE
2021-02-01,新能源,3599.851,2.0246,90.15,50.0,2020-04-03,PRICE_PERCENTILE
2021-02-01,沪深300,5417.648,1.8126,93.94,50.0,2009-07-10,PRICE_PERCENTILE
2021-02-01,消费,28017.006,3.4805,95.45,50.0,2015-03-24,PRICE_PERCENTILE
2021-02-01,科技,3159.993,3.1503,96.59,50.0,2011-09-20,PRICE_PERCENTILE
2021-02-02,医药,16117.085,1.6947,96.98,50.0,2019-03-26,PRICE_PERCENTILE
2021-02-02,半导体,3391.218,1.1553,4.85,50.0,2020-06-02,PRICE_PERCENTILE
2021-02-02,新能源,3798.746,2.1053,95.1,50.0,2020-04-03,PRICE_PERCENTILE
2021-02-02,沪深300,5501.092,1.8391,96.6,50.0,2009-07-10,PRICE_PERCENTILE
2021-02-02,消费,28882.258,3.582,97.36,50.0,2015-03-24,PRICE_PERCENTILE
2021-02-02,科技,3228.698,3.2146,98.11,50.0,2011-09-20,PRICE_PERCENTILE
2021-02-03,医药,16215.462,1.7042,97.74,50.0,2019-03-26,PRICE_PERCENTILE
2021-02-03,半导体,3328.965,1.1149,0.6,50.0,2020-06-02,PRICE_PERCENTILE
2021-02-03,新能源,3786.284,2.0993,94.63,50.0,2020-04-03,PRICE_PERCENTILE
2021-02-03,沪深300,5485.201,1.8341,95.86,50.0,2009-07-10,PRICE_PERCENTILE
2021-02-03,消费,29053.217,3.6017,97.74,50.0,2015-03-24,PRICE_PERCENTILE
2021-02-03,科技,3223.766,3.21,97.74,50.0,2011-09-20,PRICE_PERCENTILE
2021-02-04,医药,16001.449,1.6835,96.25,50.0,2019-03-26,PRICE_PERCENTILE
2021-02-04,半导体,3267.654,1.1134,0.6,50.0,2020-06-02,PRICE_PERCENTILE
2021-02-04,新能源,3690.286,2.0528,90.78,50.0,2020-04-03,PRICE_PERCENTILE
2021-02-04,沪深300,5473.948,1.8303,95.13,50.0,2009-07-10,PRICE_PERCENTILE
2021-02-04,消费,29131.294,3.6111,98.13,50.0,2015-03-24,PRICE_PERCENTILE
2021-02-04,科技,3200.549,3.1881,97.0,50.0,2011-09-20,PRICE_PERCENTILE
2021-02-05,医药,16344.557,1.7168,98.51,50.0,2019-03-26,PRICE_PERCENTILE
2021-02-05,半导体,3275.367,1.087,1.19,50.0,2020-06-02,PRICE_PERCENTILE
2021-02-05,新能源,3561.966,1.9968,87.92,50.0,2020-04-03,PRICE_PERCENTILE
2021-02-05,沪深300,5483.414,1.8333,95.52,50.0,2009-07-10,PRICE_PERCENTILE
2021-02-05,消费,29401.597,3.6429,98.13,50.0,2015-03-24,PRICE_PERCENTILE
2021-02-05,科技,3193.707,3.1816,96.64,50.0,2011-09-20,PRICE_PERCENTILE
2021-02-08,医药,16689.124,1.7506,100.0,50.0,2019-03-26,PRICE_PERCENTILE
2021-02-08,半导体,3286.899,1.1165,1.78,50.0,2020-06-02,PRICE_PERCENTILE
2021-02-08,新能源,3640.385,2.0305,90.38,50.0,2020-04-03,PRICE_PERCENTILE
2021-02-08,沪深300,5564.562,1.8589,98.14,50.0,2009-07-10,PRICE_PERCENTILE
2021-02-08,消费,29990.274,3.7123,99.26,50.0,2015-03-24,PRICE_PERCENTILE
2021-02-08,科技,3278.06,3.2606,98.51,50.0,2011-09-20,PRICE_PERCENTILE
2021-02-09,医药,17017.493,1.7832,100.0,50.0,2019-03-26,PRICE_PERCENTILE
2021-02-09,半导体,3335.01,1.1315,2.94,50.0,2020-06-02,PRICE_PERCENTILE
2021-02-09,新能源,3744.934,2.0918,93.3,50.0,2020-04-03,PRICE_PERCENTILE
2021-02-09,沪深300,5686.25,1.8975,100.0,50.0,2009-07-10,PRICE_PERCENTILE
2021-02-09,消费,30717.071,3.7984,100.0,50.0,2015-03-24,PRICE_PERCENTILE
2021-02-09,科技,3334.242,3.3136,99.26,50.0,2011-09-20,PRICE_PERCENTILE
2021-02-10,医药,17499.512,1.8313,100.0,50.0,2019-03-26,PRICE_PERCENTILE
2021-02-10,半导体,3335.798,1.1399,3.51,50.0,2020-06-02,PRICE_PERCENTILE
2021-02-10,新能源,3798.033,2.116,94.76,50.0,2020-04-03,PRICE_PERCENTILE
2021-02-10,沪深300,5807.719,1.936,100.0,50.0,2009-07-10,PRICE_PERCENTILE
2021-02-10,消费,31779.735,3.9249,100.0,50.0,2015-03-24,PRICE_PERCENTILE
2021-02-10,科技,3413.81,3.3882,100.0,50.0,2011-09-20,PRICE_PERCENTILE
2021-02-18,医药,16844.781,1.765,99.26,50.0,2019-03-26,PRICE_PERCENTILE
2021-02-18,半导体,3396.754,1.1656,9.3,50.0,2020-06-02,PRICE_PERCENTILE
2021-02-18,新能源,3795.828,2.0734,94.31,50.0,2020-04-03,PRICE_PERCENTILE
2021-02-18,沪深300,5768.381,1.9234,99.63,50.0,2009-07-10,PRICE_PERCENTILE
2021-02-18,消费,30819.217,3.8095,99.63,50.0,2015-03-24,PRICE_PERCENTILE
2021-02-18,科技,3320.144,3.2996,98.53,50.0,2011-09-20,PRICE_PERCENTILE
2021-02-19,医药,16863.772,1.7668,99.27,50.0,2019-03-26,PRICE_PERCENTILE
2021-02-19,半导体,3535.67,1.1603,31.79,50.0,2020-06-02,PRICE_PERCENTILE
2021-02-19,新能源,3746.617,2.0437,92.45,50.0,2020-04-03,PRICE_PERCENTILE
2021-02-19,沪深300,5778.842,1.9267,99.63,50.0,2009-07-10,PRICE_PERCENTILE
2021-02-19,消费,31313.385,3.8672,99.63,50.0,2015-03-24,PRICE_PERCENTILE
2021-02-19,科技,3285.535,3.2673,98.17,50.0,2011-09-20,PRICE_PERCENTILE
2021-02-22,医药,16148.715,1.694,95.26,50.0,2019-03-26,PRICE_PERCENTILE
2021-02-22,半导体,3592.787,1.1321,41.38,50.0,2020-06-02,PRICE_PERCENTILE
2021-02-22,新能源,3713.77,2.0096,90.14,50.0,2020-04-03,PRICE_PERCENTILE
2021-02-22,沪深300,5597.333,1.8694,98.18,50.0,2009-07-10,PRICE_PERCENTILE
2021-02-22,消费,29848.997,3.6937,97.08,50.0,2015-03-24,PRICE_PERCENTILE
2021-02-22,科技,3138.672,3.1301,92.34,50.0,2011-09-20,PRICE_PERCENTILE
2021-02-23,医药,16090.059,1.688,93.82,50.0,2019-03-26,PRICE_PERCENTILE
2021-02-23,半导体,3543.948,1.1201,33.71,50.0,2020-06-02,PRICE_PERCENTILE
2021-02-23,新能源,3639.24,1.9743,87.85,50.0,2020-04-03,PRICE_PERCENTILE
2021-02-23,沪深300,5579.668,1.8637,97.45,50.0,2009-07-10,PRICE_PERCENTILE
2021-02-23,消费,29545.894,3.6597,96.36,50.0,2015-03-24,PRICE_PERCENTILE
2021-02-23,科技,3112.357,3.1056,90.91,50.0,2011-09-20,PRICE_PERCENTILE
2021-02-24,医药,15468.624,1.6255,84.42,50.0,2019-03-26,PRICE_PERCENTILE
2021-02-24,半导体,3526.325,1.1285,30.68,50.0,2020-06-02,PRICE_PERCENTILE
2021-02-24,新能源,3481.284,1.9053,82.79,50.0,2020-04-03,PRICE_PERCENTILE
2021-02-24,沪深300,5437.568,1.8186,90.94,50.0,2009-07-10,PRICE_PERCENTILE
2021-02-24,消费,28468.838,3.5344,92.03,50.0,2015-03-24,PRICE_PERCENTILE
2021-02-24,科技,3007.456,3.007,88.41,50.0,2011-09-20,PRICE_PERCENTILE
2021-02-25,医药,15452.234,1.6239,83.75,50.0,2019-03-26,PRICE_PERCENTILE
2021-02-25,半导体,3601.268,1.1195,44.63,50.0,2020-06-02,PRICE_PERCENTILE
2021-02-25,新能源,3420.949,1.8743,81.94,50.0,2020-04-03,PRICE_PERCENTILE
2021-02-25,沪深300,5469.558,1.8289,91.7,50.0,2009-07-10,PRICE_PERCENTILE
2021-02-25,消费,28174.785,3.5009,91.34,50.0,2015-03-24,PRICE_PERCENTILE
2021-02-25,科技,2977.176,2.9784,88.09,50.0,2011-09-20,PRICE_PERCENTILE
2021-02-26,医药,15191.059,1.598,79.5,50.0,2019-03-26,PRICE_PERCENTILE
2021-02-26,半导体,3539.343,1.104,32.58,50.0,2020-06-02,PRICE_PERCENTILE
2021-02-26,新能源,3331.404,1.8347,80.18,50.0,2020-04-03,PRICE_PERCENTILE
2021-02-26,沪深300,5336.761,1.7868,88.13,50.0,2009-07-10,PRICE_PERCENTILE
2021-02-26,消费,27400.351,3.4108,88.13,50.0,2015-03-24,PRICE_PERCENTILE
2021-02-26,科技,2914.113,2.9193,87.41,50.0,2011-09-20,PRICE_PERCENTILE
2021-03-01,医药,15389.868,1.6178,82.44,50.0,2019-03-26,PRICE_PERCENTILE
2021-03-01,半导体,3596.557,1.1425,43.02,50.0,2020-06-02,PRICE_PERCENTILE
2021-03-01,新能源,3463.355,1.9041,82.57,50.0,2020-04-03,PRICE_PERCENTILE
2021-03-01,沪深300,5418.784,1.8124,89.96,50.0,2009-07-10,PRICE_PERCENTILE
2021-03-01,消费,27715.143,3.4476,88.53,50.0,2015-03-24,PRICE_PERCENTILE
2021-03-01,科技,2994.751,2.9948,88.17,50.0,2011-09-20,PRICE_PERCENTILE
2021-03-02,医药,15073.49,1.5861,75.36,50.0,2019-03-26,PRICE_PERCENTILE
2021-03-02,半导体,3542.314,1.1539,33.33,50.0,2020-06-02,PRICE_PERCENTILE
2021-03-02,新能源,3443.825,1.9121,81.74,50.0,2020-04-03,PRICE_PERCENTILE
2021-03-02,沪深300,5349.63,1.7903,87.86,50.0,2009-07-10,PRICE_PERCENTILE
2021-03-02,消费,27144.847,3.3804,86.79,50.0,2015-03-24,PRICE_PERCENTILE
2021-03-02,科技,2966.892,2.9685,87.5,50.0,2011-09-20,PRICE_PERCENTILE
2021-03-03,医药,15328.108,1.6117,81.49,50.0,2019-03-26,PRICE_PERCENTILE
2021-03-03,半导体,3609.705,1.1551,45.86,50.0,2020-06-02,PRICE_PERCENTILE
2021-03-03,新能源,3489.309,1.9271,83.18,50.0,2020-04-03,PRICE_PERCENTILE
2021-03-03,沪深300,5452.213,1.8229,91.1,50.0,2009-07-10,PRICE_PERCENTILE
2021-03-03,消费,27509.057,3.4238,88.26,50.0,2015-03-24,PRICE_PERCENTILE
2021-03-03,科技,2997.749,2.9977,88.26,50.0,2011-09-20,PRICE_PERCENTILE
2021-03-04,医药,14750.907,1.5547,66.31,50.0,2019-03-26,PRICE_PERCENTILE
2021-03-04,半导体,3607.957,1.1162,45.6,50.0,2020-06-02,PRICE_PERCENTILE
2021-03-04,新能源,3317.02,1.8329,78.28,50.0,2020-04-03,PRICE_PERCENTILE
2021-03-04,沪深300,5280.706,1.7685,86.88,50.0,2009-07-10,PRICE_PERCENTILE
2021-03-04,消费,26318.508,3.2836,84.4,50.0,2015-03-24,PRICE_PERCENTILE
2021-03-04,科技,2851.873,2.86,84.04,50.0,2011-09-20,PRICE_PERCENTILE
2021-03-05,医药,14779.86,1.5575,67.14,50.0,2019-03-26,PRICE_PERCENTILE
2021-03-05,半导体,3616.441,1.1074,46.99,50.0,2020-06-02,PRICE_PERCENTILE
2021-03-05,新能源,3323.454,1.8461,78.38,50.0,2020-04-03,PRICE_PERCENTILE
2021-03-05,沪深300,5262.796,1.763,86.22,50.0,2009-07-10,PRICE_PERCENTILE
2021-03-05,消费,26312.997,3.283,84.1,50.0,2015-03-24,PRICE_PERCENTILE
2021-03-05,科技,2871.972,2.879,85.16,50.0,2011-09-20,PRICE_PERCENTILE
2021-03-08,医药,14014.477,1.4823,48.24,50.0,2019-03-26,PRICE_PERCENTILE
2021-03-08,半导体,3587.656,1.0611,41.3,50.0,2020-06-02,PRICE_PERCENTILE
2021-03-08,新能源,3173.983,1.7611,74.89,50.0,2020-04-03,PRICE_PERCENTILE
2021-03-08,沪深300,5080.025,1.7049,85.21,50.0,2009-07-10,PRICE_PERCENTILE
2021-03-08,消费,24930.534,3.1205,77.11,50.0,2015-03-24,PRICE_PERCENTILE
2021-03-08,科技,2728.844,2.7436,69.01,50.0,2011-09-20,PRICE_PERCENTILE
2021-03-09,医药,13588.29,1.4404,41.75,50.0,2019-03-26,PRICE_PERCENTILE
2021-03-09,半导体,3565.073,1.0097,38.38,50.0,2020-06-02,PRICE_PERCENTILE
2021-03-09,新能源,3109.14,1.7335,71.43,50.0,2020-04-03,PRICE_PERCENTILE
2021-03-09,沪深300,4970.999,1.6701,78.6,50.0,2009-07-10,PRICE_PERCENTILE
2021-03-09,消费,24201.879,3.0334,68.07,50.0,2015-03-24,PRICE_PERCENTILE
2021-03-09,科技,2633.45,2.653,53.33,50.0,2011-09-20,PRICE_PERCENTILE
2021-03-10,医药,13825.335,1.4638,45.1,50.0,2019-03-26,PRICE_PERCENTILE
2021-03-10,半导体,3495.986,1.0107,25.27,50.0,2020-06-02,PRICE_PERCENTILE
2021-03-10,新能源,3164.823,1.7644,74.67,50.0,2020-04-03,PRICE_PERCENTILE
2021-03-10,沪深300,5003.612,1.6804,80.42,50.0,2009-07-10,PRICE_PERCENTILE
2021-03-10,消费,24587.08,3.0804,73.43,50.0,2015-03-24,PRICE_PERCENTILE
2021-03-10,科技,2676.702,2.6942,59.79,50.0,2011-09-20,PRICE_PERCENTILE
2021-03-11,医药,14176.401,1.4987,53.66,50.0,2019-03-26,PRICE_PERCENTILE
2021-03-11,半导体,3565.615,1.0413,39.04,50.0,2020-06-02,PRICE_PERCENTILE
2021-03-11,新能源,3249.735,1.8128,77.88,50.0,2020-04-03,PRICE_PERCENTILE
2021-03-11,沪深300,5128.216,1.7199,85.71,50.0,2009-07-10,PRICE_PERCENTILE
2021-03-11,消费,25270.122,3.1628,78.05,50.0,2015-03-24,PRICE_PERCENTILE
2021-03-11,科技,2746.575,2.7608,72.82,50.0,2011-09-20,PRICE_PERCENTILE
2021-03-12,医药,14209.348,1.5019,55.56,50.0,2019-03-26,PRICE_PERCENTILE
2021-03-12,半导体,3623.789,1.0256,50.0,50.0,2020-06-02,PRICE_PERCENTILE
2021-03-12,新能源,3261.184,1.8263,77.97,50.0,2020-04-03,PRICE_PERCENTILE
2021-03-12,沪深300,5146.379,1.7256,85.76,50.0,2009-07-10,PRICE_PERCENTILE
2021-03-12,消费,25246.98,3.1597,77.78,50.0,2015-03-24,PRICE_PERCENTILE
2021-03-12,科技,2756.813,2.7705,74.31,50.0,2011-09-20,PRICE_PERCENTILE
2021-03-15,医药,13703.669,1.4516,42.91,50.0,2019-03-26,PRICE_PERCENTILE
2021-03-15,半导体,3669.841,0.9836,60.32,50.0,2020-06-02,PRICE_PERCENTILE
2021-03-15,新能源,3183.368,1.7783,75.0,50.0,2020-04-03,PRICE_PERCENTILE
2021-03-15,沪深300,5035.544,1.6902,81.66,50.0,2009-07-10,PRICE_PERCENTILE
2021-03-15,消费,24308.985,3.0508,68.51,50.0,2015-03-24,PRICE_PERCENTILE
2021-03-15,科技,2644.015,2.6634,53.63,50.0,2011-09-20,PRICE_PERCENTILE
2021-03-16,医药,13853.869,1.4665,45.17,50.0,2019-03-26,PRICE_PERCENTILE
2021-03-16,半导体,3689.596,0.9777,62.63,50.0,2020-06-02,PRICE_PERCENTILE
2021-03-16,新能源,3177.309,1.7808,74.67,50.0,2020-04-03,PRICE_PERCENTILE
2021-03-16,沪深300,5079.362,1.7042,84.48,50.0,2009-07-10,PRICE_PERCENTILE
2021-03-16,消费,24722.345,3.0978,74.83,50.0,2015-03-24,PRICE_PERCENTILE
2021-03-16,科技,2672.117,2.6899,58.28,50.0,2011-09-20,PRICE_PERCENTILE
2021-03-17,医药,13944.898,1.4758,47.42,50.0,2019-03-26,PRICE_PERCENTILE
2021-03-17,半导体,3646.499,1.0058,55.5,50.0,2020-06-02,PRICE_PERCENTILE
2021-03-17,新能源,3251.456,1.8229,77.83,50.0,2020-04-03,PRICE_PERCENTILE
2021-03-17,沪深300,5100.858,1.7111,84.88,50.0,2009-07-10,PRICE_PERCENTILE
2021-03-17,消费,25172.613,3.1503,77.32,50.0,2015-03-24,PRICE_PERCENTILE
2021-03-17,科技,2704.136,2.7203,65.64,50.0,2011-09-20,PRICE_PERCENTILE
2021-03-18,医药,14247.616,1.506,57.19,50.0,2019-03-26,PRICE_PERCENTILE
2021-03-18,半导体,3646.237,1.0068,55.21,50.0,2020-06-02,PRICE_PERCENTILE
2021-03-18,新能源,3257.004,1.825,77.92,50.0,2020-04-03,PRICE_PERCENTILE
2021-03-18,沪深300,5141.768,1.724,85.62,50.0,2009-07-10,PRICE_PERCENTILE
2021-03-18,消费,25638.806,3.2046,81.16,50.0,2015-03-24,PRICE_PERCENTILE
2021-03-18,科技,2748.726,2.7627,73.29,50.0,2011-09-20,PRICE_PERCENTILE
2021-03-19,医药,13974.856,1.4788,48.12,50.0,2019-03-26,PRICE_PERCENTILE
2021-03-19,半导体,3610.117,0.9988,46.11,50.0,2020-06-02,PRICE_PERCENTILE
2021-03-19,新能源,3156.449,1.768,71.55,50.0,2020-04-03,PRICE_PERCENTILE
2021-03-19,沪深300,5007.091,1.6813,79.18,50.0,2009-07-10,PRICE_PERCENTILE
2021-03-19,消费,24935.893,3.1222,76.45,50.0,2015-03-24,PRICE_PERCENTILE
2021-03-19,科技,2671.518,2.6894,57.68,50.0,2011-09-20,PRICE_PERCENTILE
2021-03-22,医药,14096.568,1.491,50.68,50.0,2019-03-26,PRICE_PERCENTILE
2021-03-22,半导体,3702.151,1.0009,66.49,50.0,2020-06-02,PRICE_PERCENTILE
2021-03-22,新能源,3202.097,1.7906,75.54,50.0,2020-04-03,PRICE_PERCENTILE
2021-03-22,沪深300,5057.152,1.6973,82.31,50.0,2009-07-10,PRICE_PERCENTILE
2021-03-22,消费,25034.395,3.1338,76.53,50.0,2015-03-24,PRICE_PERCENTILE
2021-03-22,科技,2698.261,2.7146,63.27,50.0,2011-09-20,PRICE_PERCENTILE
2021-03-23,医药,14055.323,1.4869,49.15,50.0,2019-03-26,PRICE_PERCENTILE
2021-03-23,半导体,3675.094,1.0008,61.03,50.0,2020-06-02,PRICE_PERCENTILE
2021-03-23,新能源,3083.613,1.7348,67.52,50.0,2020-04-03,PRICE_PERCENTILE
2021-03-23,沪深300,5009.246,1.6821,79.32,50.0,2009-07-10,PRICE_PERCENTILE
2021-03-23,消费,24982.511,3.1277,76.27,50.0,2015-03-24,PRICE_PERCENTILE
2021-03-23,科技,2668.082,2.686,56.61,50.0,2011-09-20,PRICE_PERCENTILE
2021-03-24,医药,14002.981,1.4818,48.31,50.0,2019-03-26,PRICE_PERCENTILE
2021-03-24,半导体,3636.702,0.979,53.06,50.0,2020-06-02,PRICE_PERCENTILE
2021-03-24,新能源,2987.195,1.6885,62.13,50.0,2020-04-03,PRICE_PERCENTILE
2021-03-24,沪深300,4928.685,1.6567,72.64,50.0,2009-07-10,PRICE_PERCENTILE
2021-03-24,消费,24831.842,3.1098,74.66,50.0,2015-03-24,PRICE_PERCENTILE
2021-03-24,科技,2634.614,2.6546,51.69,50.0,2011-09-20,PRICE_PERCENTILE
2021-03-25,医药,14134.798,1.4949,51.85,50.0,2019-03-26,PRICE_PERCENTILE
2021-03-25,半导体,3612.469,0.9872,45.69,50.0,2020-06-02,PRICE_PERCENTILE
2021-03-25,新能源,3024.608,1.7151,62.71,50.0,2020-04-03,PRICE_PERCENTILE
2021-03-25,沪深300,4926.347,1.6561,72.05,50.0,2009-07-10,PRICE_PERCENTILE
2021-03-25,消费,24785.571,3.1047,74.07,50.0,2015-03-24,PRICE_PERCENTILE
2021-03-25,科技,2655.999,2.6755,55.22,50.0,2011-09-20,PRICE_PERCENTILE
2021-03-26,医药,14564.152,1.5375,63.42,50.0,2019-03-26,PRICE_PERCENTILE
2021-03-26,半导体,3635.508,1.0059,52.53,50.0,2020-06-02,PRICE_PERCENTILE
2021-03-26,新能源,3161.22,1.7862,72.57,50.0,2020-04-03,PRICE_PERCENTILE
2021-03-26,沪深300,5037.99,1.6916,80.87,50.0,2009-07-10,PRICE_PERCENTILE
2021-03-26,消费,25347.559,3.1707,79.19,50.0,2015-03-24,PRICE_PERCENTILE
2021-03-26,科技,2745.4,2.7604,72.48,50.0,2011-09-20,PRICE_PERCENTILE
2021-03-29,医药,14522.243,1.5338,62.54,50.0,2019-03-26,PRICE_PERCENTILE
2021-03-29,半导体,3657.208,1.0106,57.79,50.0,2020-06-02,PRICE_PERCENTILE
2021-03-29,新能源,3123.806,1.7652,70.17,50.0,2020-04-03,PRICE_PERCENTILE
2021-03-29,沪深300,5046.877,1.6944,81.94,50.0,2009-07-10,PRICE_PERCENTILE
2021-03-29,消费,25554.154,3.1948,80.27,50.0,2015-03-24,PRICE_PERCENTILE
2021-03-29,科技,2733.963,2.7496,70.23,50.0,2011-09-20,PRICE_PERCENTILE
2021-03-30,医药,14721.53,1.5536,67.0,50.0,2019-03-26,PRICE_PERCENTILE
2021-03-30,半导体,3637.508,1.0126,53.5,50.0,2020-06-02,PRICE_PERCENTILE
2021-03-30,新能源,3154.988,1.7854,71.13,50.0,2020-04-03,PRICE_PERCENTILE
2021-03-30,沪深300,5094.729,1.7096,84.67,50.0,2009-07-10,PRICE_PERCENTILE
2021-03-30,消费,25814.478,3.2253,82.67,50.0,2015-03-24,PRICE_PERCENTILE
2021-03-30,科技,2771.322,2.785,77.67,50.0,2011-09-20,PRICE_PERCENTILE
2021-03-31,医药,14592.582,1.5406,63.79,50.0,2019-03-26,PRICE_PERCENTILE
2021-03-31,半导体,3720.66,1.0103,73.63,50.0,2020-06-02,PRICE_PERCENTILE
2021-03-31,新能源,3109.579,1.763,68.33,50.0,2020-04-03,PRICE_PERCENTILE
2021-03-31,沪深300,5048.361,1.6948,81.73,50.0,2009-07-10,PRICE_PERCENTILE
2021-03-31,消费,25547.03,3.194,79.73,50.0,2015-03-24,PRICE_PERCENTILE
2021-03-31,科技,2758.501,2.7733,75.75,50.0,2011-09-20,PRICE_PERCENTILE
2021-04-01,医药,14907.411,1.572,72.52,50.0,2019-03-26,PRICE_PERCENTILE
2021-04-01,半导体,3730.485,1.0493,75.74,50.0,2020-06-02,PRICE_PERCENTILE
2021-04-01,新能源,3166.686,1.7957,73.44,50.0,2020-04-03,PRICE_PERCENTILE
2021-04-01,沪深300,5110.777,1.7148,85.1,50.0,2009-07-10,PRICE_PERCENTILE
2021-04-01,消费,25969.007,3.2434,82.78,50.0,2015-03-24,PRICE_PERCENTILE
2021-04-01,科技,2815.413,2.8271,82.78,50.0,2011-09-20,PRICE_PERCENTILE
2021-04-02,医药,14993.507,1.5807,73.93,50.0,2019-03-26,PRICE_PERCENTILE
2021-04-02,半导体,3702.023,1.1008,66.5,50.0,2020-06-02,PRICE_PERCENTILE
2021-04-02,新能源,3209.925,1.8181,76.86,50.0,2020-04-03,PRICE_PERCENTILE
2021-04-02,沪深300,5161.557,1.7309,86.47,50.0,2009-07-10,PRICE_PERCENTILE
2021-04-02,消费,26710.181,3.3302,86.47,50.0,2015-03-24,PRICE_PERCENTILE
2021-04-02,科技,2852.229,2.862,84.82,50.0,2011-09-20,PRICE_PERCENTILE
2021-04-06,医药,14793.341,1.5605,69.08,50.0,2019-03-26,PRICE_PERCENTILE
2021-04-06,半导体,3706.327,1.0944,69.12,50.0,2020-06-02,PRICE_PERCENTILE
2021-04-06,新能源,3241.394,1.8282,77.37,50.0,2020-04-03,PRICE_PERCENTILE
2021-04-06,沪深300,5140.342,1.724,85.53,50.0,2009-07-10,PRICE_PERCENTILE
2021-04-06,消费,26475.321,3.3027,85.86,50.0,2015-03-24,PRICE_PERCENTILE
2021-04-06,科技,2831.598,2.8421,82.89,50.0,2011-09-20,PRICE_PERCENTILE
2021-04-07,医药,14726.625,1.5539,66.56,50.0,2019-03-26,PRICE_PERCENTILE
2021-04-07,半导体,3719.109,1.0941,73.17,50.0,2020-06-02,PRICE_PERCENTILE
2021-04-07,新能源,3224.734,1.8164,76.64,50.0,2020-04-03,PRICE_PERCENTILE
2021-04-07,沪深300,5103.743,1.7124,84.26,50.0,2009-07-10,PRICE_PERCENTILE
2021-04-07,消费,25836.88,3.2282,81.97,50.0,2015-03-24,PRICE_PERCENTILE
2021-04-07,科技,2807.201,2.819,80.33,50.0,2011-09-20,PRICE_PERCENTILE
2021-04-08,医药,14947.996,1.5761,73.86,50.0,2019-03-26,PRICE_PERCENTILE
2021-04-08,半导体,3678.691,1.0914,61.17,50.0,2020-06-02,PRICE_PERCENTILE
2021-04-08,新能源,3201.396,1.8081,75.1,50.0,2020-04-03,PRICE_PERCENTILE
2021-04-08,沪深300,5112.209,1.7151,84.64,50.0,2009-07-10,PRICE_PERCENTILE
2021-04-08,消费,26147.7,3.2657,83.33,50.0,2015-03-24,PRICE_PERCENTILE
2021-04-08,科技,2826.99,2.8381,82.68,50.0,2011-09-20,PRICE_PERCENTILE
2021-04-09,医药,14721.516,1.5538,65.8,50.0,2019-03-26,PRICE_PERCENTILE
2021-04-09,半导体,3672.44,1.0825,59.42,50.0,2020-06-02,PRICE_PERCENTILE
2021-04-09,新能源,3154.981,1.7827,69.51,50.0,2020-04-03,PRICE_PERCENTILE
2021-04-09,沪深300,5035.337,1.6907,78.18,50.0,2009-07-10,PRICE_PERCENTILE
2021-04-09,消费,25633.182,3.2054,79.8,50.0,2015-03-24,PRICE_PERCENTILE
2021-04-09,科技,2783.327,2.797,78.18,50.0,2011-09-20,PRICE_PERCENTILE
2021-04-12,医药,14334.994,1.5151,57.47,50.0,2019-03-26,PRICE_PERCENTILE
2021-04-12,半导体,3674.386,1.0645,60.1,50.0,2020-06-02,PRICE_PERCENTILE
2021-04-12,新能源,3052.479,1.7294,61.13,50.0,2020-04-03,PRICE_PERCENTILE
2021-04-12,沪深300,4947.746,1.6629,72.08,50.0,2009-07-10,PRICE_PERCENTILE
2021-04-12,消费,25368.244,3.174,76.95,50.0,2015-03-24,PRICE_PERCENTILE
2021-04-12,科技,2719.953,2.7373,65.58,50.0,2011-09-20,PRICE_PERCENTILE
2021-04-13,医药,14495.45,1.5315,60.19,50.0,2019-03-26,PRICE_PERCENTILE
2021-04-13,半导体,3615.905,1.0578,44.02,50.0,2020-06-02,PRICE_PERCENTILE
2021-04-13,新能源,3067.5,1.7365,62.9,50.0,2020-04-03,PRICE_PERCENTILE
2021-04-13,沪深300,4939.644,1.6604,70.55,50.0,2009-07-10,PRICE_PERCENTILE
2021-04-13,消费,25604.987,3.2016,79.61,50.0,2015-03-24,PRICE_PERCENTILE
2021-04-13,科技,2742.852,2.7589,69.9,50.0,2011-09-20,PRICE_PERCENTILE
2021-04-14,医药,14549.894,1.5368,61.61,50.0,2019-03-26,PRICE_PERCENTILE
2021-04-14,半导体,3644.993,1.0619,53.33,50.0,2020-06-02,PRICE_PERCENTILE
2021-04-14,新能源,3189.429,1.8081,74.7,50.0,2020-04-03,PRICE_PERCENTILE
2021-04-14,沪深300,4980.628,1.6734,74.19,50.0,2009-07-10,PRICE_PERCENTILE
2021-04-14,消费,25743.595,3.218,80.97,50.0,2015-03-24,PRICE_PERCENTILE
2021-04-14,科技,2804.409,2.817,80.0,50.0,2011-09-20,PRICE_PERCENTILE
2021-04-15,医药,14516.548,1.5338,60.45,50.0,2019-03-26,PRICE_PERCENTILE
2021-04-15,半导体,3616.139,1.0556,44.08,50.0,2020-06-02,PRICE_PERCENTILE
2021-04-15,新能源,3181.354,1.8084,73.6,50.0,2020-04-03,PRICE_PERCENTILE
2021-04-15,沪深300,4948.974,1.6634,72.03,50.0,2009-07-10,PRICE_PERCENTILE
2021-04-15,消费,25542.404,3.1948,77.49,50.0,2015-03-24,PRICE_PERCENTILE
2021-04-15,科技,2790.644,2.8041,79.1,50.0,2011-09-20,PRICE_PERCENTILE
2021-04-16,医药,14476.998,1.5298,59.62,50.0,2019-03-26,PRICE_PERCENTILE
2021-04-16,半导体,3654.475,1.0501,55.66,50.0,2020-06-02,PRICE_PERCENTILE
2021-04-16,新能源,3189.765,1.8073,74.9,50.0,2020-04-03,PRICE_PERCENTILE
2021-04-16,沪深300,4966.181,1.669,73.4,50.0,2009-07-10,PRICE_PERCENTILE
2021-04-16,消费,25709.592,3.2145,80.77,50.0,2015-03-24,PRICE_PERCENTILE
2021-04-16,科技,2783.373,2.7973,77.88,50.0,2011-09-20,PRICE_PERCENTILE
2021-04-19,医药,14846.945,1.5669,71.25,50.0,2019-03-26,PRICE_PERCENTILE
2021-04-19,半导体,3670.747,1.075,59.62,50.0,2020-06-02,PRICE_PERCENTILE
2021-04-19,新能源,3389.804,1.9102,82.54,50.0,2020-04-03,PRICE_PERCENTILE
2021-04-19,沪深300,5087.017,1.7075,83.39,50.0,2009-07-10,PRICE_PERCENTILE
2021-04-19,消费,26165.315,3.268,84.03,50.0,2015-03-24,PRICE_PERCENTILE
2021-04-19,科技,2898.729,2.9061,87.22,50.0,2011-09-20,PRICE_PERCENTILE
2021-04-20,医药,14891.835,1.5713,72.61,50.0,2019-03-26,PRICE_PERCENTILE
2021-04-20,半导体,3633.447,1.064,48.6,50.0,2020-06-02,PRICE_PERCENTILE
2021-04-20,新能源,3362.737,1.9015,81.42,50.0,2020-04-03,PRICE_PERCENTILE
2021-04-20,沪深300,5083.365,1.7063,83.12,50.0,2009-07-10,PRICE_PERCENTILE
2021-04-20,消费,26438.178,3.2999,85.99,50.0,2015-03-24,PRICE_PERCENTILE
2021-04-20,科技,2896.108,2.9042,86.94,50.0,2011-09-20,PRICE_PERCENTILE
2021-04-21,医药,15177.54,1.5995,80.95,50.0,2019-03-26,PRICE_PERCENTILE
2021-04-21,半导体,3605.871,1.0678,40.47,50.0,2020-06-02,PRICE_PERCENTILE
2021-04-21,新能源,3340.809,1.901,81.1,50.0,2020-04-03,PRICE_PERCENTILE
2021-04-21,沪深300,5098.745,1.7112,83.81,50.0,2009-07-10,PRICE_PERCENTILE
2021-04-21,消费,26623.114,3.3219,86.67,50.0,2015-03-24,PRICE_PERCENTILE
2021-04-21,科技,2916.975,2.924,87.94,50.0,2011-09-20,PRICE_PERCENTILE
2021-04-22,医药,15187.382,1.6005,81.01,50.0,2019-03-26,PRICE_PERCENTILE
2021-04-22,半导体,3592.939,1.0786,37.5,50.0,2020-06-02,PRICE_PERCENTILE
2021-04-22,新能源,3343.713,1.9046,81.18,50.0,2020-04-03,PRICE_PERCENTILE
2021-04-22,沪深300,5089.244,1.7094,83.23,50.0,2009-07-10,PRICE_PERCENTILE
2021-04-22,消费,26577.106,3.3168,86.39,50.0,2015-03-24,PRICE_PERCENTILE
2021-04-22,科技,2939.395,2.945,87.97,50.0,2011-09-20,PRICE_PERCENTILE
2021-04-23,医药,15483.902,1.6297,86.44,50.0,2019-03-26,PRICE_PERCENTILE
2021-04-23,半导体,3557.689,1.0828,31.8,50.0,2020-06-02,PRICE_PERCENTILE
2021-04-23,新能源,3385.206,1.9283,82.42,50.0,2020-04-03,PRICE_PERCENTILE
2021-04-23,沪深300,5135.453,1.7245,85.8,50.0,2009-07-10,PRICE_PERCENTILE
2021-04-23,消费,26973.077,3.3632,87.38,50.0,2015-03-24,PRICE_PERCENTILE
2021-04-23,科技,2994.488,3.0009,88.96,50.0,2011-09-20,PRICE_PERCENTILE
2021-04-26,医药,15441.378,1.6252,84.91,50.0,2019-03-26,PRICE_PERCENTILE
2021-04-26,半导体,3537.264,1.0856,26.61,50.0,2020-06-02,PRICE_PERCENTILE
2021-04-26,新能源,3341.754,1.9104,80.54,50.0,2020-04-03,PRICE_PERCENTILE
2021-04-26,沪深300,5077.237,1.7061,81.45,50.0,2009-07-10,PRICE_PERCENTILE
2021-04-26,消费,26426.816,3.2995,84.91,50.0,2015-03-24,PRICE_PERCENTILE
2021-04-26,科技,2969.405,2.9792,88.36,50.0,2011-09-20,PRICE_PERCENTILE
2021-04-27,医药,15818.573,1.6644,92.48,50.0,2019-03-26,PRICE_PERCENTILE
2021-04-27,半导体,3524.604,1.0733,24.66,50.0,2020-06-02,PRICE_PERCENTILE
2021-04-27,新能源,3305.437,1.891,78.29,50.0,2020-04-03,PRICE_PERCENTILE
2021-04-27,沪深300,5090.52,1.7104,83.07,50.0,2009-07-10,PRICE_PERCENTILE
2021-04-27,消费,26639.386,3.3251,86.52,50.0,2015-03-24,PRICE_PERCENTILE
2021-04-27,科技,2986.034,2.9948,88.71,50.0,2011-09-20,PRICE_PERCENTILE
2021-04-28,医药,16108.856,1.6935,94.69,50.0,2019-03-26,PRICE_PERCENTILE
2021-04-28,半导体,3546.557,1.0942,31.36,50.0,2020-06-02,PRICE_PERCENTILE
2021-04-28,新能源,3386.81,1.9333,82.63,50.0,2020-04-03,PRICE_PERCENTILE
2021-04-28,沪深300,5119.242,1.7195,85.31,50.0,2009-07-10,PRICE_PERCENTILE
2021-04-28,消费,26870.036,3.3525,87.19,50.0,2015-03-24,PRICE_PERCENTILE
2021-04-28,科技,3050.585,3.056,90.0,50.0,2011-09-20,PRICE_PERCENTILE
2021-04-29,医药,16075.977,1.6901,94.08,50.0,2019-03-26,PRICE_PERCENTILE
2021-04-29,半导体,3558.749,1.1021,33.03,50.0,2020-06-02,PRICE_PERCENTILE
2021-04-29,新能源,3380.979,1.9282,81.54,50.0,2020-04-03,PRICE_PERCENTILE
2021-04-29,沪深300,5164.169,1.7341,87.23,50.0,2009-07-10,PRICE_PERCENTILE
2021-04-29,消费,27322.329,3.4054,88.47,50.0,2015-03-24,PRICE_PERCENTILE
2021-04-29,科技,3051.417,3.0568,90.03,50.0,2011-09-20,PRICE_PERCENTILE
2021-04-30,医药,16318.499,1.7145,96.89,50.0,2019-03-26,PRICE_PERCENTILE
2021-04-30,半导体,3522.548,1.1077,24.32,50.0,2020-06-02,PRICE_PERCENTILE
2021-04-30,新能源,3443.828,1.9658,84.29,50.0,2020-04-03,PRICE_PERCENTILE
2021-04-30,沪深300,5123.489,1.7212,85.09,50.0,2009-07-10,PRICE_PERCENTILE
2021-04-30,消费,27107.132,3.3807,87.58,50.0,2015-03-24,PRICE_PERCENTILE
2021-04-30,科技,3091.395,3.0948,91.3,50.0,2011-09-20,PRICE_PERCENTILE
2021-05-06,医药,15727.186,1.6549,89.78,50.0,2019-03-26,PRICE_PERCENTILE
2021-05-06,半导体,3538.302,1.0932,27.8,50.0,2020-06-02,PRICE_PERCENTILE
2021-05-06,新能源,3425.82,1.9511,83.59,50.0,2020-04-03,PRICE_PERCENTILE
2021-05-06,沪深300,5061.124,1.7012,78.95,50.0,2009-07-10,PRICE_PERCENTILE
2021-05-06,消费,26335.163,3.2903,82.97,50.0,2015-03-24,PRICE_PERCENTILE
2021-05-06,科技,3014.812,3.0212,89.16,50.0,2011-09-20,PRICE_PERCENTILE
2021-05-07,医药,15276.088,1.6109,80.56,50.0,2019-03-26,PRICE_PERCENTILE
2021-05-07,半导体,3562.577,1.0449,34.38,50.0,2020-06-02,PRICE_PERCENTILE
2021-05-07,新能源,3332.107,1.8993,78.71,50.0,2020-04-03,PRICE_PERCENTILE
2021-05-07,沪深300,4996.053,1.6804,72.53,50.0,2009-07-10,PRICE_PERCENTILE
2021-05-07,消费,25967.325,3.2474,79.32,50.0,2015-03-24,PRICE_PERCENTILE
2021-05-07,科技,2910.411,2.9227,85.19,50.0,2011-09-20,PRICE_PERCENTILE
2021-05-10,医药,15519.675,1.6348,85.54,50.0,2019-03-26,PRICE_PERCENTILE
2021-05-10,半导体,3573.886,1.0237,36.89,50.0,2020-06-02,PRICE_PERCENTILE
2021-05-10,新能源,3392.549,1.9094,82.58,50.0,2020-04-03,PRICE_PERCENTILE
2021-05-10,沪深300,4992.422,1.6792,72.31,50.0,2009-07-10,PRICE_PERCENTILE
2021-05-10,消费,25484.364,3.1905,73.54,50.0,2015-03-24,PRICE_PERCENTILE
2021-05-10,科技,2921.721,2.9333,85.85,50.0,2011-09-20,PRICE_PERCENTILE
2021-05-11,医药,15779.676,1.6603,91.1,50.0,2019-03-26,PRICE_PERCENTILE
2021-05-11,半导体,3568.501,1.0325,36.73,50.0,2020-06-02,PRICE_PERCENTILE
2021-05-11,新能源,3333.252,1.8775,78.49,50.0,2020-04-03,PRICE_PERCENTILE
2021-05-11,沪深300,5023.06,1.6889,75.77,50.0,2009-07-10,PRICE_PERCENTILE
2021-05-11,消费,26131.244,3.2668,80.67,50.0,2015-03-24,PRICE_PERCENTILE
2021-05-11,科技,2921.343,2.9331,85.58,50.0,2011-09-20,PRICE_PERCENTILE
2021-05-12,医药,16071.383,1.6889,93.58,50.0,2019-03-26,PRICE_PERCENTILE
2021-05-12,半导体,3568.673,1.0478,37.0,50.0,2020-06-02,PRICE_PERCENTILE
2021-05-12,新能源,3364.963,1.8868,80.08,50.0,2020-04-03,PRICE_PERCENTILE
2021-05-12,沪深300,5044.548,1.6959,77.37,50.0,2009-07-10,PRICE_PERCENTILE
2021-05-12,消费,26447.156,3.3037,84.4,50.0,2015-03-24,PRICE_PERCENTILE
2021-05-12,科技,2960.355,2.9703,86.24,50.0,2011-09-20,PRICE_PERCENTILE
2021-05-13,医药,16218.13,1.7033,96.04,50.0,2019-03-26,PRICE_PERCENTILE
2021-05-13,半导体,3543.627,1.04,29.39,50.0,2020-06-02,PRICE_PERCENTILE
2021-05-13,新能源,3273.138,1.8487,75.66,50.0,2020-04-03,PRICE_PERCENTILE
2021-05-13,沪深300,4992.974,1.6795,71.95,50.0,2009-07-10,PRICE_PERCENTILE
2021-05-13,消费,26385.924,3.2966,83.54,50.0,2015-03-24,PRICE_PERCENTILE
2021-05-13,科技,2943.617,2.9544,85.98,50.0,2011-09-20,PRICE_PERCENTILE
2021-05-14,医药,16565.415,1.7382,97.87,50.0,2019-03-26,PRICE_PERCENTILE
2021-05-14,半导体,3584.33,1.0646,39.3,50.0,2020-06-02,PRICE_PERCENTILE
2021-05-14,新能源,3375.818,1.9033,80.6,50.0,2020-04-03,PRICE_PERCENTILE
2021-05-14,沪深300,5110.59,1.7174,83.89,50.0,2009-07-10,PRICE_PERCENTILE
2021-05-14,消费,26837.977,3.3498,86.32,50.0,2015-03-24,PRICE_PERCENTILE
2021-05-14,科技,3033.806,3.04,89.36,50.0,2011-09-20,PRICE_PERCENTILE
2021-05-17,医药,16878.622,1.7706,99.39,50.0,2019-03-26,PRICE_PERCENTILE
2021-05-17,半导体,3573.19,1.0763,37.39,50.0,2020-06-02,PRICE_PERCENTILE
2021-05-17,新能源,3517.696,1.9827,87.36,50.0,2020-04-03,PRICE_PERCENTILE
2021-05-17,沪深300,5184.985,1.7412,87.58,50.0,2009-07-10,PRICE_PERCENTILE
2021-05-17,消费,27405.991,3.4179,89.39,50.0,2015-03-24,PRICE_PERCENTILE
2021-05-17,科技,3112.741,3.1152,92.42,50.0,2011-09-20,PRICE_PERCENTILE
2021-05-18,医药,16702.956,1.7523,98.49,50.0,2019-03-26,PRICE_PERCENTILE
2021-05-18,半导体,3573.744,1.0682,37.66,50.0,2020-06-02,PRICE_PERCENTILE
2021-05-18,新能源,3522.243,1.987,87.41,50.0,2020-04-03,PRICE_PERCENTILE
2021-05-18,沪深300,5187.601,1.742,87.61,50.0,2009-07-10,PRICE_PERCENTILE
2021-05-18,消费,27349.661,3.4112,88.52,50.0,2015-03-24,PRICE_PERCENTILE
2021-05-18,科技,3090.123,3.0938,90.94,50.0,2011-09-20,PRICE_PERCENTILE
2021-05-19,医药,16607.982,1.7439,97.59,50.0,2019-03-26,PRICE_PERCENTILE
2021-05-19,半导体,3549.259,1.0834,31.47,50.0,2020-06-02,PRICE_PERCENTILE
2021-05-19,新能源,3647.863,2.0531,90.77,50.0,2020-04-03,PRICE_PERCENTILE
2021-05-19,沪深300,5172.272,1.7375,87.05,50.0,2009-07-10,PRICE_PERCENTILE
2021-05-19,消费,27204.873,3.3945,87.95,50.0,2015-03-24,PRICE_PERCENTILE
2021-05-19,科技,3114.724,3.1171,92.47,50.0,2011-09-20,PRICE_PERCENTILE
2021-05-20,医药,16592.2,1.7426,97.3,50.0,2019-03-26,PRICE_PERCENTILE
2021-05-20,半导体,3535.873,1.0817,25.75,50.0,2020-06-02,PRICE_PERCENTILE
2021-05-20,新能源,3645.086,2.0635,90.44,50.0,2020-04-03,PRICE_PERCENTILE
2021-05-20,沪深300,5186.412,1.7422,87.39,50.0,2009-07-10,PRICE_PERCENTILE
2021-05-20,消费,27505.309,3.4311,89.79,50.0,2015-03-24,PRICE_PERCENTILE
2021-05-20,科技,3143.616,3.1446,93.69,50.0,2011-09-20,PRICE_PERCENTILE
2021-05-21,医药,16354.877,1.719,96.11,50.0,2019-03-26,PRICE_PERCENTILE
2021-05-21,半导体,3533.519,1.0718,25.21,50.0,2020-06-02,PRICE_PERCENTILE
2021-05-21,新能源,3647.394,2.0549,90.48,50.0,2020-04-03,PRICE_PERCENTILE
2021-05-21,沪深300,5134.148,1.7258,84.73,50.0,2009-07-10,PRICE_PERCENTILE
2021-05-21,消费,27242.174,3.4035,87.72,50.0,2015-03-24,PRICE_PERCENTILE
2021-05-21,科技,3113.259,3.1161,91.92,50.0,2011-09-20,PRICE_PERCENTILE
2021-05-24,医药,16276.635,1.7116,94.93,50.0,2019-03-26,PRICE_PERCENTILE
2021-05-24,半导体,3527.247,1.0812,24.68,50.0,2020-06-02,PRICE_PERCENTILE
2021-05-24,新能源,3643.221,2.0578,89.78,50.0,2020-04-03,PRICE_PERCENTILE
2021-05-24,沪深300,5155.588,1.7326,85.97,50.0,2009-07-10,PRICE_PERCENTILE
2021-05-24,消费,27457.303,3.4287,89.55,50.0,2015-03-24,PRICE_PERCENTILE
2021-05-24,科技,3139.686,3.141,93.43,50.0,2011-09-20,PRICE_PERCENTILE
2021-05-25,医药,16698.592,1.7534,98.21,50.0,2019-03-26,PRICE_PERCENTILE
2021-05-25,半导体,3560.332,1.1148,34.32,50.0,2020-06-02,PRICE_PERCENTILE
2021-05-25,新能源,3676.253,2.0764,90.91,50.0,2020-04-03,PRICE_PERCENTILE
2021-05-25,沪深300,5318.478,1.7847,88.99,50.0,2009-07-10,PRICE_PERCENTILE
2021-05-25,消费,28353.86,3.5344,93.15,50.0,2015-03-24,PRICE_PERCENTILE
2021-05-25,科技,3227.355,3.224,96.73,50.0,2011-09-20,PRICE_PERCENTILE
2021-05-26,医药,16715.897,1.7553,98.52,50.0,2019-03-26,PRICE_PERCENTILE
2021-05-26,半导体,3579.943,1.1022,40.08,50.0,2020-06-02,PRICE_PERCENTILE
2021-05-26,新能源,3657.283,2.0662,90.58,50.0,2020-04-03,PRICE_PERCENTILE
2021-05-26,沪深300,5320.593,1.7853,89.02,50.0,2009-07-10,PRICE_PERCENTILE
2021-05-26,消费,28208.778,3.5172,92.58,50.0,2015-03-24,PRICE_PERCENTILE
2021-05-26,科技,3196.848,3.1953,95.55,50.0,2011-09-20,PRICE_PERCENTILE
2021-05-27,医药,16809.281,1.7647,98.52,50.0,2019-03-26,PRICE_PERCENTILE
2021-05-27,半导体,3577.246,1.1466,39.5,50.0,2020-06-02,PRICE_PERCENTILE
2021-05-27,新能源,3666.865,2.0761,90.61,50.0,2020-04-03,PRICE_PERCENTILE
2021-05-27,沪深300,5338.233,1.7909,89.35,50.0,2009-07-10,PRICE_PERCENTILE
2021-05-27,消费,28240.393,3.5213,92.6,50.0,2015-03-24,PRICE_PERCENTILE
2021-05-27,科技,3226.108,3.2233,96.45,50.0,2011-09-20,PRICE_PERCENTILE
2021-05-28,医药,16489.115,1.7326,95.58,50.0,2019-03-26,PRICE_PERCENTILE
2021-05-28,半导体,3552.745,1.136,32.22,50.0,2020-06-02,PRICE_PERCENTILE
2021-05-28,新能源,3797.516,2.1568,95.68,50.0,2020-04-03,PRICE_PERCENTILE
2021-05-28,沪深300,5321.089,1.7857,88.79,50.0,2009-07-10,PRICE_PERCENTILE
2021-05-28,消费,28047.121,3.4986,91.74,50.0,2015-03-24,PRICE_PERCENTILE
2021-05-28,科技,3232.291,3.2303,97.05,50.0,2011-09-20,PRICE_PERCENTILE
2021-05-31,医药,16752.026,1.7591,98.24,50.0,2019-03-26,PRICE_PERCENTILE
2021-05-31,半导体,3540.739,1.1627,27.92,50.0,2020-06-02,PRICE_PERCENTILE
2021-05-31,新能源,3944.577,2.254,99.28,50.0,2020-04-03,PRICE_PERCENTILE
2021-05-31,沪深300,5331.57,1.7893,88.82,50.0,2009-07-10,PRICE_PERCENTILE
2021-05-31,消费,28068.462,3.5009,91.76,50.0,2015-03-24,PRICE_PERCENTILE
2021-05-31,科技,3309.069,3.3028,98.53,50.0,2011-09-20,PRICE_PERCENTILE
2021-06-01,医药,16951.997,1.7793,99.41,50.0,2019-03-26,PRICE_PERCENTILE
2021-06-01,半导体,3549.585,1.175,32.37,50.0,2020-06-02,PRICE_PERCENTILE
2021-06-01,新能源,3912.693,2.2297,98.93,50.0,2020-04-03,PRICE_PERCENTILE
2021-06-01,沪深300,5341.68,1.7924,89.44,50.0,2009-07-10,PRICE_PERCENTILE
2021-06-01,消费,28250.307,3.523,92.67,50.0,2015-03-24,PRICE_PERCENTILE
2021-06-01,科技,3300.159,3.2945,98.24,50.0,2011-09-20,PRICE_PERCENTILE
2021-06-02,医药,16678.005,1.7525,96.49,50.0,2019-03-26,PRICE_PERCENTILE
2021-06-02,半导体,3536.181,1.1618,26.03,50.0,2020-06-02,PRICE_PERCENTILE
2021-06-02,新能源,3901.289,2.2191,98.58,50.0,2020-04-03,PRICE_PERCENTILE
2021-06-02,沪深300,5289.974,1.7766,87.43,50.0,2009-07-10,PRICE_PERCENTILE
2021-06-02,消费,28003.843,3.4942,90.64,50.0,2015-03-24,PRICE_PERCENTILE
2021-06-02,科技,3243.022,3.2411,96.49,50.0,2011-09-20,PRICE_PERCENTILE
2021-06-03,医药,16468.281,1.7317,94.17,50.0,2019-03-26,PRICE_PERCENTILE
2021-06-03,半导体,3540.22,1.1451,27.98,50.0,2020-06-02,PRICE_PERCENTILE
2021-06-03,新能源,3887.352,2.2107,97.52,50.0,2020-04-03,PRICE_PERCENTILE
2021-06-03,沪深300,5255.286,1.7659,86.3,50.0,2009-07-10,PRICE_PERCENTILE
2021-06-03,消费,28030.938,3.501,90.96,50.0,2015-03-24,PRICE_PERCENTILE
2021-06-03,科技,3201.784,3.2023,94.46,50.0,2011-09-20,PRICE_PERCENTILE
2021-06-04,医药,16581.11,1.7426,95.06,50.0,2019-03-26,PRICE_PERCENTILE
2021-06-04,半导体,3522.072,1.1692,22.13,50.0,2020-06-02,PRICE_PERCENTILE
2021-06-04,新能源,3978.677,2.2635,100.0,50.0,2020-04-03,PRICE_PERCENTILE
2021-06-04,沪深300,5282.277,1.7753,87.21,50.0,2009-07-10,PRICE_PERCENTILE
2021-06-04,消费,28291.116,3.5314,92.73,50.0,2015-03-24,PRICE_PERCENTILE
2021-06-04,科技,3242.612,3.2414,96.22,50.0,2011-09-20,PRICE_PERCENTILE
2021-06-07,医药,16644.255,1.7504,95.94,50.0,2019-03-26,PRICE_PERCENTILE
2021-06-07,半导体,3517.54,1.1944,21.63,50.0,2020-06-02,PRICE_PERCENTILE
2021-06-07,新能源,3911.426,2.2262,98.24,50.0,2020-04-03,PRICE_PERCENTILE
2021-06-07,沪深300,5277.627,1.7741,86.67,50.0,2009-07-10,PRICE_PERCENTILE
2021-06-07,消费,28164.752,3.5165,91.3,50.0,2015-03-24,PRICE_PERCENTILE
2021-06-07,科技,3228.243,3.2277,95.36,50.0,2011-09-20,PRICE_PERCENTILE
2021-06-08,医药,16411.314,1.7275,93.35,50.0,2019-03-26,PRICE_PERCENTILE
2021-06-08,半导体,3523.118,1.1876,23.17,50.0,2020-06-02,PRICE_PERCENTILE
2021-06-08,新能源,3876.646,2.2133,96.49,50.0,2020-04-03,PRICE_PERCENTILE
2021-06-08,沪深300,5232.117,1.7597,85.55,50.0,2009-07-10,PRICE_PERCENTILE
2021-06-08,消费,27271.839,3.4117,84.97,50.0,2015-03-24,PRICE_PERCENTILE
2021-06-08,科技,3208.572,3.2093,94.22,50.0,2011-09-20,PRICE_PERCENTILE
2021-06-09,医药,16405.076,1.727,93.08,50.0,2019-03-26,PRICE_PERCENTILE
2021-06-09,半导体,3516.749,1.2022,21.46,50.0,2020-06-02,PRICE_PERCENTILE
2021-06-09,新能源,3872.367,2.2092,96.15,50.0,2020-04-03,PRICE_PERCENTILE
2021-06-09,沪深300,5236.449,1.7617,85.59,50.0,2009-07-10,PRICE_PERCENTILE
2021-06-09,消费,27400.601,3.4286,86.17,50.0,2015-03-24,PRICE_PERCENTILE
2021-06-09,科技,3207.626,3.2085,93.95,50.0,2011-09-20,PRICE_PERCENTILE
2021-06-10,医药,16588.051,1.7454,95.11,50.0,2019-03-26,PRICE_PERCENTILE
2021-06-10,半导体,3513.364,1.2185,21.37,50.0,2020-06-02,PRICE_PERCENTILE
2021-06-10,新能源,4006.104,2.279,100.0,50.0,2020-04-03,PRICE_PERCENTILE
2021-06-10,沪深300,5271.466,1.7736,86.49,50.0,2009-07-10,PRICE_PERCENTILE
2021-06-10,消费,27570.985,3.4486,87.64,50.0,2015-03-24,PRICE_PERCENTILE
2021-06-10,科技,3285.51,3.282,97.7,50.0,2011-09-20,PRICE_PERCENTILE
2021-06-11,医药,16489.492,1.7361,93.98,50.0,2019-03-26,PRICE_PERCENTILE
2021-06-11,半导体,3525.815,1.1997,24.5,50.0,2020-06-02,PRICE_PERCENTILE
2021-06-11,新能源,4019.252,2.2923,100.0,50.0,2020-04-03,PRICE_PERCENTILE
2021-06-11,沪深300,5224.703,1.7598,84.81,50.0,2009-07-10,PRICE_PERCENTILE
2021-06-11,消费,26994.813,3.3834,82.52,50.0,2015-03-24,PRICE_PERCENTILE
2021-06-11,科技,3298.497,3.2962,97.99,50.0,2011-09-20,PRICE_PERCENTILE
2021-06-15,医药,16170.028,1.7043,89.71,50.0,2019-03-26,PRICE_PERCENTILE
2021-06-15,半导体,3480.365,1.215,18.4,50.0,2020-06-02,PRICE_PERCENTILE
2021-06-15,新能源,4012.775,2.2761,99.65,50.0,2020-04-03,PRICE_PERCENTILE
2021-06-15,沪深300,5166.56,1.7407,83.14,50.0,2009-07-10,PRICE_PERCENTILE
2021-06-15,消费,26787.535,3.3587,81.14,50.0,2015-03-24,PRICE_PERCENTILE
2021-06-15,科技,3262.188,3.2617,96.29,50.0,2011-09-20,PRICE_PERCENTILE
2021-06-16,医药,15734.612,1.6612,83.48,50.0,2019-03-26,PRICE_PERCENTILE
2021-06-16,半导体,3503.522,1.1788,20.32,50.0,2020-06-02,PRICE_PERCENTILE
2021-06-16,新能源,3772.571,2.1434,90.69,50.0,2020-04-03,PRICE_PERCENTILE
2021-06-16,沪深300,5080.491,1.7136,76.35,50.0,2009-07-10,PRICE_PERCENTILE
2021-06-16,消费,26573.838,3.3336,79.77,50.0,2015-03-24,PRICE_PERCENTILE
2021-06-16,科技,3125.701,3.1327,88.32,50.0,2011-09-20,PRICE_PERCENTILE
2021-06-17,医药,15798.354,1.6679,84.94,50.0,2019-03-26,PRICE_PERCENTILE
2021-06-17,半导体,3487.111,1.2702,19.05,50.0,2020-06-02,PRICE_PERCENTILE
2021-06-17,新能源,3853.898,2.1993,94.5,50.0,2020-04-03,PRICE_PERCENTILE
2021-06-17,沪深300,5101.892,1.7215,78.41,50.0,2009-07-10,PRICE_PERCENTILE
2021-06-17,消费,26678.148,3.3459,80.68,50.0,2015-03-24,PRICE_PERCENTILE
2021-06-17,科技,3188.593,3.1923,91.48,50.0,2011-09-20,PRICE_PERCENTILE
2021-06-18,医药,15929.869,1.6811,86.69,50.0,2019-03-26,PRICE_PERCENTILE
2021-06-18,半导体,3493.654,1.2801,19.37,50.0,2020-06-02,PRICE_PERCENTILE
2021-06-18,新能源,4036.108,2.2884,100.0,50.0,2020-04-03,PRICE_PERCENTILE
2021-06-18,沪深300,5102.466,1.7225,78.47,50.0,2009-07-10,PRICE_PERCENTILE
2021-06-18,消费,26318.429,3.3038,76.49,50.0,2015-03-24,PRICE_PERCENTILE
2021-06-18,科技,3239.227,3.2403,95.18,50.0,2011-09-20,PRICE_PERCENTILE
2021-06-21,医药,16035.364,1.6917,87.29,50.0,2019-03-26,PRICE_PERCENTILE
2021-06-21,半导体,3504.831,1.2871,21.65,50.0,2020-06-02,PRICE_PERCENTILE
2021-06-21,新能源,4050.313,2.299,100.0,50.0,2020-04-03,PRICE_PERCENTILE
2021-06-21,沪深300,5090.385,1.7187,76.84,50.0,2009-07-10,PRICE_PERCENTILE
2021-06-21,消费,26037.035,3.2709,74.01,50.0,2015-03-24,PRICE_PERCENTILE
2021-06-21,科技,3270.577,3.2698,96.33,50.0,2011-09-20,PRICE_PERCENTILE
2021-06-22,医药,16346.969,1.7229,91.83,50.0,2019-03-26,PRICE_PERCENTILE
2021-06-22,半导体,3534.299,1.2852,28.24,50.0,2020-06-02,PRICE_PERCENTILE
2021-06-22,新能源,4080.367,2.3049,100.0,50.0,2020-04-03,PRICE_PERCENTILE
2021-06-22,沪深300,5122.158,1.729,80.28,50.0,2009-07-10,PRICE_PERCENTILE
2021-06-22,消费,26184.757,3.289,75.49,50.0,2015-03-24,PRICE_PERCENTILE
2021-06-22,科技,3281.992,3.2806,96.9,50.0,2011-09-20,PRICE_PERCENTILE
2021-06-23,医药,16348.159,1.7233,91.85,50.0,2019-03-26,PRICE_PERCENTILE
2021-06-23,半导体,3556.662,1.3432,37.5,50.0,2020-06-02,PRICE_PERCENTILE
2021-06-23,新能源,4192.912,2.3613,100.0,50.0,2020-04-03,PRICE_PERCENTILE
2021-06-23,沪深300,5147.394,1.7376,82.3,50.0,2009-07-10,PRICE_PERCENTILE
2021-06-23,消费,25822.995,3.2468,72.19,50.0,2015-03-24,PRICE_PERCENTILE
2021-06-23,科技,3318.946,3.3154,98.6,50.0,2011-09-20,PRICE_PERCENTILE
2021-06-24,医药,16111.458,1.7,87.96,50.0,2019-03-26,PRICE_PERCENTILE
2021-06-24,半导体,3568.526,1.3216,42.02,50.0,2020-06-02,PRICE_PERCENTILE
2021-06-24,新能源,4150.89,2.3316,99.66,50.0,2020-04-03,PRICE_PERCENTILE
2021-06-24,沪深300,5155.974,1.7406,82.63,50.0,2009-07-10,PRICE_PERCENTILE
2021-06-24,消费,25863.097,3.252,72.55,50.0,2015-03-24,PRICE_PERCENTILE
2021-06-24,科技,3279.159,3.2776,96.08,50.0,2011-09-20,PRICE_PERCENTILE
2021-06-25,医药,16452.321,1.7345,93.02,50.0,2019-03-26,PRICE_PERCENTILE
2021-06-25,半导体,3588.552,1.3376,46.9,50.0,2020-06-02,PRICE_PERCENTILE
2021-06-25,新能源,4222.699,2.3676,100.0,50.0,2020-04-03,PRICE_PERCENTILE
2021-06-25,沪深300,5239.968,1.7688,85.75,50.0,2009-07-10,PRICE_PERCENTILE
2021-06-25,消费,26329.809,3.3106,77.09,50.0,2015-03-24,PRICE_PERCENTILE
2021-06-25,科技,3347.699,3.3419,99.16,50.0,2011-09-20,PRICE_PERCENTILE
2021-06-28,医药,16765.814,1.7663,98.05,50.0,2019-03-26,PRICE_PERCENTILE
2021-06-28,半导体,3592.302,1.3594,47.1,50.0,2020-06-02,PRICE_PERCENTILE
2021-06-28,新能源,4317.323,2.4245,100.0,50.0,2020-04-03,PRICE_PERCENTILE
2021-06-28,沪深300,5251.76,1.7724,85.79,50.0,2009-07-10,PRICE_PERCENTILE
2021-06-28,消费,26746.602,3.3601,81.34,50.0,2015-03-24,PRICE_PERCENTILE
2021-06-28,科技,3412.863,3.4029,99.72,50.0,2011-09-20,PRICE_PERCENTILE
2021-06-29,医药,16616.004,1.751,95.56,50.0,2019-03-26,PRICE_PERCENTILE
2021-06-29,半导体,3561.318,1.3458,38.46,50.0,2020-06-02,PRICE_PERCENTILE
2021-06-29,新能源,4301.258,2.4304,99.67,50.0,2020-04-03,PRICE_PERCENTILE
2021-06-29,沪深300,5190.545,1.7539,84.17,50.0,2009-07-10,PRICE_PERCENTILE
2021-06-29,消费,26352.431,3.3136,77.5,50.0,2015-03-24,PRICE_PERCENTILE
2021-06-29,科技,3406.238,3.3964,99.44,50.0,2011-09-20,PRICE_PERCENTILE
2021-06-30,医药,16654.984,1.7556,95.84,50.0,2019-03-26,PRICE_PERCENTILE
2021-06-30,半导体,3541.964,1.4071,31.8,50.0,2020-06-02,PRICE_PERCENTILE
2021-06-30,新能源,4408.12,2.4867,100.0,50.0,2020-04-03,PRICE_PERCENTILE
2021-06-30,沪深300,5224.041,1.7655,84.49,50.0,2009-07-10,PRICE_PERCENTILE
2021-06-30,消费,26374.632,3.3166,77.84,50.0,2015-03-24,PRICE_PERCENTILE
2021-06-30,科技,3477.178,3.4633,100.0,50.0,2011-09-20,PRICE_PERCENTILE
2021-07-01,医药,16930.984,1.7833,99.17,50.0,2019-03-26,PRICE_PERCENTILE
2021-07-01,半导体,3527.952,1.3742,26.72,50.0,2020-06-02,PRICE_PERCENTILE
2021-07-01,新能源,4336.905,2.4622,99.67,50.0,2020-04-03,PRICE_PERCENTILE
2021-07-01,沪深300,5229.664,1.7672,84.81,50.0,2009-07-10,PRICE_PERCENTILE
2021-07-01,消费,26572.194,3.3402,79.56,50.0,2015-03-24,PRICE_PERCENTILE
2021-07-01,科技,3455.359,3.4424,99.72,50.0,2011-09-20,PRICE_PERCENTILE
2021-07-02,医药,16278.445,1.7167,89.53,50.0,2019-03-26,PRICE_PERCENTILE
2021-07-02,半导体,3510.747,1.3529,22.05,50.0,2020-06-02,PRICE_PERCENTILE
2021-07-02,新能源,4304.955,2.4541,99.01,50.0,2020-04-03,PRICE_PERCENTILE
2021-07-02,沪深300,5081.117,1.7194,74.1,50.0,2009-07-10,PRICE_PERCENTILE
2021-07-02,消费,25794.419,3.2477,70.52,50.0,2015-03-24,PRICE_PERCENTILE
2021-07-02,科技,3333.897,3.3267,97.52,50.0,2011-09-20,PRICE_PERCENTILE
2021-07-05,医药,16116.977,1.7008,86.54,50.0,2019-03-26,PRICE_PERCENTILE
2021-07-05,半导体,3513.607,1.4073,22.73,50.0,2020-06-02,PRICE_PERCENTILE
2021-07-05,新能源,4421.514,2.5082,100.0,50.0,2020-04-03,PRICE_PERCENTILE
2021-07-05,沪深300,5085.792,1.7208,74.45,50.0,2009-07-10,PRICE_PERCENTILE
2021-07-05,消费,25641.259,3.2297,68.96,50.0,2015-03-24,PRICE_PERCENTILE
2021-07-05,科技,3352.117,3.3441,98.08,50.0,2011-09-20,PRICE_PERCENTILE
2021-07-06,医药,15568.222,1.6466,77.53,50.0,2019-03-26,PRICE_PERCENTILE
2021-07-06,半导体,3533.656,1.38,28.3,50.0,2020-06-02,PRICE_PERCENTILE
2021-07-06,新能源,4446.116,2.5104,100.0,50.0,2020-04-03,PRICE_PERCENTILE
2021-07-06,沪深300,5083.104,1.7212,73.97,50.0,2009-07-10,PRICE_PERCENTILE
2021-07-06,消费,25509.234,3.2142,66.3,50.0,2015-03-24,PRICE_PERCENTILE
2021-07-06,科技,3291.988,3.2878,95.62,50.0,2011-09-20,PRICE_PERCENTILE
2021-07-07,医药,15899.006,1.6798,83.33,50.0,2019-03-26,PRICE_PERCENTILE
2021-07-07,半导体,3525.711,1.4187,25.56,50.0,2020-06-02,PRICE_PERCENTILE
2021-07-07,新能源,4668.832,2.6431,100.0,50.0,2020-04-03,PRICE_PERCENTILE
2021-07-07,沪深300,5140.49,1.7402,80.33,50.0,2009-07-10,PRICE_PERCENTILE
2021-07-07,消费,25592.078,3.2243,68.03,50.0,2015-03-24,PRICE_PERCENTILE
2021-07-07,科技,3409.589,3.3978,98.91,50.0,2011-09-20,PRICE_PERCENTILE
2021-07-08,医药,15602.941,1.6515,77.38,50.0,2019-03-26,PRICE_PERCENTILE
2021-07-08,半导体,3511.852,1.4581,22.1,50.0,2020-06-02,PRICE_PERCENTILE
2021-07-08,新能源,4752.694,2.6858,100.0,50.0,2020-04-03,PRICE_PERCENTILE
2021-07-08,沪深300,5088.257,1.7241,74.66,50.0,2009-07-10,PRICE_PERCENTILE
2021-07-08,消费,25114.285,3.1691,62.4,50.0,2015-03-24,PRICE_PERCENTILE
2021-07-08,科技,3432.957,3.4208,99.46,50.0,2011-09-20,PRICE_PERCENTILE
2021-07-09,医药,15584.422,1.6497,77.17,50.0,2019-03-26,PRICE_PERCENTILE
2021-07-09,半导体,3542.676,1.4369,33.96,50.0,2020-06-02,PRICE_PERCENTILE
2021-07-09,新能源,4866.555,2.7245,100.0,50.0,2020-04-03,PRICE_PERCENTILE
2021-07-09,沪深300,5069.436,1.7195,72.01,50.0,2009-07-10,PRICE_PERCENTILE
2021-07-09,消费,24597.795,3.1138,57.61,50.0,2015-03-24,PRICE_PERCENTILE
2021-07-09,科技,3409.309,3.398,98.37,50.0,2011-09-20,PRICE_PERCENTILE
2021-07-12,医药,15930.702,1.6848,84.28,50.0,2019-03-26,PRICE_PERCENTILE
2021-07-12,半导体,3552.954,1.4624,37.92,50.0,2020-06-02,PRICE_PERCENTILE
2021-07-12,新能源,5083.875,2.8582,100.0,50.0,2020-04-03,PRICE_PERCENTILE
2021-07-12,沪深300,5132.709,1.7402,79.4,50.0,2009-07-10,PRICE_PERCENTILE
2021-07-12,消费,24823.38,3.1405,60.43,50.0,2015-03-24,PRICE_PERCENTILE
2021-07-12,科技,3534.763,3.516,100.0,50.0,2011-09-20,PRICE_PERCENTILE
2021-07-13,医药,15968.126,1.6887,84.32,50.0,2019-03-26,PRICE_PERCENTILE
2021-07-13,半导体,3586.437,1.3949,48.15,50.0,2020-06-02,PRICE_PERCENTILE
2021-07-13,新能源,5078.636,2.8608,99.68,50.0,2020-04-03,PRICE_PERCENTILE
2021-07-13,沪深300,5142.099,1.7453,80.81,50.0,2009-07-10,PRICE_PERCENTILE
2021-07-13,消费,25329.863,3.2012,64.59,50.0,2015-03-24,PRICE_PERCENTILE
2021-07-13,科技,3514.977,3.4974,99.73,50.0,2011-09-20,PRICE_PERCENTILE
2021-07-14,医药,16070.144,1.6988,85.18,50.0,2019-03-26,PRICE_PERCENTILE
2021-07-14,半导体,3566.727,1.3806,43.17,50.0,2020-06-02,PRICE_PERCENTILE
2021-07-14,新能源,4865.769,2.7505,99.03,50.0,2020-04-03,PRICE_PERCENTILE
2021-07-14,沪深300,5083.085,1.7264,73.05,50.0,2009-07-10,PRICE_PERCENTILE
2021-07-14,消费,25364.551,3.2054,64.96,50.0,2015-03-24,PRICE_PERCENTILE
2021-07-14,科技,3488.627,3.4727,99.46,50.0,2011-09-20,PRICE_PERCENTILE
2021-07-15,医药,16147.594,1.7064,87.63,50.0,2019-03-26,PRICE_PERCENTILE
2021-07-15,半导体,3573.798,1.3959,45.22,50.0,2020-06-02,PRICE_PERCENTILE
2021-07-15,新能源,4931.129,2.7995,99.36,50.0,2020-04-03,PRICE_PERCENTILE
2021-07-15,沪深300,5151.463,1.7487,81.45,50.0,2009-07-10,PRICE_PERCENTILE
2021-07-15,消费,25745.284,3.2506,70.7,50.0,2015-03-24,PRICE_PERCENTILE
2021-07-15,科技,3537.391,3.5186,100.0,50.0,2011-09-20,PRICE_PERCENTILE
2021-07-16,医药,16023.213,1.6949,84.45,50.0,2019-03-26,PRICE_PERCENTILE
2021-07-16,半导体,3583.056,1.3737,47.25,50.0,2020-06-02,PRICE_PERCENTILE
2021-07-16,新能源,4763.905,2.6822,98.4,50.0,2020-04-03,PRICE_PERCENTILE
2021-07-16,沪深300,5094.773,1.7317,75.34,50.0,2009-07-10,PRICE_PERCENTILE
2021-07-16,消费,25269.416,3.1945,63.27,50.0,2015-03-24,PRICE_PERCENTILE
2021-07-16,科技,3432.647,3.4205,98.12,50.0,2011-09-20,PRICE_PERCENTILE
2021-07-19,医药,16335.521,1.7264,90.11,50.0,2019-03-26,PRICE_PERCENTILE
2021-07-19,半导体,3558.012,1.3729,39.05,50.0,2020-06-02,PRICE_PERCENTILE
2021-07-19,新能源,4689.359,2.6478,97.76,50.0,2020-04-03,PRICE_PERCENTILE
2021-07-19,沪深300,5113.495,1.7377,77.54,50.0,2009-07-10,PRICE_PERCENTILE
2021-07-19,消费,25260.295,3.1932,63.1,50.0,2015-03-24,PRICE_PERCENTILE
2021-07-19,科技,3449.526,3.4364,98.4,50.0,2011-09-20,PRICE_PERCENTILE
2021-07-20,医药,16437.928,1.7364,92.0,50.0,2019-03-26,PRICE_PERCENTILE
2021-07-20,半导体,3597.944,1.4028,51.64,50.0,2020-06-02,PRICE_PERCENTILE
2021-07-20,新能源,4787.867,2.6962,98.41,50.0,2020-04-03,PRICE_PERCENTILE
2021-07-20,沪深300,5108.994,1.7363,76.53,50.0,2009-07-10,PRICE_PERCENTILE
2021-07-20,消费,25286.823,3.1964,64.0,50.0,2015-03-24,PRICE_PERCENTILE
2021-07-20,科技,3463.791,3.4493,98.67,50.0,2011-09-20,PRICE_PERCENTILE
2021-07-21,医药,16605.271,1.7528,94.68,50.0,2019-03-26,PRICE_PERCENTILE
2021-07-21,半导体,3597.29,1.4581,51.45,50.0,2020-06-02,PRICE_PERCENTILE
2021-07-21,新能源,5019.094,2.8155,99.37,50.0,2020-04-03,PRICE_PERCENTILE
2021-07-21,沪深300,5144.043,1.7484,80.85,50.0,2009-07-10,PRICE_PERCENTILE
2021-07-21,消费,25141.087,3.1793,61.7,50.0,2015-03-24,PRICE_PERCENTILE
2021-07-21,科技,3560.045,3.5392,100.0,50.0,2011-09-20,PRICE_PERCENTILE
2021-07-22,医药,16081.165,1.7006,84.88,50.0,2019-03-26,PRICE_PERCENTILE
2021-07-22,半导体,3632.451,1.492,59.93,50.0,2020-06-02,PRICE_PERCENTILE
2021-07-22,新能源,5043.946,2.8377,99.37,50.0,2020-04-03,PRICE_PERCENTILE
2021-07-22,沪深300,5151.752,1.7511,81.7,50.0,2009-07-10,PRICE_PERCENTILE
2021-07-22,消费,24872.532,3.1496,59.68,50.0,2015-03-24,PRICE_PERCENTILE
2021-07-22,科技,3544.436,3.5245,99.73,50.0,2011-09-20,PRICE_PERCENTILE
2021-07-23,医药,15610.004,1.6538,75.66,50.0,2019-03-26,PRICE_PERCENTILE
2021-07-23,半导体,3680.452,1.4927,71.22,50.0,2020-06-02,PRICE_PERCENTILE
2021-07-23,新能源,5024.228,2.8198,99.05,50.0,2020-04-03,PRICE_PERCENTILE
2021-07-23,沪深300,5089.228,1.7311,73.28,50.0,2009-07-10,PRICE_PERCENTILE
2021-07-23,消费,24314.839,3.0836,52.65,50.0,2015-03-24,PRICE_PERCENTILE
2021-07-23,科技,3469.873,3.4548,98.15,50.0,2011-09-20,PRICE_PERCENTILE
2021-07-26,医药,14831.931,1.5771,58.58,50.0,2019-03-26,PRICE_PERCENTILE
2021-07-26,半导体,3672.363,1.5095,68.82,50.0,2020-06-02,PRICE_PERCENTILE
2021-07-26,新能源,4924.617,2.772,98.11,50.0,2020-04-03,PRICE_PERCENTILE
2021-07-26,沪深300,4925.299,1.6779,56.46,50.0,2009-07-10,PRICE_PERCENTILE
2021-07-26,消费,23110.832,2.9403,39.58,50.0,2015-03-24,PRICE_PERCENTILE
2021-07-26,科技,3371.228,3.3622,95.25,50.0,2011-09-20,PRICE_PERCENTILE
2021-07-27,医药,14318.846,1.5265,46.32,50.0,2019-03-26,PRICE_PERCENTILE
2021-07-27,半导体,3573.89,1.5083,45.0,50.0,2020-06-02,PRICE_PERCENTILE
2021-07-27,新能源,4664.145,2.6219,95.61,50.0,2020-04-03,PRICE_PERCENTILE
2021-07-27,沪深300,4751.313,1.622,45.26,50.0,2009-07-10,PRICE_PERCENTILE
2021-07-27,消费,22224.272,2.8343,33.95,50.0,2015-03-24,PRICE_PERCENTILE
2021-07-27,科技,3232.839,3.2321,88.42,50.0,2011-09-20,PRICE_PERCENTILE
2021-07-28,医药,14672.816,1.5612,53.81,50.0,2019-03-26,PRICE_PERCENTILE
2021-07-28,半导体,3528.338,1.4901,26.69,50.0,2020-06-02,PRICE_PERCENTILE
2021-07-28,新能源,4640.779,2.6437,95.31,50.0,2020-04-03,PRICE_PERCENTILE
2021-07-28,沪深300,4760.483,1.6249,46.19,50.0,2009-07-10,PRICE_PERCENTILE
2021-07-28,消费,22245.279,2.8372,34.12,50.0,2015-03-24,PRICE_PERCENTILE
2021-07-28,科技,3284.92,3.2812,91.34,50.0,2011-09-20,PRICE_PERCENTILE
2021-07-29,医药,14990.046,1.5927,62.3,50.0,2019-03-26,PRICE_PERCENTILE
2021-07-29,半导体,3534.67,1.5901,28.37,50.0,2020-06-02,PRICE_PERCENTILE
2021-07-29,新能源,4904.844,2.7793,97.82,50.0,2020-04-03,PRICE_PERCENTILE
2021-07-29,沪深300,4850.275,1.6543,53.4,50.0,2009-07-10,PRICE_PERCENTILE
2021-07-29,消费,22137.268,2.8244,33.51,50.0,2015-03-24,PRICE_PERCENTILE
2021-07-29,科技,3459.721,3.4459,97.64,50.0,2011-09-20,PRICE_PERCENTILE
2021-07-30,医药,14865.698,1.5798,59.79,50.0,2019-03-26,PRICE_PERCENTILE
2021-07-30,半导体,3610.562,1.6268,54.77,50.0,2020-06-02,PRICE_PERCENTILE
2021-07-30,新能源,4896.404,2.7668,97.52,50.0,2020-04-03,PRICE_PERCENTILE
2021-07-30,沪深300,4811.17,1.6422,50.39,50.0,2009-07-10,PRICE_PERCENTILE
2021-07-30,消费,21485.662,2.7462,31.85,50.0,2015-03-24,PRICE_PERCENTILE
2021-07-30,科技,3440.182,3.4275,96.87,50.0,2011-09-20,PRICE_PERCENTILE
2021-08-02,医药,15043.847,1.5975,63.28,50.0,2019-03-26,PRICE_PERCENTILE
2021-08-02,半导体,3680.678,1.5904,71.83,50.0,2020-06-02,PRICE_PERCENTILE
2021-08-02,新能源,5023.24,2.8426,98.76,50.0,2020-04-03,PRICE_PERCENTILE
2021-08-02,沪深300,4933.736,1.682,57.81,50.0,2009-07-10,PRICE_PERCENTILE
2021-08-02,消费,22465.909,2.8634,35.16,50.0,2015-03-24,PRICE_PERCENTILE
2021-08-02,科技,3493.359,3.477,98.7,50.0,2011-09-20,PRICE_PERCENTILE
2021-08-03,医药,15638.36,1.657,76.62,50.0,2019-03-26,PRICE_PERCENTILE
2021-08-03,半导体,3737.102,1.5054,83.51,50.0,2020-06-02,PRICE_PERCENTILE
2021-08-03,新能源,4833.418,2.7552,96.3,50.0,2020-04-03,PRICE_PERCENTILE
2021-08-03,沪深300,4934.458,1.6822,57.92,50.0,2009-07-10,PRICE_PERCENTILE
2021-08-03,消费,22777.972,2.9009,36.62,50.0,2015-03-24,PRICE_PERCENTILE
2021-08-03,科技,3477.229,3.462,98.18,50.0,2011-09-20,PRICE_PERCENTILE
2021-08-04,医药,15553.169,1.6487,74.35,50.0,2019-03-26,PRICE_PERCENTILE
2021-08-04,半导体,3731.324,1.5775,82.52,50.0,2020-06-02,PRICE_PERCENTILE
2021-08-04,新能源,5175.485,2.9587,100.0,50.0,2020-04-03,PRICE_PERCENTILE
2021-08-04,沪深300,4978.848,1.6966,61.92,50.0,2009-07-10,PRICE_PERCENTILE
2021-08-04,消费,22425.478,2.8593,34.97,50.0,2015-03-24,PRICE_PERCENTILE
2021-08-04,科技,3563.127,3.5427,100.0,50.0,2011-09-20,PRICE_PERCENTILE
2021-08-05,医药,15455.926,1.6392,72.61,50.0,2019-03-26,PRICE_PERCENTILE
2021-08-05,半导体,3689.438,1.5736,72.13,50.0,2020-06-02,PRICE_PERCENTILE
2021-08-05,新能源,5161.379,2.9297,99.69,50.0,2020-04-03,PRICE_PERCENTILE
2021-08-05,沪深300,4948.67,1.6869,59.69,50.0,2009-07-10,PRICE_PERCENTILE
2021-08-05,消费,22260.307,2.8399,34.63,50.0,2015-03-24,PRICE_PERCENTILE
2021-08-05,科技,3532.5,3.5136,98.71,50.0,2011-09-20,PRICE_PERCENTILE
2021-08-06,医药,14917.009,1.5855,60.82,50.0,2019-03-26,PRICE_PERCENTILE
2021-08-06,半导体,3717.621,1.5617,79.51,50.0,2020-06-02,PRICE_PERCENTILE
2021-08-06,新能源,5251.074,2.9808,100.0,50.0,2020-04-03,PRICE_PERCENTILE
2021-08-06,沪深300,4921.565,1.6785,56.19,50.0,2009-07-10,PRICE_PERCENTILE
2021-08-06,消费,22158.898,2.828,33.76,50.0,2015-03-24,PRICE_PERCENTILE
2021-08-06,科技,3490.902,3.4747,97.94,50.0,2011-09-20,PRICE_PERCENTILE
2021-08-09,医药,15041.131,1.5977,62.72,50.0,2019-03-26,PRICE_PERCENTILE
2021-08-09,半导体,3730.278,1.5203,82.01,50.0,2020-06-02,PRICE_PERCENTILE
2021-08-09,新能源,5104.748,2.8907,99.09,50.0,2020-04-03,PRICE_PERCENTILE
2021-08-09,沪深300,4985.563,1.6992,62.98,50.0,2009-07-10,PRICE_PERCENTILE
2021-08-09,消费,22844.689,2.9101,38.3,50.0,2015-03-24,PRICE_PERCENTILE
2021-08-09,科技,3456.747,3.4424,96.14,50.0,2011-09-20,PRICE_PERCENTILE
2021-08-10,医药,15193.317,1.6129,68.21,50.0,2019-03-26,PRICE_PERCENTILE
2021-08-10,半导体,3745.964,1.512,84.14,50.0,2020-06-02,PRICE_PERCENTILE
2021-08-10,新能源,5029.917,2.8397,97.87,50.0,2020-04-03,PRICE_PERCENTILE
2021-08-10,沪深300,5043.148,1.7178,67.95,50.0,2009-07-10,PRICE_PERCENTILE
2021-08-10,消费,23753.13,3.0192,47.69,50.0,2015-03-24,PRICE_PERCENTILE
2021-08-10,科技,3468.67,3.4536,96.67,50.0,2011-09-20,PRICE_PERCENTILE
2021-08-11,医药,14898.502,1.5835,59.59,50.0,2019-03-26,PRICE_PERCENTILE
2021-08-11,半导体,3790.437,1.5187,87.97,50.0,2020-06-02,PRICE_PERCENTILE
2021-08-11,新能源,5104.805,2.8868,99.09,50.0,2020-04-03,PRICE_PERCENTILE
2021-08-11,沪深300,5015.341,1.709,65.73,50.0,2009-07-10,PRICE_PERCENTILE
2021-08-11,消费,23362.621,2.9733,43.99,50.0,2015-03-24,PRICE_PERCENTILE
2021-08-11,科技,3437.058,3.424,94.88,50.0,2011-09-20,PRICE_PERCENTILE
2021-08-12,医药,14699.822,1.5641,53.06,50.0,2019-03-26,PRICE_PERCENTILE
2021-08-12,半导体,3744.435,1.5252,83.56,50.0,2020-06-02,PRICE_PERCENTILE
2021-08-12,新能源,5132.74,2.8913,99.09,50.0,2020-04-03,PRICE_PERCENTILE
2021-08-12,沪深300,4973.351,1.6954,61.22,50.0,2009-07-10,PRICE_PERCENTILE
2021-08-12,消费,22934.54,2.9226,39.54,50.0,2015-03-24,PRICE_PERCENTILE
2021-08-12,科技,3386.432,3.3764,92.86,50.0,2011-09-20,PRICE_PERCENTILE
2021-08-13,医药,14648.829,1.5589,51.4,50.0,2019-03-26,PRICE_PERCENTILE
2021-08-13,半导体,3734.687,1.4658,82.59,50.0,2020-06-02,PRICE_PERCENTILE
2021-08-13,新能源,5098.869,2.8686,98.19,50.0,2020-04-03,PRICE_PERCENTILE
2021-08-13,沪深300,4945.983,1.6868,58.78,50.0,2009-07-10,PRICE_PERCENTILE
2021-08-13,消费,23015.356,2.9322,39.95,50.0,2015-03-24,PRICE_PERCENTILE
2021-08-13,科技,3345.126,3.3376,91.35,50.0,2011-09-20,PRICE_PERCENTILE
2021-08-16,医药,14655.419,1.5597,52.03,50.0,2019-03-26,PRICE_PERCENTILE
2021-08-16,半导体,3761.554,1.4754,85.71,50.0,2020-06-02,PRICE_PERCENTILE
2021-08-16,新能源,4890.422,2.7381,94.59,50.0,2020-04-03,PRICE_PERCENTILE
2021-08-16,沪深300,4941.068,1.6858,57.87,50.0,2009-07-10,PRICE_PERCENTILE
2021-08-16,消费,23106.609,2.9436,41.12,50.0,2015-03-24,PRICE_PERCENTILE
2021-08-16,科技,3301.391,3.2965,89.85,50.0,2011-09-20,PRICE_PERCENTILE
2021-08-17,医药,14137.73,1.5087,39.24,50.0,2019-03-26,PRICE_PERCENTILE
2021-08-17,半导体,3783.937,1.4166,87.46,50.0,2020-06-02,PRICE_PERCENTILE
2021-08-17,新能源,4823.264,2.6969,93.41,50.0,2020-04-03,PRICE_PERCENTILE
2021-08-17,沪深300,4837.403,1.6523,50.63,50.0,2009-07-10,PRICE_PERCENTILE
2021-08-17,消费,22203.038,2.8361,33.42,50.0,2015-03-24,PRICE_PERCENTILE
2021-08-17,科技,3224.153,3.2238,83.8,50.0,2011-09-20,PRICE_PERCENTILE
2021-08-18,医药,14187.185,1.514,41.41,50.0,2019-03-26,PRICE_PERCENTILE
2021-08-18,半导体,3838.275,1.4185,92.91,50.0,2020-06-02,PRICE_PERCENTILE
2021-08-18,新能源,4849.094,2.7152,93.73,50.0,2020-04-03,PRICE_PERCENTILE
2021-08-18,沪深300,4894.238,1.671,53.79,50.0,2009-07-10,PRICE_PERCENTILE
2021-08-18,消费,22225.594,2.8394,33.84,50.0,2015-03-24,PRICE_PERCENTILE
2021-08-18,科技,3248.373,3.2467,86.11,50.0,2011-09-20,PRICE_PERCENTILE
2021-08-19,医药,14243.495,1.5196,43.83,50.0,2019-03-26,PRICE_PERCENTILE
2021-08-19,半导体,3783.245,1.4507,86.87,50.0,2020-06-02,PRICE_PERCENTILE
2021-08-19,新能源,5009.273,2.8015,95.83,50.0,2020-04-03,PRICE_PERCENTILE
2021-08-19,沪深300,4862.139,1.6606,52.64,50.0,2009-07-10,PRICE_PERCENTILE
2021-08-19,消费,21902.429,2.8005,31.99,50.0,2015-03-24,PRICE_PERCENTILE
2021-08-19,科技,3278.357,3.2749,87.15,50.0,2011-09-20,PRICE_PERCENTILE
2021-08-20,医药,13523.837,1.4501,29.65,50.0,2019-03-26,PRICE_PERCENTILE
2021-08-20,半导体,3758.075,1.4646,83.89,50.0,2020-06-02,PRICE_PERCENTILE
2021-08-20,新能源,4960.989,2.7776,95.55,50.0,2020-04-03,PRICE_PERCENTILE
2021-08-20,沪深300,4769.268,1.6313,44.97,50.0,2009-07-10,PRICE_PERCENTILE
2021-08-20,消费,20930.633,2.6865,30.4,50.0,2015-03-24,PRICE_PERCENTILE
2021-08-20,科技,3192.9,3.1944,81.16,50.0,2011-09-20,PRICE_PERCENTILE
2021-08-23,医药,13725.836,1.4698,31.83,50.0,2019-03-26,PRICE_PERCENTILE
2021-08-23,半导体,3800.022,1.5057,89.63,50.0,2020-06-02,PRICE_PERCENTILE
2021-08-23,新能源,5060.83,2.845,97.34,50.0,2020-04-03,PRICE_PERCENTILE
2021-08-23,沪深300,4835.878,1.6541,50.38,50.0,2009-07-10,PRICE_PERCENTILE
2021-08-23,消费,21141.881,2.7117,30.58,50.0,2015-03-24,PRICE_PERCENTILE
2021-08-23,科技,3293.77,3.2885,89.22,50.0,2011-09-20,PRICE_PERCENTILE
2021-08-24,医药,13964.442,1.493,35.5,50.0,2019-03-26,PRICE_PERCENTILE
2021-08-24,半导体,3805.078,1.5295,89.67,50.0,2020-06-02,PRICE_PERCENTILE
2021-08-24,新能源,5183.95,2.9173,99.71,50.0,2020-04-03,PRICE_PERCENTILE
2021-08-24,沪深300,4888.39,1.6712,53.5,50.0,2009-07-10,PRICE_PERCENTILE
2021-08-24,消费,21538.892,2.7596,31.25,50.0,2015-03-24,PRICE_PERCENTILE
2021-08-24,科技,3330.58,3.3235,90.75,50.0,2011-09-20,PRICE_PERCENTILE
2021-08-25,医药,14089.526,1.5052,38.15,50.0,2019-03-26,PRICE_PERCENTILE
2021-08-25,半导体,3898.662,1.5233,97.67,50.0,2020-06-02,PRICE_PERCENTILE
2021-08-25,新能源,5179.014,2.9116,99.41,50.0,2020-04-03,PRICE_PERCENTILE
2021-08-25,沪深300,4898.157,1.675,54.61,50.0,2009-07-10,PRICE_PERCENTILE
2021-08-25,消费,21849.246,2.7968,31.92,50.0,2015-03-24,PRICE_PERCENTILE
2021-08-25,科技,3348.662,3.3406,91.77,50.0,2011-09-20,PRICE_PERCENTILE
2021-08-26,医药,13582.038,1.4541,29.85,50.0,2019-03-26,PRICE_PERCENTILE
2021-08-26,半导体,3912.628,1.4945,97.68,50.0,2020-06-02,PRICE_PERCENTILE
2021-08-26,新能源,5076.86,2.8562,96.77,50.0,2020-04-03,PRICE_PERCENTILE
2021-08-26,沪深300,4801.609,1.6436,47.76,50.0,2009-07-10,PRICE_PERCENTILE
2021-08-26,消费,21215.345,2.7201,30.6,50.0,2015-03-24,PRICE_PERCENTILE
2021-08-26,科技,3264.45,3.261,85.82,50.0,2011-09-20,PRICE_PERCENTILE
2021-08-27,医药,13539.227,1.4499,29.78,50.0,2019-03-26,PRICE_PERCENTILE
2021-08-27,半导体,3965.888,1.5093,99.34,50.0,2020-06-02,PRICE_PERCENTILE
2021-08-27,新能源,5193.268,2.9041,99.71,50.0,2020-04-03,PRICE_PERCENTILE
2021-08-27,沪深300,4827.043,1.6519,50.12,50.0,2009-07-10,PRICE_PERCENTILE
2021-08-27,消费,21170.608,2.7146,30.52,50.0,2015-03-24,PRICE_PERCENTILE
2021-08-27,科技,3257.072,3.2539,85.11,50.0,2011-09-20,PRICE_PERCENTILE
2021-08-30,医药,13507.904,1.4468,28.96,50.0,2019-03-26,PRICE_PERCENTILE
2021-08-30,半导体,3980.125,1.4981,99.34,50.0,2020-06-02,PRICE_PERCENTILE
2021-08-30,新能源,5251.368,2.9313,100.0,50.0,2020-04-03,PRICE_PERCENTILE
2021-08-30,沪深300,4813.27,1.6473,48.76,50.0,2009-07-10,PRICE_PERCENTILE
2021-08-30,消费,21157.93,2.7128,30.45,50.0,2015-03-24,PRICE_PERCENTILE
2021-08-30,科技,3271.802,3.2677,86.14,50.0,2011-09-20,PRICE_PERCENTILE
2021-08-31,医药,13282.718,1.4243,27.65,50.0,2019-03-26,PRICE_PERCENTILE
2021-08-31,半导体,4092.59,1.4584,100.0,50.0,2020-06-02,PRICE_PERCENTILE
2021-08-31,新能源,5202.547,2.8985,99.42,50.0,2020-04-03,PRICE_PERCENTILE
2021-08-31,沪深300,4805.61,1.6449,47.65,50.0,2009-07-10,PRICE_PERCENTILE
2021-08-31,消费,20868.653,2.678,29.88,50.0,2015-03-24,PRICE_PERCENTILE
2021-08-31,科技,3214.117,3.2133,81.73,50.0,2011-09-20,PRICE_PERCENTILE
2021-09-01,医药,13435.972,1.4399,28.57,50.0,2019-03-26,PRICE_PERCENTILE
2021-09-01,半导体,4210.141,1.4429,100.0,50.0,2020-06-02,PRICE_PERCENTILE
2021-09-01,新能源,4990.07,2.7908,93.62,50.0,2020-04-03,PRICE_PERCENTILE
2021-09-01,沪深300,4869.459,1.6659,53.2,50.0,2009-07-10,PRICE_PERCENTILE
2021-09-01,消费,21486.223,2.7525,31.77,50.0,2015-03-24,PRICE_PERCENTILE
2021-09-01,科技,3186.85,3.1878,79.31,50.0,2011-09-20,PRICE_PERCENTILE
2021-09-02,医药,13072.431,1.4036,27.27,50.0,2019-03-26,PRICE_PERCENTILE
2021-09-02,半导体,4383.38,1.4034,100.0,50.0,2020-06-02,PRICE_PERCENTILE
2021-09-02,新能源,5041.498,2.8043,95.09,50.0,2020-04-03,PRICE_PERCENTILE
2021-09-02,沪深300,4869.411,1.666,53.07,50.0,2009-07-10,PRICE_PERCENTILE
2021-09-02,消费,21144.365,2.7115,30.47,50.0,2015-03-24,PRICE_PERCENTILE
2021-09-02,科技,3138.803,3.143,77.15,50.0,2011-09-20,PRICE_PERCENTILE
2021-09-03,医药,13142.437,1.4106,27.45,50.0,2019-03-26,PRICE_PERCENTILE
2021-09-03,半导体,4322.839,1.3937,99.68,50.0,2020-06-02,PRICE_PERCENTILE
2021-09-03,新能源,4843.167,2.7075,90.49,50.0,2020-04-03,PRICE_PERCENTILE
2021-09-03,沪深300,4843.062,1.6575,51.47,50.0,2009-07-10,PRICE_PERCENTILE
2021-09-03,消费,21454.46,2.7485,31.62,50.0,2015-03-24,PRICE_PERCENTILE
2021-09-03,科技,3102.145,3.1083,74.75,50.0,2011-09-20,PRICE_PERCENTILE
2021-09-06,医药,13732.735,1.4692,33.01,50.0,2019-03-26,PRICE_PERCENTILE
2021-09-06,半导体,4405.106,1.4195,100.0,50.0,2020-06-02,PRICE_PERCENTILE
2021-09-06,新能源,4993.161,2.8155,93.39,50.0,2020-04-03,PRICE_PERCENTILE
2021-09-06,沪深300,4933.726,1.6869,57.95,50.0,2009-07-10,PRICE_PERCENTILE
2021-09-06,消费,21997.754,2.8141,33.99,50.0,2015-03-24,PRICE_PERCENTILE
2021-09-06,科技,3228.088,3.2272,82.89,50.0,2011-09-20,PRICE_PERCENTILE
2021-09-07,医药,13715.548,1.4673,32.44,50.0,2019-03-26,PRICE_PERCENTILE
2021-09-07,半导体,4526.303,1.4232,100.0,50.0,2020-06-02,PRICE_PERCENTILE
2021-09-07,新能源,5184.064,2.905,98.85,50.0,2020-04-03,PRICE_PERCENTILE
2021-09-07,沪深300,4992.829,1.7063,64.63,50.0,2009-07-10,PRICE_PERCENTILE
2021-09-07,消费,22055.051,2.8217,34.15,50.0,2015-03-24,PRICE_PERCENTILE
2021-09-07,科技,3251.487,3.2493,84.88,50.0,2011-09-20,PRICE_PERCENTILE
2021-09-08,医药,13630.482,1.4589,31.39,50.0,2019-03-26,PRICE_PERCENTILE
2021-09-08,半导体,4572.299,1.4072,100.0,50.0,2020-06-02,PRICE_PERCENTILE
2021-09-08,新能源,5106.649,2.8574,97.14,50.0,2020-04-03,PRICE_PERCENTILE
2021-09-08,沪深300,4972.132,1.6996,62.53,50.0,2009-07-10,PRICE_PERCENTILE
2021-09-08,消费,21789.021,2.7894,32.85,50.0,2015-03-24,PRICE_PERCENTILE
2021-09-08,科技,3219.947,3.2194,81.51,50.0,2011-09-20,PRICE_PERCENTILE
2021-09-09,医药,13621.912,1.4584,31.31,50.0,2019-03-26,PRICE_PERCENTILE
2021-09-09,半导体,4695.285,1.4005,100.0,50.0,2020-06-02,PRICE_PERCENTILE
2021-09-09,新能源,5139.314,2.8832,97.44,50.0,2020-04-03,PRICE_PERCENTILE
2021-09-09,沪深300,4970.013,1.6987,62.14,50.0,2009-07-10,PRICE_PERCENTILE
2021-09-09,消费,21741.416,2.7837,32.77,50.0,2015-03-24,PRICE_PERCENTILE
2021-09-09,科技,3221.941,3.2214,81.55,50.0,2011-09-20,PRICE_PERCENTILE
2021-09-10,医药,13550.262,1.4513,30.51,50.0,2019-03-26,PRICE_PERCENTILE
2021-09-10,半导体,4636.625,1.4555,99.68,50.0,2020-06-02,PRICE_PERCENTILE
2021-09-10,新能源,5172.555,2.899,97.73,50.0,2020-04-03,PRICE_PERCENTILE
2021-09-10,沪深300,5013.522,1.713,67.31,50.0,2009-07-10,PRICE_PERCENTILE
2021-09-10,消费,22018.191,2.8186,34.38,50.0,2015-03-24,PRICE_PERCENTILE
2021-09-10,科技,3232.01,3.2309,83.29,50.0,2011-09-20,PRICE_PERCENTILE
2021-09-13,医药,13476.71,1.4437,28.99,50.0,2019-03-26,PRICE_PERCENTILE
2021-09-13,半导体,4682.271,1.4004,99.68,50.0,2020-06-02,PRICE_PERCENTILE
2021-09-13,新能源,5102.252,2.8757,95.75,50.0,2020-04-03,PRICE_PERCENTILE
2021-09-13,沪深300,4991.66,1.7058,64.25,50.0,2009-07-10,PRICE_PERCENTILE
2021-09-13,消费,21754.306,2.7867,32.85,50.0,2015-03-24,PRICE_PERCENTILE
2021-09-13,科技,3194.275,3.1953,79.23,50.0,2011-09-20,PRICE_PERCENTILE
2021-09-14,医药,13558.474,1.4515,30.84,50.0,2019-03-26,PRICE_PERCENTILE
2021-09-14,半导体,4513.2,1.4052,98.41,50.0,2020-06-02,PRICE_PERCENTILE
2021-09-14,新能源,5215.583,2.9552,99.44,50.0,2020-04-03,PRICE_PERCENTILE
2021-09-14,沪深300,4917.162,1.6816,55.66,50.0,2009-07-10,PRICE_PERCENTILE
2021-09-14,消费,21571.864,2.765,32.05,50.0,2015-03-24,PRICE_PERCENTILE
2021-09-14,科技,3236.547,3.2353,83.86,50.0,2011-09-20,PRICE_PERCENTILE
2021-09-15,医药,13340.856,1.4296,27.88,50.0,2019-03-26,PRICE_PERCENTILE
2021-09-15,半导体,4486.752,1.3995,98.1,50.0,2020-06-02,PRICE_PERCENTILE
2021-09-15,新能源,5227.25,2.971,99.44,50.0,2020-04-03,PRICE_PERCENTILE
2021-09-15,沪深300,4867.319,1.6654,52.16,50.0,2009-07-10,PRICE_PERCENTILE
2021-09-15,消费,21117.822,2.7103,29.57,50.0,2015-03-24,PRICE_PERCENTILE
2021-09-15,科技,3200.399,3.201,79.33,50.0,2011-09-20,PRICE_PERCENTILE
2021-09-16,医药,13359.378,1.4315,28.06,50.0,2019-03-26,PRICE_PERCENTILE
2021-09-16,半导体,4397.866,1.3526,97.48,50.0,2020-06-02,PRICE_PERCENTILE
2021-09-16,新能源,5011.84,2.8546,91.85,50.0,2020-04-03,PRICE_PERCENTILE
2021-09-16,沪深300,4807.698,1.6461,47.0,50.0,2009-07-10,PRICE_PERCENTILE
2021-09-16,消费,21369.322,2.7403,31.18,50.0,2015-03-24,PRICE_PERCENTILE
2021-09-16,科技,3128.845,3.1333,74.82,50.0,2011-09-20,PRICE_PERCENTILE
2021-09-17,医药,13884.695,1.4844,36.36,50.0,2019-03-26,PRICE_PERCENTILE
2021-09-17,半导体,4370.36,1.3597,96.86,50.0,2020-06-02,PRICE_PERCENTILE
2021-09-17,新能源,5054.862,2.885,93.56,50.0,2020-04-03,PRICE_PERCENTILE
2021-09-17,沪深300,4855.94,1.6622,51.67,50.0,2009-07-10,PRICE_PERCENTILE
2021-09-17,消费,21857.128,2.7991,34.21,50.0,2015-03-24,PRICE_PERCENTILE
2021-09-17,科技,3193.261,3.194,78.47,50.0,2011-09-20,PRICE_PERCENTILE
2021-09-22,医药,13838.43,1.4797,35.56,50.0,2019-03-26,PRICE_PERCENTILE
2021-09-22,半导体,4497.366,1.3739,98.12,50.0,2020-06-02,PRICE_PERCENTILE
2021-09-22,新能源,5000.579,2.8542,91.06,50.0,2020-04-03,PRICE_PERCENTILE
2021-09-22,沪深300,4821.768,1.6512,48.69,50.0,2009-07-10,PRICE_PERCENTILE
2021-09-22,消费,21305.264,2.7325,31.03,50.0,2015-03-24,PRICE_PERCENTILE
2021-09-22,科技,3164.328,3.1667,77.33,50.0,2011-09-20,PRICE_PERCENTILE
2021-09-23,医药,13821.283,1.4779,35.24,50.0,2019-03-26,PRICE_PERCENTILE
2021-09-23,半导体,4591.231,1.3983,99.06,50.0,2020-06-02,PRICE_PERCENTILE
2021-09-23,新能源,5014.196,2.8464,91.64,50.0,2020-04-03,PRICE_PERCENTILE
2021-09-23,沪深300,4853.196,1.6613,51.67,50.0,2009-07-10,PRICE_PERCENTILE
2021-09-23,消费,21579.366,2.7654,32.62,50.0,2015-03-24,PRICE_PERCENTILE
2021-09-23,科技,3182.467,3.1839,77.62,50.0,2011-09-20,PRICE_PERCENTILE
2021-09-24,医药,13918.805,1.4875,37.53,50.0,2019-03-26,PRICE_PERCENTILE
2021-09-24,半导体,4486.083,1.3906,97.2,50.0,2020-06-02,PRICE_PERCENTILE
2021-09-24,新能源,4993.563,2.855,90.56,50.0,2020-04-03,PRICE_PERCENTILE
2021-09-24,沪深300,4849.428,1.6602,51.07,50.0,2009-07-10,PRICE_PERCENTILE
2021-09-24,消费,22212.87,2.8414,37.29,50.0,2015-03-24,PRICE_PERCENTILE
2021-09-24,科技,3207.817,3.2078,80.52,50.0,2011-09-20,PRICE_PERCENTILE
2021-09-27,医药,14104.645,1.5059,41.94,50.0,2019-03-26,PRICE_PERCENTILE
2021-09-27,半导体,4240.77,1.3875,95.34,50.0,2020-06-02,PRICE_PERCENTILE
2021-09-27,新能源,4887.679,2.8038,88.09,50.0,2020-04-03,PRICE_PERCENTILE
2021-09-27,沪深300,4877.37,1.6691,53.32,50.0,2009-07-10,PRICE_PERCENTILE
2021-09-27,消费,23320.783,2.9749,47.87,50.0,2015-03-24,PRICE_PERCENTILE
2021-09-27,科技,3231.583,3.2303,83.18,50.0,2011-09-20,PRICE_PERCENTILE
2021-09-28,医药,13996.223,1.4951,39.01,50.0,2019-03-26,PRICE_PERCENTILE
2021-09-28,半导体,4363.667,1.3874,95.67,50.0,2020-06-02,PRICE_PERCENTILE
2021-09-28,新能源,4780.224,2.7388,85.91,50.0,2020-04-03,PRICE_PERCENTILE
2021-09-28,沪深300,4883.828,1.6713,53.43,50.0,2009-07-10,PRICE_PERCENTILE
2021-09-28,消费,23136.003,2.9527,45.39,50.0,2015-03-24,PRICE_PERCENTILE
2021-09-28,科技,3211.454,3.212,80.61,50.0,2011-09-20,PRICE_PERCENTILE
2021-09-29,医药,13772.066,1.4728,34.43,50.0,2019-03-26,PRICE_PERCENTILE
2021-09-29,半导体,4313.188,1.3542,95.06,50.0,2020-06-02,PRICE_PERCENTILE
2021-09-29,新能源,4661.712,2.6743,84.3,50.0,2020-04-03,PRICE_PERCENTILE
2021-09-29,沪深300,4833.928,1.6551,48.82,50.0,2009-07-10,PRICE_PERCENTILE
2021-09-29,消费,23219.3,2.9626,45.52,50.0,2015-03-24,PRICE_PERCENTILE
2021-09-29,科技,3175.152,3.1785,76.65,50.0,2011-09-20,PRICE_PERCENTILE
2021-09-30,医药,13967.765,1.4928,38.59,50.0,2019-03-26,PRICE_PERCENTILE
2021-09-30,半导体,4328.918,1.3644,95.38,50.0,2020-06-02,PRICE_PERCENTILE
2021-09-30,新能源,4835.735,2.7903,86.81,50.0,2020-04-03,PRICE_PERCENTILE
2021-09-30,沪深300,4866.383,1.6655,52.47,50.0,2009-07-10,PRICE_PERCENTILE
2021-09-30,消费,23353.522,2.9788,48.24,50.0,2015-03-24,PRICE_PERCENTILE
2021-09-30,科技,3244.646,3.2435,84.94,50.0,2011-09-20,PRICE_PERCENTILE
2021-10-08,医药,14076.193,1.5034,41.08,50.0,2019-03-26,PRICE_PERCENTILE
2021-10-08,半导体,4246.797,1.3585,94.48,50.0,2020-06-02,PRICE_PERCENTILE
2021-10-08,新能源,4760.081,2.7422,85.21,50.0,2020-04-03,PRICE_PERCENTILE
2021-10-08,沪深300,4929.941,1.6861,58.22,50.0,2009-07-10,PRICE_PERCENTILE
2021-10-08,消费,24117.624,3.0705,55.16,50.0,2015-03-24,PRICE_PERCENTILE
2021-10-08,科技,3243.204,3.2417,84.74,50.0,2011-09-20,PRICE_PERCENTILE
2021-10-11,医药,13903.659,1.4859,37.24,50.0,2019-03-26,PRICE_PERCENTILE
2021-10-11,半导体,4127.608,1.3482,93.58,50.0,2020-06-02,PRICE_PERCENTILE
2021-10-11,新能源,4779.666,2.7449,85.52,50.0,2020-04-03,PRICE_PERCENTILE
2021-10-11,沪深300,4936.192,1.688,59.25,50.0,2009-07-10,PRICE_PERCENTILE
2021-10-11,消费,24096.277,3.0676,55.04,50.0,2015-03-24,PRICE_PERCENTILE
2021-10-11,科技,3196.189,3.1972,78.22,50.0,2011-09-20,PRICE_PERCENTILE
2021-10-12,医药,13844.919,1.4799,35.51,50.0,2019-03-26,PRICE_PERCENTILE
2021-10-12,半导体,4038.104,1.3075,92.99,50.0,2020-06-02,PRICE_PERCENTILE
2021-10-12,新能源,4666.039,2.6712,83.92,50.0,2020-04-03,PRICE_PERCENTILE
2021-10-12,沪深300,4883.837,1.6707,53.5,50.0,2009-07-10,PRICE_PERCENTILE
2021-10-12,消费,24061.961,3.0633,53.97,50.0,2015-03-24,PRICE_PERCENTILE
2021-10-12,科技,3138.263,3.1425,73.6,50.0,2011-09-20,PRICE_PERCENTILE
2021-10-13,医药,14075.789,1.5029,41.26,50.0,2019-03-26,PRICE_PERCENTILE
2021-10-13,半导体,4005.86,1.3423,92.71,50.0,2020-06-02,PRICE_PERCENTILE
2021-10-13,新能源,4834.864,2.7662,86.68,50.0,2020-04-03,PRICE_PERCENTILE
2021-10-13,沪深300,4940.109,1.689,59.67,50.0,2009-07-10,PRICE_PERCENTILE
2021-10-13,消费,24656.207,3.1348,61.77,50.0,2015-03-24,PRICE_PERCENTILE
2021-10-13,科技,3210.159,3.2103,80.19,50.0,2011-09-20,PRICE_PERCENTILE
2021-10-14,医药,13800.552,1.4754,34.19,50.0,2019-03-26,PRICE_PERCENTILE
2021-10-14,半导体,4021.034,1.3502,92.73,50.0,2020-06-02,PRICE_PERCENTILE
2021-10-14,新能源,4856.401,2.7786,87.53,50.0,2020-04-03,PRICE_PERCENTILE
2021-10-14,沪深300,4913.612,1.6805,56.28,50.0,2009-07-10,PRICE_PERCENTILE
2021-10-14,消费,24441.398,3.109,59.07,50.0,2015-03-24,PRICE_PERCENTILE
2021-10-14,科技,3215.736,3.2156,80.7,50.0,2011-09-20,PRICE_PERCENTILE
2021-10-15,医药,13647.762,1.46,31.79,50.0,2019-03-26,PRICE_PERCENTILE
2021-10-15,半导体,3988.752,1.3928,92.15,50.0,2020-06-02,PRICE_PERCENTILE
2021-10-15,新能源,4994.649,2.8601,90.81,50.0,2020-04-03,PRICE_PERCENTILE
2021-10-15,沪深300,4932.108,1.6869,58.24,50.0,2009-07-10,PRICE_PERCENTILE
2021-10-15,消费,24306.288,3.0929,57.54,50.0,2015-03-24,PRICE_PERCENTILE
2021-10-15,科技,3276.321,3.273,87.01,50.0,2011-09-20,PRICE_PERCENTILE
2021-10-18,医药,13413.92,1.4368,27.78,50.0,2019-03-26,PRICE_PERCENTILE
2021-10-18,半导体,4048.502,1.3777,93.07,50.0,2020-06-02,PRICE_PERCENTILE
2021-10-18,新能源,5088.321,2.9272,94.88,50.0,2020-04-03,PRICE_PERCENTILE
2021-10-18,沪深300,4874.775,1.6681,52.55,50.0,2009-07-10,PRICE_PERCENTILE
2021-10-18,消费,23434.647,2.9885,48.38,50.0,2015-03-24,PRICE_PERCENTILE
2021-10-18,科技,3276.484,3.2717,87.04,50.0,2011-09-20,PRICE_PERCENTILE
2021-10-19,医药,13607.424,1.456,31.18,50.0,2019-03-26,PRICE_PERCENTILE
2021-10-19,半导体,4084.293,1.3821,93.09,50.0,2020-06-02,PRICE_PERCENTILE
2021-10-19,新能源,5105.662,2.934,95.97,50.0,2020-04-03,PRICE_PERCENTILE
2021-10-19,沪深300,4922.723,1.6837,57.04,50.0,2009-07-10,PRICE_PERCENTILE
2021-10-19,消费,24079.395,3.0659,54.27,50.0,2015-03-24,PRICE_PERCENTILE
2021-10-19,科技,3297.293,3.2912,89.61,50.0,2011-09-20,PRICE_PERCENTILE
2021-10-20,医药,13541.472,1.4494,29.95,50.0,2019-03-26,PRICE_PERCENTILE
2021-10-20,半导体,4058.07,1.3802,92.81,50.0,2020-06-02,PRICE_PERCENTILE
2021-10-20,新能源,5191.908,2.9788,98.39,50.0,2020-04-03,PRICE_PERCENTILE
2021-10-20,沪深300,4910.185,1.6797,55.76,50.0,2009-07-10,PRICE_PERCENTILE
2021-10-20,消费,24022.713,3.0589,53.46,50.0,2015-03-24,PRICE_PERCENTILE
2021-10-20,科技,3285.122,3.2797,88.48,50.0,2011-09-20,PRICE_PERCENTILE
2021-10-21,医药,13483.418,1.4436,28.51,50.0,2019-03-26,PRICE_PERCENTILE
2021-10-21,半导体,4064.591,1.3553,92.84,50.0,2020-06-02,PRICE_PERCENTILE
2021-10-21,新能源,5137.841,2.9524,96.26,50.0,2020-04-03,PRICE_PERCENTILE
2021-10-21,沪深300,4928.016,1.6854,57.93,50.0,2009-07-10,PRICE_PERCENTILE
2021-10-21,消费,23970.496,3.0526,52.87,50.0,2015-03-24,PRICE_PERCENTILE
2021-10-21,科技,3279.487,3.2743,87.36,50.0,2011-09-20,PRICE_PERCENTILE
2021-10-22,医药,13534.354,1.4485,29.59,50.0,2019-03-26,PRICE_PERCENTILE
2021-10-22,半导体,4028.368,1.3865,91.67,50.0,2020-06-02,PRICE_PERCENTILE
2021-10-22,新能源,5090.75,2.9462,94.13,50.0,2020-04-03,PRICE_PERCENTILE
2021-10-22,沪深300,4959.725,1.6961,62.84,50.0,2009-07-10,PRICE_PERCENTILE
2021-10-22,消费,24330.924,3.0959,58.49,50.0,2015-03-24,PRICE_PERCENTILE
2021-10-22,科技,3284.911,3.2794,88.07,50.0,2011-09-20,PRICE_PERCENTILE
2021-10-25,医药,13560.549,1.451,30.89,50.0,2019-03-26,PRICE_PERCENTILE
2021-10-25,半导体,4108.735,1.4004,93.47,50.0,2020-06-02,PRICE_PERCENTILE
2021-10-25,新能源,5244.392,3.0441,99.47,50.0,2020-04-03,PRICE_PERCENTILE
2021-10-25,沪深300,4979.524,1.7033,64.99,50.0,2009-07-10,PRICE_PERCENTILE
2021-10-25,消费,24248.073,3.0858,57.44,50.0,2015-03-24,PRICE_PERCENTILE
2021-10-25,科技,3338.624,3.3301,91.76,50.0,2011-09-20,PRICE_PERCENTILE
2021-10-26,医药,13440.774,1.4391,27.85,50.0,2019-03-26,PRICE_PERCENTILE
2021-10-26,半导体,4154.353,1.4,93.79,50.0,2020-06-02,PRICE_PERCENTILE
2021-10-26,新能源,5255.075,3.0469,100.0,50.0,2020-04-03,PRICE_PERCENTILE
2021-10-26,沪深300,4963.098,1.6978,63.01,50.0,2009-07-10,PRICE_PERCENTILE
2021-10-26,消费,24136.099,3.0722,55.71,50.0,2015-03-24,PRICE_PERCENTILE
2021-10-26,科技,3327.537,3.3198,90.87,50.0,2011-09-20,PRICE_PERCENTILE
2021-10-27,医药,13180.721,1.4132,25.74,50.0,2019-03-26,PRICE_PERCENTILE
2021-10-27,半导体,4114.916,1.3912,93.22,50.0,2020-06-02,PRICE_PERCENTILE
2021-10-27,新能源,5340.965,3.1057,100.0,50.0,2020-04-03,PRICE_PERCENTILE
2021-10-27,沪深300,4898.164,1.6767,54.44,50.0,2009-07-10,PRICE_PERCENTILE
2021-10-27,消费,23845.055,3.0373,51.71,50.0,2015-03-24,PRICE_PERCENTILE
2021-10-27,科技,3308.962,3.3023,89.98,50.0,2011-09-20,PRICE_PERCENTILE
2021-10-28,医药,13131.662,1.4086,25.45,50.0,2019-03-26,PRICE_PERCENTILE
2021-10-28,半导体,4049.99,1.3898,91.47,50.0,2020-06-02,PRICE_PERCENTILE
2021-10-28,新能源,5225.578,3.0447,98.42,50.0,2020-04-03,PRICE_PERCENTILE
2021-10-28,沪深300,4864.138,1.6658,50.68,50.0,2009-07-10,PRICE_PERCENTILE
2021-10-28,消费,23994.816,3.055,52.95,50.0,2015-03-24,PRICE_PERCENTILE
2021-10-28,科技,3278.359,3.2735,86.14,50.0,2011-09-20,PRICE_PERCENTILE
2021-10-29,医药,13322.036,1.4272,26.53,50.0,2019-03-26,PRICE_PERCENTILE
2021-10-29,半导体,4091.39,1.4207,92.38,50.0,2020-06-02,PRICE_PERCENTILE
2021-10-29,新能源,5281.686,3.0731,99.74,50.0,2020-04-03,PRICE_PERCENTILE
2021-10-29,沪深300,4908.77,1.6804,55.33,50.0,2009-07-10,PRICE_PERCENTILE
2021-10-29,消费,24473.584,3.1126,61.0,50.0,2015-03-24,PRICE_PERCENTILE
2021-10-29,科技,3350.665,3.3415,92.52,50.0,2011-09-20,PRICE_PERCENTILE
2021-11-01,医药,13122.86,1.4071,25.34,50.0,2019-03-26,PRICE_PERCENTILE
2021-11-01,半导体,4114.855,1.4296,92.98,50.0,2020-06-02,PRICE_PERCENTILE
2021-11-01,新能源,5193.259,3.0281,97.11,50.0,2020-04-03,PRICE_PERCENTILE
2021-11-01,沪深300,4890.685,1.6747,53.39,50.0,2009-07-10,PRICE_PERCENTILE
2021-11-01,消费,24272.709,3.0884,57.69,50.0,2015-03-24,PRICE_PERCENTILE
2021-11-01,科技,3331.915,3.3237,90.95,50.0,2011-09-20,PRICE_PERCENTILE
2021-11-02,医药,12979.353,1.3924,24.83,50.0,2019-03-26,PRICE_PERCENTILE
2021-11-02,半导体,4006.938,1.4594,89.5,50.0,2020-06-02,PRICE_PERCENTILE
2021-11-02,新能源,5215.977,3.0444,97.91,50.0,2020-04-03,PRICE_PERCENTILE
2021-11-02,沪深300,4839.846,1.658,47.63,50.0,2009-07-10,PRICE_PERCENTILE
2021-11-02,消费,24354.351,3.0979,59.14,50.0,2015-03-24,PRICE_PERCENTILE
2021-11-02,科技,3339.597,3.331,91.65,50.0,2011-09-20,PRICE_PERCENTILE
2021-11-03,医药,13109.612,1.4054,25.45,50.0,2019-03-26,PRICE_PERCENTILE
2021-11-03,半导体,4029.268,1.4468,90.12,50.0,2020-06-02,PRICE_PERCENTILE
2021-11-03,新能源,5126.328,2.9919,93.99,50.0,2020-04-03,PRICE_PERCENTILE
2021-11-03,沪深300,4821.112,1.652,45.95,50.0,2009-07-10,PRICE_PERCENTILE
2021-11-03,消费,24312.676,3.0929,58.33,50.0,2015-03-24,PRICE_PERCENTILE
2021-11-03,科技,3327.085,3.319,90.09,50.0,2011-09-20,PRICE_PERCENTILE
2021-11-04,医药,13148.059,1.4094,26.29,50.0,2019-03-26,PRICE_PERCENTILE
2021-11-04,半导体,4024.589,1.4685,89.57,50.0,2020-06-02,PRICE_PERCENTILE
2021-11-04,新能源,5227.595,3.0337,98.44,50.0,2020-04-03,PRICE_PERCENTILE
2021-11-04,沪深300,4868.742,1.6675,51.24,50.0,2009-07-10,PRICE_PERCENTILE
2021-11-04,消费,24992.62,3.1747,66.97,50.0,2015-03-24,PRICE_PERCENTILE
2021-11-04,科技,3362.249,3.3522,93.26,50.0,2011-09-20,PRICE_PERCENTILE
2021-11-05,医药,13146.215,1.409,26.23,50.0,2019-03-26,PRICE_PERCENTILE
2021-11-05,半导体,3920.556,1.4703,86.13,50.0,2020-06-02,PRICE_PERCENTILE
2021-11-05,新能源,5192.767,2.9824,96.36,50.0,2020-04-03,PRICE_PERCENTILE
2021-11-05,沪深300,4842.346,1.6589,48.21,50.0,2009-07-10,PRICE_PERCENTILE
2021-11-05,消费,24883.974,3.1617,65.7,50.0,2015-03-24,PRICE_PERCENTILE
2021-11-05,科技,3352.754,3.3432,92.6,50.0,2011-09-20,PRICE_PERCENTILE
2021-11-08,医药,12870.804,1.3815,24.38,50.0,2019-03-26,PRICE_PERCENTILE
2021-11-08,半导体,3936.764,1.4507,86.17,50.0,2020-06-02,PRICE_PERCENTILE
2021-11-08,新能源,5393.472,3.0965,100.0,50.0,2020-04-03,PRICE_PERCENTILE
2021-11-08,沪深300,4848.18,1.6607,48.99,50.0,2009-07-10,PRICE_PERCENTILE
2021-11-08,消费,24704.03,3.1398,63.31,50.0,2015-03-24,PRICE_PERCENTILE
2021-11-08,科技,3380.292,3.3692,93.51,50.0,2011-09-20,PRICE_PERCENTILE
2021-11-09,医药,12991.925,1.3932,25.0,50.0,2019-03-26,PRICE_PERCENTILE
2021-11-09,半导体,3964.366,1.4795,87.07,50.0,2020-06-02,PRICE_PERCENTILE
2021-11-09,新能源,5418.966,3.1143,100.0,50.0,2020-04-03,PRICE_PERCENTILE
2021-11-09,沪深300,4846.744,1.6603,48.88,50.0,2009-07-10,PRICE_PERCENTILE
2021-11-09,消费,24576.126,3.1244,61.83,50.0,2015-03-24,PRICE_PERCENTILE
2021-11-09,科技,3409.942,3.3971,94.42,50.0,2011-09-20,PRICE_PERCENTILE
2021-11-10,医药,13254.976,1.4194,27.39,50.0,2019-03-26,PRICE_PERCENTILE
2021-11-10,半导体,3963.0,1.4812,86.82,50.0,2020-06-02,PRICE_PERCENTILE
2021-11-10,新能源,5304.337,3.0421,99.23,50.0,2020-04-03,PRICE_PERCENTILE
2021-11-10,沪深300,4821.193,1.652,45.66,50.0,2009-07-10,PRICE_PERCENTILE
2021-11-10,消费,24129.257,3.0707,54.79,50.0,2015-03-24,PRICE_PERCENTILE
2021-11-10,科技,3399.663,3.3873,93.54,50.0,2011-09-20,PRICE_PERCENTILE
2021-11-11,医药,13211.114,1.4152,27.11,50.0,2019-03-26,PRICE_PERCENTILE
2021-11-11,半导体,4013.587,1.512,89.14,50.0,2020-06-02,PRICE_PERCENTILE
2021-11-11,新能源,5314.958,3.0455,99.23,50.0,2020-04-03,PRICE_PERCENTILE
2021-11-11,沪深300,4898.653,1.6773,55.33,50.0,2009-07-10,PRICE_PERCENTILE
2021-11-11,消费,24268.853,3.0876,56.89,50.0,2015-03-24,PRICE_PERCENTILE
2021-11-11,科技,3433.241,3.419,95.33,50.0,2011-09-20,PRICE_PERCENTILE
2021-11-12,医药,13188.288,1.4131,27.05,50.0,2019-03-26,PRICE_PERCENTILE
2021-11-12,半导体,3996.598,1.5079,88.32,50.0,2020-06-02,PRICE_PERCENTILE
2021-11-12,新能源,5347.549,3.0547,99.49,50.0,2020-04-03,PRICE_PERCENTILE
2021-11-12,沪深300,4888.375,1.674,53.44,50.0,2009-07-10,PRICE_PERCENTILE
2021-11-12,消费,24144.771,3.0726,54.99,50.0,2015-03-24,PRICE_PERCENTILE
2021-11-12,科技,3430.141,3.4159,94.68,50.0,2011-09-20,PRICE_PERCENTILE
2021-11-15,医药,13441.634,1.4382,30.09,50.0,2019-03-26,PRICE_PERCENTILE
2021-11-15,半导体,3978.195,1.4787,86.93,50.0,2020-06-02,PRICE_PERCENTILE
2021-11-15,新能源,5162.633,2.952,93.35,50.0,2020-04-03,PRICE_PERCENTILE
2021-11-15,沪深300,4882.378,1.6721,52.43,50.0,2009-07-10,PRICE_PERCENTILE
2021-11-15,消费,24337.089,3.0957,58.63,50.0,2015-03-24,PRICE_PERCENTILE
2021-11-15,科技,3401.874,3.3889,93.14,50.0,2011-09-20,PRICE_PERCENTILE
2021-11-16,医药,13786.42,1.4714,37.31,50.0,2019-03-26,PRICE_PERCENTILE
2021-11-16,半导体,3918.89,1.4581,84.14,50.0,2020-06-02,PRICE_PERCENTILE
2021-11-16,新能源,5069.579,2.9115,89.03,50.0,2020-04-03,PRICE_PERCENTILE
2021-11-16,沪深300,4883.321,1.6722,52.54,50.0,2009-07-10,PRICE_PERCENTILE
2021-11-16,消费,24721.492,3.1417,64.24,50.0,2015-03-24,PRICE_PERCENTILE
2021-11-16,科技,3393.715,3.3813,92.72,50.0,2011-09-20,PRICE_PERCENTILE
2021-11-17,医药,13777.989,1.4703,37.22,50.0,2019-03-26,PRICE_PERCENTILE
2021-11-17,半导体,3949.553,1.4632,85.59,50.0,2020-06-02,PRICE_PERCENTILE
2021-11-17,新能源,5155.427,2.9531,92.88,50.0,2020-04-03,PRICE_PERCENTILE
2021-11-17,沪深300,4885.754,1.673,53.52,50.0,2009-07-10,PRICE_PERCENTILE
2021-11-17,消费,24543.933,3.1204,61.67,50.0,2015-03-24,PRICE_PERCENTILE
2021-11-17,科技,3421.329,3.4072,94.49,50.0,2011-09-20,PRICE_PERCENTILE
2021-11-18,医药,13491.314,1.4412,30.99,50.0,2019-03-26,PRICE_PERCENTILE
2021-11-18,半导体,3952.078,1.447,85.63,50.0,2020-06-02,PRICE_PERCENTILE
2021-11-18,新能源,5142.979,2.947,92.64,50.0,2020-04-03,PRICE_PERCENTILE
2021-11-18,沪深300,4837.619,1.6575,46.59,50.0,2009-07-10,PRICE_PERCENTILE
2021-11-18,消费,24490.171,3.1138,61.1,50.0,2015-03-24,PRICE_PERCENTILE
2021-11-18,科技,3383.906,3.3719,92.09,50.0,2011-09-20,PRICE_PERCENTILE
2021-11-19,医药,13487.655,1.441,30.7,50.0,2019-03-26,PRICE_PERCENTILE
2021-11-19,半导体,3974.92,1.4536,86.8,50.0,2020-06-02,PRICE_PERCENTILE
2021-11-19,新能源,5151.998,2.9559,92.66,50.0,2020-04-03,PRICE_PERCENTILE
2021-11-19,沪深300,4890.058,1.6746,54.39,50.0,2009-07-10,PRICE_PERCENTILE
2021-11-19,消费,24630.118,3.1307,62.94,50.0,2015-03-24,PRICE_PERCENTILE
2021-11-19,科技,3418.96,3.4049,94.3,50.0,2011-09-20,PRICE_PERCENTILE
2021-11-22,医药,13383.006,1.4309,28.88,50.0,2019-03-26,PRICE_PERCENTILE
2021-11-22,半导体,3998.358,1.5148,88.52,50.0,2020-06-02,PRICE_PERCENTILE
2021-11-22,新能源,5377.07,3.0887,99.49,50.0,2020-04-03,PRICE_PERCENTILE
2021-11-22,沪深300,4912.399,1.6818,57.33,50.0,2009-07-10,PRICE_PERCENTILE
2021-11-22,消费,24623.292,3.1298,62.8,50.0,2015-03-24,PRICE_PERCENTILE
2021-11-22,科技,3505.727,3.4865,98.47,50.0,2011-09-20,PRICE_PERCENTILE
2021-11-23,医药,13416.62,1.434,29.48,50.0,2019-03-26,PRICE_PERCENTILE
2021-11-23,半导体,4013.682,1.4987,89.39,50.0,2020-06-02,PRICE_PERCENTILE
2021-11-23,新能源,5366.591,3.0735,99.24,50.0,2020-04-03,PRICE_PERCENTILE
2021-11-23,沪深300,4913.346,1.6821,57.42,50.0,2009-07-10,PRICE_PERCENTILE
2021-11-23,消费,24569.98,3.1232,61.57,50.0,2015-03-24,PRICE_PERCENTILE
2021-11-23,科技,3492.769,3.474,98.03,50.0,2011-09-20,PRICE_PERCENTILE
2021-11-24,医药,13519.543,1.4441,31.81,50.0,2019-03-26,PRICE_PERCENTILE
2021-11-24,半导体,3997.285,1.4868,88.02,50.0,2020-06-02,PRICE_PERCENTILE
2021-11-24,新能源,5280.655,3.0274,97.74,50.0,2020-04-03,PRICE_PERCENTILE
2021-11-24,沪深300,4916.658,1.6834,57.73,50.0,2009-07-10,PRICE_PERCENTILE
2021-11-24,消费,24765.666,3.1467,65.36,50.0,2015-03-24,PRICE_PERCENTILE
2021-11-24,科技,3478.662,3.4611,97.39,50.0,2011-09-20,PRICE_PERCENTILE
2021-11-25,医药,13678.596,1.4601,35.87,50.0,2019-03-26,PRICE_PERCENTILE
2021-11-25,半导体,4020.492,1.4954,89.44,50.0,2020-06-02,PRICE_PERCENTILE
2021-11-25,新能源,5237.599,3.0147,96.49,50.0,2020-04-03,PRICE_PERCENTILE
2021-11-25,沪深300,4896.442,1.6768,55.0,50.0,2009-07-10,PRICE_PERCENTILE
2021-11-25,消费,24712.341,3.1404,64.35,50.0,2015-03-24,PRICE_PERCENTILE
2021-11-25,科技,3474.451,3.456,96.74,50.0,2011-09-20,PRICE_PERCENTILE
2021-11-26,医药,13641.073,1.4563,35.14,50.0,2019-03-26,PRICE_PERCENTILE
2021-11-26,半导体,3976.839,1.465,85.87,50.0,2020-06-02,PRICE_PERCENTILE
2021-11-26,新能源,5307.319,3.0603,98.25,50.0,2020-04-03,PRICE_PERCENTILE
2021-11-26,沪深300,4860.127,1.665,49.67,50.0,2009-07-10,PRICE_PERCENTILE
2021-11-26,消费,24522.792,3.1174,60.52,50.0,2015-03-24,PRICE_PERCENTILE
2021-11-26,科技,3468.865,3.4508,96.31,50.0,2011-09-20,PRICE_PERCENTILE
2021-11-29,医药,13660.031,1.4578,35.93,50.0,2019-03-26,PRICE_PERCENTILE
2021-11-29,半导体,4013.58,1.4724,88.67,50.0,2020-06-02,PRICE_PERCENTILE
2021-11-29,新能源,5386.454,3.1125,99.5,50.0,2020-04-03,PRICE_PERCENTILE
2021-11-29,沪深300,4851.423,1.6622,48.7,50.0,2009-07-10,PRICE_PERCENTILE
2021-11-29,消费,24636.798,3.1312,62.99,50.0,2015-03-24,PRICE_PERCENTILE
2021-11-29,科技,3503.409,3.4832,98.27,50.0,2011-09-20,PRICE_PERCENTILE
2021-11-30,医药,13616.126,1.4534,34.56,50.0,2019-03-26,PRICE_PERCENTILE
2021-11-30,半导体,4037.467,1.491,90.63,50.0,2020-06-02,PRICE_PERCENTILE
2021-11-30,新能源,5361.074,3.0969,98.76,50.0,2020-04-03,PRICE_PERCENTILE
2021-11-30,沪深300,4832.026,1.6559,45.14,50.0,2009-07-10,PRICE_PERCENTILE
2021-11-30,消费,24207.784,3.0796,54.86,50.0,2015-03-24,PRICE_PERCENTILE
2021-11-30,科技,3495.593,3.4756,98.06,50.0,2011-09-20,PRICE_PERCENTILE
2021-12-01,医药,13467.921,1.439,30.17,50.0,2019-03-26,PRICE_PERCENTILE
2021-12-01,半导体,4091.232,1.4856,92.31,50.0,2020-06-02,PRICE_PERCENTILE
2021-12-01,新能源,5324.711,3.0718,98.01,50.0,2020-04-03,PRICE_PERCENTILE
2021-12-01,沪深300,4843.851,1.6597,47.41,50.0,2009-07-10,PRICE_PERCENTILE
2021-12-01,消费,24261.191,3.0859,55.6,50.0,2015-03-24,PRICE_PERCENTILE
2021-12-01,科技,3473.366,3.4547,96.12,50.0,2011-09-20,PRICE_PERCENTILE
2021-12-02,医药,13311.056,1.4233,27.31,50.0,2019-03-26,PRICE_PERCENTILE
2021-12-02,半导体,4176.117,1.4897,94.25,50.0,2020-06-02,PRICE_PERCENTILE
2021-12-02,新能源,5358.957,3.0873,98.51,50.0,2020-04-03,PRICE_PERCENTILE
2021-12-02,沪深300,4856.163,1.6638,49.68,50.0,2009-07-10,PRICE_PERCENTILE
2021-12-02,消费,24362.393,3.0979,58.28,50.0,2015-03-24,PRICE_PERCENTILE
2021-12-02,科技,3466.914,3.4487,95.27,50.0,2011-09-20,PRICE_PERCENTILE
2021-12-03,医药,13375.113,1.4295,28.54,50.0,2019-03-26,PRICE_PERCENTILE
2021-12-03,半导体,4299.12,1.5182,95.08,50.0,2020-06-02,PRICE_PERCENTILE
2021-12-03,新能源,5373.129,3.0856,99.01,50.0,2020-04-03,PRICE_PERCENTILE
2021-12-03,沪深300,4901.018,1.6783,56.22,50.0,2009-07-10,PRICE_PERCENTILE
2021-12-03,消费,24991.991,3.1735,68.24,50.0,2015-03-24,PRICE_PERCENTILE
2021-12-03,科技,3478.666,3.4594,97.0,50.0,2011-09-20,PRICE_PERCENTILE
2021-12-06,医药,13155.918,1.4079,25.91,50.0,2019-03-26,PRICE_PERCENTILE
2021-12-06,半导体,4248.738,1.4868,94.82,50.0,2020-06-02,PRICE_PERCENTILE
2021-12-06,新能源,5228.739,3.0075,94.83,50.0,2020-04-03,PRICE_PERCENTILE
2021-12-06,沪深300,4892.621,1.6751,54.82,50.0,2009-07-10,PRICE_PERCENTILE
2021-12-06,消费,24751.859,3.1443,65.31,50.0,2015-03-24,PRICE_PERCENTILE
2021-12-06,科技,3405.935,3.3911,90.79,50.0,2011-09-20,PRICE_PERCENTILE
2021-12-07,医药,13227.924,1.4151,26.92,50.0,2019-03-26,PRICE_PERCENTILE
2021-12-07,半导体,4315.205,1.4576,95.38,50.0,2020-06-02,PRICE_PERCENTILE
2021-12-07,新能源,5103.297,2.9292,87.71,50.0,2020-04-03,PRICE_PERCENTILE
2021-12-07,沪深300,4922.102,1.6837,59.19,50.0,2009-07-10,PRICE_PERCENTILE
2021-12-07,消费,24846.982,3.1559,66.67,50.0,2015-03-24,PRICE_PERCENTILE
2021-12-07,科技,3368.784,3.3563,89.1,50.0,2011-09-20,PRICE_PERCENTILE
2021-12-08,医药,13379.322,1.4297,29.0,50.0,2019-03-26,PRICE_PERCENTILE
2021-12-08,半导体,4292.007,1.4931,94.58,50.0,2020-06-02,PRICE_PERCENTILE
2021-12-08,新能源,5228.666,2.9956,94.61,50.0,2020-04-03,PRICE_PERCENTILE
2021-12-08,沪深300,4995.93,1.7078,69.08,50.0,2009-07-10,PRICE_PERCENTILE
2021-12-08,消费,25522.35,3.2367,73.35,50.0,2015-03-24,PRICE_PERCENTILE
2021-12-08,科技,3424.704,3.4088,92.54,50.0,2011-09-20,PRICE_PERCENTILE
2021-12-09,医药,13685.176,1.4596,37.45,50.0,2019-03-26,PRICE_PERCENTILE
2021-12-09,半导体,4267.779,1.5028,94.32,50.0,2020-06-02,PRICE_PERCENTILE
2021-12-09,新能源,5233.297,2.9912,94.87,50.0,2020-04-03,PRICE_PERCENTILE
2021-12-09,沪深300,5078.69,1.734,76.17,50.0,2009-07-10,PRICE_PERCENTILE
2021-12-09,消费,25914.646,3.2835,78.09,50.0,2015-03-24,PRICE_PERCENTILE
2021-12-09,科技,3459.319,3.4411,94.47,50.0,2011-09-20,PRICE_PERCENTILE
2021-12-10,医药,13527.772,1.4411,32.91,50.0,2019-03-26,PRICE_PERCENTILE
2021-12-10,半导体,4229.079,1.4903,93.26,50.0,2020-06-02,PRICE_PERCENTILE
2021-12-10,新能源,5294.632,3.0171,96.59,50.0,2020-04-03,PRICE_PERCENTILE
2021-12-10,沪深300,5055.117,1.7273,74.1,50.0,2009-07-10,PRICE_PERCENTILE
2021-12-10,消费,25883.108,3.274,77.92,50.0,2015-03-24,PRICE_PERCENTILE
2021-12-10,科技,3466.797,3.4494,94.9,50.0,2011-09-20,PRICE_PERCENTILE
2021-12-13,医药,13471.378,1.4349,30.93,50.0,2019-03-26,PRICE_PERCENTILE
2021-12-13,半导体,4304.605,1.4977,94.89,50.0,2020-06-02,PRICE_PERCENTILE
2021-12-13,新能源,5270.262,3.0016,95.86,50.0,2020-04-03,PRICE_PERCENTILE
2021-12-13,沪深300,5083.801,1.7365,77.75,50.0,2009-07-10,PRICE_PERCENTILE
2021-12-13,消费,25985.734,3.2858,78.81,50.0,2015-03-24,PRICE_PERCENTILE
2021-12-13,科技,3496.962,3.4776,98.09,50.0,2011-09-20,PRICE_PERCENTILE
2021-12-14,医药,13550.877,1.4427,34.25,50.0,2019-03-26,PRICE_PERCENTILE
2021-12-14,半导体,4223.174,1.4973,92.76,50.0,2020-06-02,PRICE_PERCENTILE
2021-12-14,新能源,5191.309,2.9625,91.26,50.0,2020-04-03,PRICE_PERCENTILE
2021-12-14,沪深300,5049.695,1.7254,73.78,50.0,2009-07-10,PRICE_PERCENTILE
2021-12-14,消费,26009.019,3.2883,79.07,50.0,2015-03-24,PRICE_PERCENTILE
2021-12-14,科技,3495.06,3.4754,97.67,50.0,2011-09-20,PRICE_PERCENTILE
2021-12-15,医药,13150.566,1.4034,25.53,50.0,2019-03-26,PRICE_PERCENTILE
2021-12-15,半导体,4300.12,1.4801,94.65,50.0,2020-06-02,PRICE_PERCENTILE
2021-12-15,新能源,5161.441,2.9334,89.59,50.0,2020-04-03,PRICE_PERCENTILE
2021-12-15,沪深300,5005.899,1.7111,69.62,50.0,2009-07-10,PRICE_PERCENTILE
2021-12-15,消费,25608.774,3.2405,74.47,50.0,2015-03-24,PRICE_PERCENTILE
2021-12-15,科技,3464.758,3.4468,94.3,50.0,2011-09-20,PRICE_PERCENTILE
2021-12-16,医药,13215.584,1.4096,26.53,50.0,2019-03-26,PRICE_PERCENTILE
2021-12-16,半导体,4380.645,1.4764,96.53,50.0,2020-06-02,PRICE_PERCENTILE
2021-12-16,新能源,5169.953,2.9326,89.86,50.0,2020-04-03,PRICE_PERCENTILE
2021-12-16,沪深300,5034.732,1.7204,71.58,50.0,2009-07-10,PRICE_PERCENTILE
2021-12-16,消费,25399.025,3.2157,71.37,50.0,2015-03-24,PRICE_PERCENTILE
2021-12-16,科技,3490.449,3.4709,96.84,50.0,2011-09-20,PRICE_PERCENTILE
2021-12-17,医药,13082.804,1.3971,24.16,50.0,2019-03-26,PRICE_PERCENTILE
2021-12-17,半导体,4401.336,1.4323,97.07,50.0,2020-06-02,PRICE_PERCENTILE
2021-12-17,新能源,5056.603,2.8701,83.86,50.0,2020-04-03,PRICE_PERCENTILE
2021-12-17,沪深300,4954.76,1.6945,63.87,50.0,2009-07-10,PRICE_PERCENTILE
2021-12-17,消费,24917.34,3.1588,66.6,50.0,2015-03-24,PRICE_PERCENTILE
2021-12-17,科技,3434.339,3.4179,92.23,50.0,2011-09-20,PRICE_PERCENTILE
2021-12-20,医药,12904.93,1.38,23.06,50.0,2019-03-26,PRICE_PERCENTILE
2021-12-20,半导体,4436.901,1.4086,97.35,50.0,2020-06-02,PRICE_PERCENTILE
2021-12-20,新能源,4855.537,2.7704,77.64,50.0,2020-04-03,PRICE_PERCENTILE
2021-12-20,沪深300,4880.418,1.6703,50.94,50.0,2009-07-10,PRICE_PERCENTILE
2021-12-20,消费,24940.27,3.1616,67.09,50.0,2015-03-24,PRICE_PERCENTILE
2021-12-20,科技,3332.606,3.3219,84.7,50.0,2011-09-20,PRICE_PERCENTILE
2021-12-21,医药,13041.349,1.394,24.06,50.0,2019-03-26,PRICE_PERCENTILE
2021-12-21,半导体,4469.476,1.4205,97.35,50.0,2020-06-02,PRICE_PERCENTILE
2021-12-21,新能源,4871.232,2.7779,78.42,50.0,2020-04-03,PRICE_PERCENTILE
2021-12-21,沪深300,4913.485,1.6813,57.11,50.0,2009-07-10,PRICE_PERCENTILE
2021-12-21,消费,24943.482,3.1626,67.15,50.0,2015-03-24,PRICE_PERCENTILE
2021-12-21,科技,3350.429,3.338,86.19,50.0,2011-09-20,PRICE_PERCENTILE
2021-12-22,医药,13058.087,1.3956,24.22,50.0,2019-03-26,PRICE_PERCENTILE
2021-12-22,半导体,4403.146,1.4394,96.57,50.0,2020-06-02,PRICE_PERCENTILE
2021-12-22,新能源,4922.757,2.7999,79.43,50.0,2020-04-03,PRICE_PERCENTILE
2021-12-22,沪深300,4914.454,1.6816,57.41,50.0,2009-07-10,PRICE_PERCENTILE
2021-12-22,消费,25124.714,3.1838,68.27,50.0,2015-03-24,PRICE_PERCENTILE
2021-12-22,科技,3368.699,3.3552,87.47,50.0,2011-09-20,PRICE_PERCENTILE
2021-12-23,医药,12972.48,1.3866,23.33,50.0,2019-03-26,PRICE_PERCENTILE
2021-12-23,半导体,4420.456,1.4405,96.84,50.0,2020-06-02,PRICE_PERCENTILE
2021-12-23,新能源,4906.089,2.785,79.24,50.0,2020-04-03,PRICE_PERCENTILE
2021-12-23,沪深300,4948.739,1.6927,63.33,50.0,2009-07-10,PRICE_PERCENTILE
2021-12-23,消费,25572.755,3.236,73.96,50.0,2015-03-24,PRICE_PERCENTILE
2021-12-23,科技,3373.703,3.3599,87.92,50.0,2011-09-20,PRICE_PERCENTILE
2021-12-24,医药,13043.278,1.3938,24.32,50.0,2019-03-26,PRICE_PERCENTILE
2021-12-24,半导体,4357.83,1.439,94.49,50.0,2020-06-02,PRICE_PERCENTILE
2021-12-24,新能源,4695.261,2.6735,74.05,50.0,2020-04-03,PRICE_PERCENTILE
2021-12-24,沪深300,4921.345,1.6838,58.0,50.0,2009-07-10,PRICE_PERCENTILE
2021-12-24,消费,25987.89,3.2854,79.0,50.0,2015-03-24,PRICE_PERCENTILE
2021-12-24,科技,3297.106,3.2876,81.5,50.0,2011-09-20,PRICE_PERCENTILE
2021-12-27,医药,13164.978,1.4058,26.76,50.0,2019-03-26,PRICE_PERCENTILE
2021-12-27,半导体,4339.237,1.4277,94.24,50.0,2020-06-02,PRICE_PERCENTILE
2021-12-27,新能源,4718.667,2.6881,74.11,50.0,2020-04-03,PRICE_PERCENTILE
2021-12-27,沪深300,4919.324,1.6832,57.68,50.0,2009-07-10,PRICE_PERCENTILE
2021-12-27,消费,25906.067,3.2751,77.8,50.0,2015-03-24,PRICE_PERCENTILE
2021-12-27,科技,3293.811,3.284,81.33,50.0,2011-09-20,PRICE_PERCENTILE
2021-12-28,医药,13250.856,1.4143,28.16,50.0,2019-03-26,PRICE_PERCENTILE
2021-12-28,半导体,4285.482,1.4374,91.91,50.0,2020-06-02,PRICE_PERCENTILE
2021-12-28,新能源,4835.207,2.76,76.3,50.0,2020-04-03,PRICE_PERCENTILE
2021-12-28,沪深300,4955.964,1.695,64.39,50.0,2009-07-10,PRICE_PERCENTILE
2021-12-28,消费,25922.433,3.2769,78.05,50.0,2015-03-24,PRICE_PERCENTILE
2021-12-28,科技,3328.559,3.3157,83.64,50.0,2011-09-20,PRICE_PERCENTILE
2021-12-29,医药,13106.343,1.4,25.0,50.0,2019-03-26,PRICE_PERCENTILE
2021-12-29,半导体,4273.758,1.4134,91.67,50.0,2020-06-02,PRICE_PERCENTILE
2021-12-29,新能源,4788.798,2.7405,75.41,50.0,2020-04-03,PRICE_PERCENTILE
2021-12-29,沪深300,4883.48,1.6715,50.83,50.0,2009-07-10,PRICE_PERCENTILE
2021-12-29,消费,25052.726,3.174,67.36,50.0,2015-03-24,PRICE_PERCENTILE
2021-12-29,科技,3281.897,3.2718,79.13,50.0,2011-09-20,PRICE_PERCENTILE
2021-12-30,医药,13172.713,1.4066,27.01,50.0,2019-03-26,PRICE_PERCENTILE
2021-12-30,半导体,4308.157,1.4497,92.99,50.0,2020-06-02,PRICE_PERCENTILE
2021-12-30,新能源,4799.184,2.7395,75.47,50.0,2020-04-03,PRICE_PERCENTILE
2021-12-30,沪深300,4921.511,1.6839,58.14,50.0,2009-07-10,PRICE_PERCENTILE
2021-12-30,消费,25245.75,3.197,68.66,50.0,2015-03-24,PRICE_PERCENTILE
2021-12-30,科技,3322.795,3.3102,83.09,50.0,2011-09-20,PRICE_PERCENTILE
2021-12-31,医药,13253.899,1.4146,28.6,50.0,2019-03-26,PRICE_PERCENTILE
2021-12-31,半导体,4354.291,1.4467,94.3,50.0,2020-06-02,PRICE_PERCENTILE
2021-12-31,新能源,4814.718,2.7575,75.53,50.0,2020-04-03,PRICE_PERCENTILE
2021-12-31,沪深300,4940.373,1.69,61.73,50.0,2009-07-10,PRICE_PERCENTILE
2021-12-31,消费,25216.073,3.1935,68.31,50.0,2015-03-24,PRICE_PERCENTILE
2021-12-31,科技,3322.673,3.3101,82.92,50.0,2011-09-20,PRICE_PERCENTILE
2022-01-04,医药,12959.3,1.385,23.0,50.0,2019-03-26,PRICE_PERCENTILE
2022-01-04,半导体,4353.825,1.4252,94.06,50.0,2020-06-02,PRICE_PERCENTILE
2022-01-04,新能源,4701.584,2.6989,73.24,50.0,2020-04-03,PRICE_PERCENTILE
2022-01-04,沪深300,4917.765,1.6826,57.29,50.0,2009-07-10,PRICE_PERCENTILE
2022-01-04,消费,25447.432,3.2193,71.46,50.0,2015-03-24,PRICE_PERCENTILE
2022-01-04,科技,3250.159,3.2417,75.56,50.0,2011-09-20,PRICE_PERCENTILE
2022-01-05,医药,12766.056,1.3658,22.34,50.0,2019-03-26,PRICE_PERCENTILE
2022-01-05,半导体,4288.707,1.3627,91.24,50.0,2020-06-02,PRICE_PERCENTILE
2022-01-05,新能源,4503.147,2.5941,71.43,50.0,2020-04-03,PRICE_PERCENTILE
2022-01-05,沪深300,4868.12,1.6664,48.77,50.0,2009-07-10,PRICE_PERCENTILE
2022-01-05,消费,25431.661,3.2173,71.31,50.0,2015-03-24,PRICE_PERCENTILE
2022-01-05,科技,3161.507,3.1592,66.19,50.0,2011-09-20,PRICE_PERCENTILE
2022-01-06,医药,12679.286,1.3573,22.29,50.0,2019-03-26,PRICE_PERCENTILE
2022-01-06,半导体,4470.601,1.3556,97.43,50.0,2020-06-02,PRICE_PERCENTILE
2022-01-06,新能源,4485.446,2.5945,71.26,50.0,2020-04-03,PRICE_PERCENTILE
2022-01-06,沪深300,4818.232,1.65,41.72,50.0,2009-07-10,PRICE_PERCENTILE
2022-01-06,消费,25014.572,3.1683,66.46,50.0,2015-03-24,PRICE_PERCENTILE
2022-01-06,科技,3127.48,3.1265,63.8,50.0,2011-09-20,PRICE_PERCENTILE
2022-01-07,医药,12633.838,1.3529,22.04,50.0,2019-03-26,PRICE_PERCENTILE
2022-01-07,半导体,4531.376,1.3354,98.72,50.0,2020-06-02,PRICE_PERCENTILE
2022-01-07,新能源,4405.391,2.5428,70.4,50.0,2020-04-03,PRICE_PERCENTILE
2022-01-07,沪深300,4822.369,1.6513,42.45,50.0,2009-07-10,PRICE_PERCENTILE
2022-01-07,消费,24653.116,3.1249,60.2,50.0,2015-03-24,PRICE_PERCENTILE
2022-01-07,科技,3096.881,3.098,62.04,50.0,2011-09-20,PRICE_PERCENTILE
2022-01-10,医药,12785.961,1.3678,22.81,50.0,2019-03-26,PRICE_PERCENTILE
2022-01-10,半导体,4549.436,1.3206,98.72,50.0,2020-06-02,PRICE_PERCENTILE
2022-01-10,新能源,4394.216,2.5473,70.23,50.0,2020-04-03,PRICE_PERCENTILE
2022-01-10,沪深300,4844.045,1.6583,45.62,50.0,2009-07-10,PRICE_PERCENTILE
2022-01-10,消费,24856.624,3.1492,63.95,50.0,2015-03-24,PRICE_PERCENTILE
2022-01-10,科技,3095.689,3.0968,61.91,50.0,2011-09-20,PRICE_PERCENTILE
2022-01-11,医药,12786.118,1.368,22.97,50.0,2019-03-26,PRICE_PERCENTILE
2022-01-11,半导体,4494.227,1.2963,97.45,50.0,2020-06-02,PRICE_PERCENTILE
2022-01-11,新能源,4349.826,2.5214,70.07,50.0,2020-04-03,PRICE_PERCENTILE
2022-01-11,沪深300,4797.774,1.6433,38.82,50.0,2009-07-10,PRICE_PERCENTILE
2022-01-11,消费,24347.207,3.0883,54.67,50.0,2015-03-24,PRICE_PERCENTILE
2022-01-11,科技,3056.153,3.0592,60.37,50.0,2011-09-20,PRICE_PERCENTILE
2022-01-12,医药,12889.181,1.3782,23.33,50.0,2019-03-26,PRICE_PERCENTILE
2022-01-12,半导体,4458.642,1.3231,96.18,50.0,2020-06-02,PRICE_PERCENTILE
2022-01-12,新能源,4553.644,2.6318,71.76,50.0,2020-04-03,PRICE_PERCENTILE
2022-01-12,沪深300,4845.579,1.6589,46.04,50.0,2009-07-10,PRICE_PERCENTILE
2022-01-12,消费,24538.839,3.1112,57.81,50.0,2015-03-24,PRICE_PERCENTILE
2022-01-12,科技,3136.685,3.1344,64.71,50.0,2011-09-20,PRICE_PERCENTILE
2022-01-13,医药,12627.437,1.3522,21.86,50.0,2019-03-26,PRICE_PERCENTILE
2022-01-13,半导体,4388.292,1.3036,94.42,50.0,2020-06-02,PRICE_PERCENTILE
2022-01-13,新能源,4499.259,2.5982,71.36,50.0,2020-04-03,PRICE_PERCENTILE
2022-01-13,沪深300,4765.919,1.633,36.23,50.0,2009-07-10,PRICE_PERCENTILE
2022-01-13,消费,23816.005,3.0244,45.75,50.0,2015-03-24,PRICE_PERCENTILE
2022-01-13,科技,3083.141,3.0838,60.53,50.0,2011-09-20,PRICE_PERCENTILE
2022-01-14,医药,12719.276,1.3614,22.63,50.0,2019-03-26,PRICE_PERCENTILE
2022-01-14,半导体,4285.23,1.3238,89.37,50.0,2020-06-02,PRICE_PERCENTILE
2022-01-14,新能源,4558.702,2.6312,71.89,50.0,2020-04-03,PRICE_PERCENTILE
2022-01-14,沪深300,4726.732,1.6198,33.74,50.0,2009-07-10,PRICE_PERCENTILE
2022-01-14,消费,23584.668,2.9963,43.64,50.0,2015-03-24,PRICE_PERCENTILE
2022-01-14,科技,3119.408,3.1175,63.64,50.0,2011-09-20,PRICE_PERCENTILE
2022-01-17,医药,12766.729,1.3661,22.98,50.0,2019-03-26,PRICE_PERCENTILE
2022-01-17,半导体,4307.465,1.3519,90.91,50.0,2020-06-02,PRICE_PERCENTILE
2022-01-17,新能源,4656.97,2.6793,72.18,50.0,2020-04-03,PRICE_PERCENTILE
2022-01-17,沪深300,4767.276,1.633,36.49,50.0,2009-07-10,PRICE_PERCENTILE
2022-01-17,消费,23704.012,3.0106,44.56,50.0,2015-03-24,PRICE_PERCENTILE
2022-01-17,科技,3170.408,3.1655,67.34,50.0,2011-09-20,PRICE_PERCENTILE
2022-01-18,医药,12667.545,1.3564,22.33,50.0,2019-03-26,PRICE_PERCENTILE
2022-01-18,半导体,4491.204,1.3608,97.23,50.0,2020-06-02,PRICE_PERCENTILE
2022-01-18,新能源,4622.905,2.6635,71.79,50.0,2020-04-03,PRICE_PERCENTILE
2022-01-18,沪深300,4813.347,1.6478,41.05,50.0,2009-07-10,PRICE_PERCENTILE
2022-01-18,消费,23928.998,3.0378,46.88,50.0,2015-03-24,PRICE_PERCENTILE
2022-01-18,科技,3144.333,3.1408,65.79,50.0,2011-09-20,PRICE_PERCENTILE
2022-01-19,医药,12340.034,1.3236,21.08,50.0,2019-03-26,PRICE_PERCENTILE
2022-01-19,半导体,4521.771,1.3394,97.99,50.0,2020-06-02,PRICE_PERCENTILE
2022-01-19,新能源,4458.126,2.5728,70.48,50.0,2020-04-03,PRICE_PERCENTILE
2022-01-19,沪深300,4780.378,1.6371,38.35,50.0,2009-07-10,PRICE_PERCENTILE
2022-01-19,消费,23759.169,3.0172,45.18,50.0,2015-03-24,PRICE_PERCENTILE
2022-01-19,科技,3075.977,3.0759,59.84,50.0,2011-09-20,PRICE_PERCENTILE
2022-01-20,医药,12280.154,1.318,20.84,50.0,2019-03-26,PRICE_PERCENTILE
2022-01-20,半导体,4554.71,1.3281,98.75,50.0,2020-06-02,PRICE_PERCENTILE
2022-01-20,新能源,4428.322,2.5544,70.09,50.0,2020-04-03,PRICE_PERCENTILE
2022-01-20,沪深300,4823.509,1.6511,43.29,50.0,2009-07-10,PRICE_PERCENTILE
2022-01-20,消费,24196.766,3.0698,51.5,50.0,2015-03-24,PRICE_PERCENTILE
2022-01-20,科技,3065.994,3.0665,59.72,50.0,2011-09-20,PRICE_PERCENTILE
2022-01-21,医药,11961.932,1.2864,19.2,50.0,2019-03-26,PRICE_PERCENTILE
2022-01-21,半导体,4448.967,1.3044,95.25,50.0,2020-06-02,PRICE_PERCENTILE
2022-01-21,新能源,4435.801,2.5572,70.16,50.0,2020-04-03,PRICE_PERCENTILE
2022-01-21,沪深300,4779.314,1.6368,38.2,50.0,2009-07-10,PRICE_PERCENTILE
2022-01-21,消费,24212.586,3.0716,52.2,50.0,2015-03-24,PRICE_PERCENTILE
2022-01-21,科技,3034.679,3.0367,59.0,50.0,2011-09-20,PRICE_PERCENTILE
2022-01-24,医药,11898.502,1.2799,18.56,50.0,2019-03-26,PRICE_PERCENTILE
2022-01-24,半导体,4490.305,1.3265,96.51,50.0,2020-06-02,PRICE_PERCENTILE
2022-01-24,新能源,4520.781,2.602,71.36,50.0,2020-04-03,PRICE_PERCENTILE
2022-01-24,沪深300,4786.738,1.6392,38.52,50.0,2009-07-10,PRICE_PERCENTILE
2022-01-24,消费,23977.981,3.0435,47.5,50.0,2015-03-24,PRICE_PERCENTILE
2022-01-24,科技,3056.434,3.0569,59.68,50.0,2011-09-20,PRICE_PERCENTILE
2022-01-25,医药,11625.008,1.2524,14.94,50.0,2019-03-26,PRICE_PERCENTILE
2022-01-25,半导体,4328.222,1.2968,90.8,50.0,2020-06-02,PRICE_PERCENTILE
2022-01-25,新能源,4416.845,2.5517,69.39,50.0,2020-04-03,PRICE_PERCENTILE
2022-01-25,沪深300,4678.451,1.6042,28.69,50.0,2009-07-10,PRICE_PERCENTILE
2022-01-25,消费,23415.763,2.976,41.63,50.0,2015-03-24,PRICE_PERCENTILE
2022-01-25,科技,2974.955,2.98,57.17,50.0,2011-09-20,PRICE_PERCENTILE
2022-01-26,医药,11444.341,1.2346,13.32,50.0,2019-03-26,PRICE_PERCENTILE
2022-01-26,半导体,4399.452,1.3107,93.55,50.0,2020-06-02,PRICE_PERCENTILE
2022-01-26,新能源,4469.798,2.5751,70.59,50.0,2020-04-03,PRICE_PERCENTILE
2022-01-26,沪深300,4712.311,1.6151,32.21,50.0,2009-07-10,PRICE_PERCENTILE
2022-01-26,消费,23663.128,3.0058,43.94,50.0,2015-03-24,PRICE_PERCENTILE
2022-01-26,科技,3004.412,3.0077,58.25,50.0,2011-09-20,PRICE_PERCENTILE
2022-01-27,医药,11233.308,1.213,12.5,50.0,2019-03-26,PRICE_PERCENTILE
2022-01-27,半导体,4366.976,1.2662,92.08,50.0,2020-06-02,PRICE_PERCENTILE
2022-01-27,新能源,4321.588,2.5033,67.95,50.0,2020-04-03,PRICE_PERCENTILE
2022-01-27,沪深300,4619.877,1.5851,26.39,50.0,2009-07-10,PRICE_PERCENTILE
2022-01-27,消费,23275.988,2.9592,39.48,50.0,2015-03-24,PRICE_PERCENTILE
2022-01-27,科技,2906.763,2.9152,54.76,50.0,2011-09-20,PRICE_PERCENTILE
2022-01-28,医药,11186.209,1.2083,12.28,50.0,2019-03-26,PRICE_PERCENTILE
2022-01-28,半导体,4279.127,1.2442,87.16,50.0,2020-06-02,PRICE_PERCENTILE
2022-01-28,新能源,4293.36,2.4859,67.12,50.0,2020-04-03,PRICE_PERCENTILE
2022-01-28,沪深300,4563.772,1.5668,24.95,50.0,2009-07-10,PRICE_PERCENTILE
2022-01-28,消费,23046.724,2.9318,36.63,50.0,2015-03-24,PRICE_PERCENTILE
2022-01-28,科技,2908.945,2.9172,54.85,50.0,2011-09-20,PRICE_PERCENTILE
2022-02-07,医药,11290.471,1.2185,13.24,50.0,2019-03-26,PRICE_PERCENTILE
2022-02-07,半导体,4545.343,1.2558,98.28,50.0,2020-06-02,PRICE_PERCENTILE
2022-02-07,新能源,4355.289,2.5054,68.54,50.0,2020-04-03,PRICE_PERCENTILE
2022-02-07,沪深300,4634.09,1.5894,27.08,50.0,2009-07-10,PRICE_PERCENTILE
2022-02-07,消费,23142.96,2.9429,38.34,50.0,2015-03-24,PRICE_PERCENTILE
2022-02-07,科技,2917.864,2.9253,55.53,50.0,2011-09-20,PRICE_PERCENTILE
2022-02-08,医药,11167.811,1.206,12.03,50.0,2019-03-26,PRICE_PERCENTILE
2022-02-08,半导体,4616.512,1.2204,99.26,50.0,2020-06-02,PRICE_PERCENTILE
2022-02-08,新能源,4178.322,2.415,66.37,50.0,2020-04-03,PRICE_PERCENTILE
2022-02-08,沪深300,4608.773,1.581,26.43,50.0,2009-07-10,PRICE_PERCENTILE
2022-02-08,消费,22866.442,2.9098,35.5,50.0,2015-03-24,PRICE_PERCENTILE
2022-02-08,科技,2846.482,2.8577,52.27,50.0,2011-09-20,PRICE_PERCENTILE
2022-02-09,医药,11291.013,1.2186,13.58,50.0,2019-03-26,PRICE_PERCENTILE
2022-02-09,半导体,4592.426,1.2292,99.02,50.0,2020-06-02,PRICE_PERCENTILE
2022-02-09,新能源,4245.743,2.4385,66.89,50.0,2020-04-03,PRICE_PERCENTILE
2022-02-09,沪深300,4652.061,1.5952,28.15,50.0,2009-07-10,PRICE_PERCENTILE
2022-02-09,消费,23624.412,3.0002,44.09,50.0,2015-03-24,PRICE_PERCENTILE
2022-02-09,科技,2883.597,2.8927,53.74,50.0,2011-09-20,PRICE_PERCENTILE
2022-02-10,医药,11151.103,1.2042,11.79,50.0,2019-03-26,PRICE_PERCENTILE
2022-02-10,半导体,4652.966,1.2337,99.51,50.0,2020-06-02,PRICE_PERCENTILE
2022-02-10,新能源,4135.319,2.3836,65.85,50.0,2020-04-03,PRICE_PERCENTILE
2022-02-10,沪深300,4639.863,1.5911,27.7,50.0,2009-07-10,PRICE_PERCENTILE
2022-02-10,消费,23775.811,3.0179,46.17,50.0,2015-03-24,PRICE_PERCENTILE
2022-02-10,科技,2826.517,2.8388,50.88,50.0,2011-09-20,PRICE_PERCENTILE
2022-02-11,医药,10803.053,1.1687,7.65,50.0,2019-03-26,PRICE_PERCENTILE
2022-02-11,半导体,4581.345,1.2116,98.29,50.0,2020-06-02,PRICE_PERCENTILE
2022-02-11,新能源,4055.856,2.3517,65.48,50.0,2020-04-03,PRICE_PERCENTILE
2022-02-11,沪深300,4601.395,1.5786,26.27,50.0,2009-07-10,PRICE_PERCENTILE
2022-02-11,消费,23600.722,2.9968,43.92,50.0,2015-03-24,PRICE_PERCENTILE
2022-02-11,科技,2746.383,2.7631,43.33,50.0,2011-09-20,PRICE_PERCENTILE
2022-02-14,医药,10847.204,1.1731,9.0,50.0,2019-03-26,PRICE_PERCENTILE
2022-02-14,半导体,4495.382,1.1999,95.86,50.0,2020-06-02,PRICE_PERCENTILE
2022-02-14,新能源,4096.257,2.3734,65.78,50.0,2020-04-03,PRICE_PERCENTILE
2022-02-14,沪深300,4551.688,1.5623,24.46,50.0,2009-07-10,PRICE_PERCENTILE
2022-02-14,消费,23683.615,3.0066,44.62,50.0,2015-03-24,PRICE_PERCENTILE
2022-02-14,科技,2732.01,2.7491,40.9,50.0,2011-09-20,PRICE_PERCENTILE
2022-02-15,医药,11290.46,1.2182,13.87,50.0,2019-03-26,PRICE_PERCENTILE
2022-02-15,半导体,4517.179,1.2435,96.36,50.0,2020-06-02,PRICE_PERCENTILE
2022-02-15,新能源,4255.105,2.4641,67.18,50.0,2020-04-03,PRICE_PERCENTILE
2022-02-15,沪深300,4600.103,1.5781,26.37,50.0,2009-07-10,PRICE_PERCENTILE
2022-02-15,消费,23870.172,3.0289,47.27,50.0,2015-03-24,PRICE_PERCENTILE
2022-02-15,科技,2816.444,2.829,50.78,50.0,2011-09-20,PRICE_PERCENTILE
2022-02-16,医药,11308.11,1.2201,14.62,50.0,2019-03-26,PRICE_PERCENTILE
2022-02-16,半导体,4620.247,1.2366,99.03,50.0,2020-06-02,PRICE_PERCENTILE
2022-02-16,新能源,4270.638,2.4707,67.26,50.0,2020-04-03,PRICE_PERCENTILE
2022-02-16,沪深300,4617.989,1.5839,26.9,50.0,2009-07-10,PRICE_PERCENTILE
2022-02-16,消费,23886.292,3.0309,47.56,50.0,2015-03-24,PRICE_PERCENTILE
2022-02-16,科技,2818.397,2.8307,50.88,50.0,2011-09-20,PRICE_PERCENTILE
2022-02-17,医药,11273.5,1.2165,13.62,50.0,2019-03-26,PRICE_PERCENTILE
2022-02-17,半导体,4579.086,1.2501,97.83,50.0,2020-06-02,PRICE_PERCENTILE
2022-02-17,新能源,4372.09,2.5362,69.09,50.0,2020-04-03,PRICE_PERCENTILE
2022-02-17,沪深300,4629.165,1.5876,27.43,50.0,2009-07-10,PRICE_PERCENTILE
2022-02-17,消费,23868.616,3.0286,47.08,50.0,2015-03-24,PRICE_PERCENTILE
2022-02-17,科技,2839.825,2.851,51.95,50.0,2011-09-20,PRICE_PERCENTILE
2022-02-18,医药,11362.672,1.2257,14.95,50.0,2019-03-26,PRICE_PERCENTILE
2022-02-18,半导体,4666.116,1.2385,99.52,50.0,2020-06-02,PRICE_PERCENTILE
2022-02-18,新能源,4311.118,2.5038,67.84,50.0,2020-04-03,PRICE_PERCENTILE
2022-02-18,沪深300,4651.236,1.5947,28.93,50.0,2009-07-10,PRICE_PERCENTILE
2022-02-18,消费,24010.227,3.0455,49.32,50.0,2015-03-24,PRICE_PERCENTILE
2022-02-18,科技,2826.813,2.8386,51.26,50.0,2011-09-20,PRICE_PERCENTILE
2022-02-21,医药,11396.709,1.2292,15.31,50.0,2019-03-26,PRICE_PERCENTILE
2022-02-21,半导体,4627.383,1.2376,98.8,50.0,2020-06-02,PRICE_PERCENTILE
2022-02-21,新能源,4283.619,2.4873,67.03,50.0,2020-04-03,PRICE_PERCENTILE
2022-02-21,沪深300,4634.314,1.5891,27.91,50.0,2009-07-10,PRICE_PERCENTILE
2022-02-21,消费,23991.107,3.0432,48.84,50.0,2015-03-24,PRICE_PERCENTILE
2022-02-21,科技,2804.598,2.8174,49.03,50.0,2011-09-20,PRICE_PERCENTILE
2022-02-22,医药,11195.425,1.2086,12.96,50.0,2019-03-26,PRICE_PERCENTILE
2022-02-22,半导体,4511.881,1.2448,94.96,50.0,2020-06-02,PRICE_PERCENTILE
2022-02-22,新能源,4279.893,2.4849,66.89,50.0,2020-04-03,PRICE_PERCENTILE
2022-02-22,沪深300,4574.153,1.5695,25.15,50.0,2009-07-10,PRICE_PERCENTILE
2022-02-22,消费,23541.618,2.9892,42.36,50.0,2015-03-24,PRICE_PERCENTILE
2022-02-22,科技,2765.91,2.7809,45.65,50.0,2011-09-20,PRICE_PERCENTILE
2022-02-23,医药,11383.653,1.2276,15.44,50.0,2019-03-26,PRICE_PERCENTILE
2022-02-23,半导体,4495.283,1.3106,94.26,50.0,2020-06-02,PRICE_PERCENTILE
2022-02-23,新能源,4442.507,2.5737,70.9,50.0,2020-04-03,PRICE_PERCENTILE
2022-02-23,沪深300,4623.047,1.5855,27.22,50.0,2009-07-10,PRICE_PERCENTILE
2022-02-23,消费,23520.141,2.9866,42.28,50.0,2015-03-24,PRICE_PERCENTILE
2022-02-23,科技,2843.866,2.8547,52.9,50.0,2011-09-20,PRICE_PERCENTILE
2022-02-24,医药,11149.67,1.2039,11.95,50.0,2019-03-26,PRICE_PERCENTILE
2022-02-24,半导体,4345.71,1.2999,88.07,50.0,2020-06-02,PRICE_PERCENTILE
2022-02-24,新能源,4364.578,2.5329,69.0,50.0,2020-04-03,PRICE_PERCENTILE
2022-02-24,沪深300,4529.319,1.5549,23.89,50.0,2009-07-10,PRICE_PERCENTILE
2022-02-24,消费,22894.691,2.9119,34.87,50.0,2015-03-24,PRICE_PERCENTILE
2022-02-24,科技,2783.899,2.7999,47.59,50.0,2011-09-20,PRICE_PERCENTILE
2022-02-25,医药,11516.756,1.241,16.73,50.0,2019-03-26,PRICE_PERCENTILE
2022-02-25,半导体,4329.447,1.3134,87.62,50.0,2020-06-02,PRICE_PERCENTILE
2022-02-25,新能源,4471.847,2.5834,71.68,50.0,2020-04-03,PRICE_PERCENTILE
2022-02-25,沪深300,4573.425,1.5693,25.19,50.0,2009-07-10,PRICE_PERCENTILE
2022-02-25,消费,23090.812,2.9352,36.73,50.0,2015-03-24,PRICE_PERCENTILE
2022-02-25,科技,2855.803,2.8653,53.65,50.0,2011-09-20,PRICE_PERCENTILE
2022-02-28,医药,11545.932,1.244,17.66,50.0,2019-03-26,PRICE_PERCENTILE
2022-02-28,半导体,4326.167,1.3199,86.94,50.0,2020-06-02,PRICE_PERCENTILE
2022-02-28,新能源,4514.751,2.6077,72.39,50.0,2020-04-03,PRICE_PERCENTILE
2022-02-28,沪深300,4581.646,1.5718,25.53,50.0,2009-07-10,PRICE_PERCENTILE
2022-02-28,消费,23105.314,2.9367,37.04,50.0,2015-03-24,PRICE_PERCENTILE
2022-02-28,科技,2881.306,2.8893,54.51,50.0,2011-09-20,PRICE_PERCENTILE
2022-03-01,医药,11586.202,1.2481,17.82,50.0,2019-03-26,PRICE_PERCENTILE
2022-03-01,半导体,4388.644,1.3226,90.28,50.0,2020-06-02,PRICE_PERCENTILE
2022-03-01,新能源,4477.957,2.5861,71.58,50.0,2020-04-03,PRICE_PERCENTILE
2022-03-01,沪深300,4619.686,1.5842,27.39,50.0,2009-07-10,PRICE_PERCENTILE
2022-03-01,消费,23696.973,3.0076,45.02,50.0,2015-03-24,PRICE_PERCENTILE
2022-03-01,科技,2885.786,2.8936,54.98,50.0,2011-09-20,PRICE_PERCENTILE
2022-03-02,医药,11506.743,1.2399,16.63,50.0,2019-03-26,PRICE_PERCENTILE
2022-03-02,半导体,4376.966,1.3033,89.36,50.0,2020-06-02,PRICE_PERCENTILE
2022-03-02,新能源,4382.333,2.5361,68.83,50.0,2020-04-03,PRICE_PERCENTILE
2022-03-02,沪深300,4578.601,1.5709,25.43,50.0,2009-07-10,PRICE_PERCENTILE
2022-03-02,消费,23489.213,2.9827,42.07,50.0,2015-03-24,PRICE_PERCENTILE
2022-03-02,科技,2834.636,2.8452,51.82,50.0,2011-09-20,PRICE_PERCENTILE
2022-03-03,医药,11432.905,1.2325,15.84,50.0,2019-03-26,PRICE_PERCENTILE
2022-03-03,半导体,4445.781,1.2748,91.98,50.0,2020-06-02,PRICE_PERCENTILE
2022-03-03,新能源,4290.334,2.4833,66.31,50.0,2020-04-03,PRICE_PERCENTILE
2022-03-03,沪深300,4551.628,1.562,24.05,50.0,2009-07-10,PRICE_PERCENTILE
2022-03-03,消费,23019.771,2.9265,35.69,50.0,2015-03-24,PRICE_PERCENTILE
2022-03-03,科技,2791.949,2.8048,48.09,50.0,2011-09-20,PRICE_PERCENTILE
2022-03-04,医药,11415.779,1.2307,15.81,50.0,2019-03-26,PRICE_PERCENTILE
2022-03-04,半导体,4366.045,1.284,88.47,50.0,2020-06-02,PRICE_PERCENTILE
2022-03-04,新能源,4153.206,2.4151,64.44,50.0,2020-04-03,PRICE_PERCENTILE
2022-03-04,沪深300,4496.43,1.544,23.05,50.0,2009-07-10,PRICE_PERCENTILE
2022-03-04,消费,22926.643,2.9152,34.86,50.0,2015-03-24,PRICE_PERCENTILE
2022-03-04,科技,2748.638,2.7637,42.86,50.0,2011-09-20,PRICE_PERCENTILE
2022-03-07,医药,11030.106,1.1915,10.65,50.0,2019-03-26,PRICE_PERCENTILE
2022-03-07,半导体,4385.502,1.2359,89.67,50.0,2020-06-02,PRICE_PERCENTILE
2022-03-07,新能源,3969.4,2.321,61.94,50.0,2020-04-03,PRICE_PERCENTILE
2022-03-07,沪深300,4352.778,1.4971,22.81,50.0,2009-07-10,PRICE_PERCENTILE
2022-03-07,消费,22017.654,2.8069,28.33,50.0,2015-03-24,PRICE_PERCENTILE
2022-03-07,科技,2630.371,2.652,28.33,50.0,2011-09-20,PRICE_PERCENTILE
2022-03-08,医药,10671.954,1.1552,6.26,50.0,2019-03-26,PRICE_PERCENTILE
2022-03-08,半导体,4289.707,1.2333,83.61,50.0,2020-06-02,PRICE_PERCENTILE
2022-03-08,新能源,3854.798,2.2499,59.23,50.0,2020-04-03,PRICE_PERCENTILE
2022-03-08,沪深300,4265.391,1.4685,22.58,50.0,2009-07-10,PRICE_PERCENTILE
2022-03-08,消费,21588.984,2.7554,26.19,50.0,2015-03-24,PRICE_PERCENTILE
2022-03-08,科技,2582.986,2.6074,25.62,50.0,2011-09-20,PRICE_PERCENTILE
2022-03-09,医药,10396.407,1.1274,4.17,50.0,2019-03-26,PRICE_PERCENTILE
2022-03-09,半导体,4256.738,1.2438,82.01,50.0,2020-06-02,PRICE_PERCENTILE
2022-03-09,新能源,3854.713,2.2476,59.1,50.0,2020-04-03,PRICE_PERCENTILE
2022-03-09,沪深300,4226.346,1.4554,22.35,50.0,2009-07-10,PRICE_PERCENTILE
2022-03-09,消费,21464.696,2.7405,25.19,50.0,2015-03-24,PRICE_PERCENTILE
2022-03-09,科技,2566.719,2.5923,25.0,50.0,2011-09-20,PRICE_PERCENTILE
2022-03-10,医药,10801.299,1.1682,7.75,50.0,2019-03-26,PRICE_PERCENTILE
2022-03-10,半导体,4295.581,1.2575,83.92,50.0,2020-06-02,PRICE_PERCENTILE
2022-03-10,新能源,4005.298,2.3374,62.39,50.0,2020-04-03,PRICE_PERCENTILE
2022-03-10,沪深300,4292.837,1.4773,22.87,50.0,2009-07-10,PRICE_PERCENTILE
2022-03-10,消费,21948.099,2.7989,28.36,50.0,2015-03-24,PRICE_PERCENTILE
2022-03-10,科技,2635.194,2.6568,29.68,50.0,2011-09-20,PRICE_PERCENTILE
2022-03-11,医药,11112.482,1.1997,12.45,50.0,2019-03-26,PRICE_PERCENTILE
2022-03-11,半导体,4224.737,1.2572,80.7,50.0,2020-06-02,PRICE_PERCENTILE
2022-03-11,新能源,3998.018,2.3341,62.26,50.0,2020-04-03,PRICE_PERCENTILE
2022-03-11,沪深300,4306.522,1.4818,23.02,50.0,2009-07-10,PRICE_PERCENTILE
2022-03-11,消费,22096.297,2.8166,29.25,50.0,2015-03-24,PRICE_PERCENTILE
2022-03-11,科技,2665.462,2.6858,32.26,50.0,2011-09-20,PRICE_PERCENTILE
2022-03-14,医药,11010.445,1.1894,10.55,50.0,2019-03-26,PRICE_PERCENTILE
2022-03-14,半导体,4116.457,1.2174,79.35,50.0,2020-06-02,PRICE_PERCENTILE
2022-03-14,新能源,3850.37,2.2579,58.3,50.0,2020-04-03,PRICE_PERCENTILE
2022-03-14,沪深300,4174.758,1.4388,21.47,50.0,2009-07-10,PRICE_PERCENTILE
2022-03-14,消费,21133.498,2.7006,23.35,50.0,2015-03-24,PRICE_PERCENTILE
2022-03-14,科技,2570.447,2.5953,25.24,50.0,2011-09-20,PRICE_PERCENTILE
2022-03-15,医药,10516.431,1.1392,4.89,50.0,2019-03-26,PRICE_PERCENTILE
2022-03-15,半导体,3846.584,1.1783,65.05,50.0,2020-06-02,PRICE_PERCENTILE
2022-03-15,新能源,3788.23,2.2312,56.48,50.0,2020-04-03,PRICE_PERCENTILE
2022-03-15,沪深300,3983.812,1.3764,12.78,50.0,2009-07-10,PRICE_PERCENTILE
2022-03-15,消费,20007.143,2.5645,22.18,50.0,2015-03-24,PRICE_PERCENTILE
2022-03-15,科技,2504.782,2.5325,22.93,50.0,2011-09-20,PRICE_PERCENTILE
2022-03-16,医药,10805.701,1.1689,8.44,50.0,2019-03-26,PRICE_PERCENTILE
2022-03-16,半导体,3937.673,1.2393,69.75,50.0,2020-06-02,PRICE_PERCENTILE
2022-03-16,新能源,4052.163,2.3648,63.77,50.0,2020-04-03,PRICE_PERCENTILE
2022-03-16,沪深300,4156.081,1.4329,20.64,50.0,2009-07-10,PRICE_PERCENTILE
2022-03-16,消费,20603.506,2.6368,22.89,50.0,2015-03-24,PRICE_PERCENTILE
2022-03-16,科技,2635.083,2.6566,29.83,50.0,2011-09-20,PRICE_PERCENTILE
2022-03-17,医药,11192.055,1.2081,14.23,50.0,2019-03-26,PRICE_PERCENTILE
2022-03-17,半导体,3980.255,1.2554,72.58,50.0,2020-06-02,PRICE_PERCENTILE
2022-03-17,新能源,4137.615,2.4098,64.69,50.0,2020-04-03,PRICE_PERCENTILE
2022-03-17,沪深300,4237.696,1.4596,22.85,50.0,2009-07-10,PRICE_PERCENTILE
2022-03-17,消费,21227.08,2.7122,24.91,50.0,2015-03-24,PRICE_PERCENTILE
2022-03-17,科技,2710.726,2.7275,38.76,50.0,2011-09-20,PRICE_PERCENTILE
2022-03-18,医药,11258.973,1.215,14.95,50.0,2019-03-26,PRICE_PERCENTILE
2022-03-18,半导体,4098.64,1.243,78.62,50.0,2020-06-02,PRICE_PERCENTILE
2022-03-18,新能源,4107.37,2.3889,64.35,50.0,2020-04-03,PRICE_PERCENTILE
2022-03-18,沪深300,4265.902,1.469,23.36,50.0,2009-07-10,PRICE_PERCENTILE
2022-03-18,消费,21327.781,2.7243,25.23,50.0,2015-03-24,PRICE_PERCENTILE
2022-03-18,科技,2713.795,2.7303,39.25,50.0,2011-09-20,PRICE_PERCENTILE
2022-03-21,医药,11428.645,1.2323,17.54,50.0,2019-03-26,PRICE_PERCENTILE
2022-03-21,半导体,4095.606,1.2556,78.44,50.0,2020-06-02,PRICE_PERCENTILE
2022-03-21,新能源,4178.615,2.4291,65.47,50.0,2020-04-03,PRICE_PERCENTILE
2022-03-21,沪深300,4258.746,1.4665,23.13,50.0,2009-07-10,PRICE_PERCENTILE
2022-03-21,消费,21346.699,2.7264,25.37,50.0,2015-03-24,PRICE_PERCENTILE
2022-03-21,科技,2726.18,2.7419,39.93,50.0,2011-09-20,PRICE_PERCENTILE
2022-03-22,医药,11138.423,1.2026,13.04,50.0,2019-03-26,PRICE_PERCENTILE
2022-03-22,半导体,4130.164,1.2335,79.86,50.0,2020-06-02,PRICE_PERCENTILE
2022-03-22,新能源,4139.076,2.4134,64.71,50.0,2020-04-03,PRICE_PERCENTILE
2022-03-22,沪深300,4255.295,1.4654,23.09,50.0,2009-07-10,PRICE_PERCENTILE
2022-03-22,消费,21325.533,2.7238,25.14,50.0,2015-03-24,PRICE_PERCENTILE
2022-03-22,科技,2688.234,2.706,35.57,50.0,2011-09-20,PRICE_PERCENTILE
2022-03-23,医药,11366.26,1.2258,16.91,50.0,2019-03-26,PRICE_PERCENTILE
2022-03-23,半导体,4155.989,1.2335,80.14,50.0,2020-06-02,PRICE_PERCENTILE
2022-03-23,新能源,4133.345,2.4084,64.15,50.0,2020-04-03,PRICE_PERCENTILE
2022-03-23,沪深300,4276.517,1.4723,23.79,50.0,2009-07-10,PRICE_PERCENTILE
2022-03-23,消费,21457.563,2.7398,26.02,50.0,2015-03-24,PRICE_PERCENTILE
2022-03-23,科技,2715.954,2.7322,39.41,50.0,2011-09-20,PRICE_PERCENTILE
2022-03-24,医药,11623.399,1.2519,20.41,50.0,2019-03-26,PRICE_PERCENTILE
2022-03-24,半导体,4096.706,1.2049,78.13,50.0,2020-06-02,PRICE_PERCENTILE
2022-03-24,新能源,4093.804,2.3883,63.6,50.0,2020-04-03,PRICE_PERCENTILE
2022-03-24,沪深300,4251.306,1.4641,23.01,50.0,2009-07-10,PRICE_PERCENTILE
2022-03-24,消费,21137.46,2.7013,23.56,50.0,2015-03-24,PRICE_PERCENTILE
2022-03-24,科技,2706.215,2.7222,38.22,50.0,2011-09-20,PRICE_PERCENTILE
2022-03-25,医药,11250.154,1.2132,15.0,50.0,2019-03-26,PRICE_PERCENTILE
2022-03-25,半导体,4054.471,1.1919,76.36,50.0,2020-06-02,PRICE_PERCENTILE
2022-03-25,新能源,3975.427,2.3202,61.17,50.0,2020-04-03,PRICE_PERCENTILE
2022-03-25,沪深300,4174.574,1.439,21.48,50.0,2009-07-10,PRICE_PERCENTILE
2022-03-25,消费,20788.074,2.6591,22.78,50.0,2015-03-24,PRICE_PERCENTILE
2022-03-25,科技,2637.944,2.6573,30.0,50.0,2011-09-20,PRICE_PERCENTILE
2022-03-28,医药,11169.955,1.2049,13.86,50.0,2019-03-26,PRICE_PERCENTILE
2022-03-28,半导体,4113.105,1.1758,78.68,50.0,2020-06-02,PRICE_PERCENTILE
2022-03-28,新能源,3881.282,2.2671,58.96,50.0,2020-04-03,PRICE_PERCENTILE
2022-03-28,沪深300,4148.466,1.4302,19.59,50.0,2009-07-10,PRICE_PERCENTILE
2022-03-28,消费,20444.483,2.6176,22.18,50.0,2015-03-24,PRICE_PERCENTILE
2022-03-28,科技,2594.128,2.6155,26.06,50.0,2011-09-20,PRICE_PERCENTILE
2022-03-29,医药,11280.879,1.2162,15.87,50.0,2019-03-26,PRICE_PERCENTILE
2022-03-29,半导体,4072.266,1.153,76.7,50.0,2020-06-02,PRICE_PERCENTILE
2022-03-29,新能源,3896.603,2.2791,59.67,50.0,2020-04-03,PRICE_PERCENTILE
2022-03-29,沪深300,4134.144,1.4256,18.82,50.0,2009-07-10,PRICE_PERCENTILE
2022-03-29,消费,20478.294,2.6216,22.32,50.0,2015-03-24,PRICE_PERCENTILE
2022-03-29,科技,2592.666,2.6139,26.01,50.0,2011-09-20,PRICE_PERCENTILE
2022-03-30,医药,11535.309,1.242,20.44,50.0,2019-03-26,PRICE_PERCENTILE
2022-03-30,半导体,4186.933,1.1746,80.59,50.0,2020-06-02,PRICE_PERCENTILE
2022-03-30,新能源,4073.641,2.3744,63.49,50.0,2020-04-03,PRICE_PERCENTILE
2022-03-30,沪深300,4254.099,1.465,23.57,50.0,2009-07-10,PRICE_PERCENTILE
2022-03-30,消费,21117.19,2.6985,23.57,50.0,2015-03-24,PRICE_PERCENTILE
2022-03-30,科技,2696.826,2.7141,36.65,50.0,2011-09-20,PRICE_PERCENTILE
2022-03-31,医药,11500.043,1.2383,19.3,50.0,2019-03-26,PRICE_PERCENTILE
2022-03-31,半导体,4173.508,1.1421,80.18,50.0,2020-06-02,PRICE_PERCENTILE
2022-03-31,新能源,3976.849,2.3159,61.28,50.0,2020-04-03,PRICE_PERCENTILE
2022-03-31,沪深300,4222.597,1.4547,22.79,50.0,2009-07-10,PRICE_PERCENTILE
2022-03-31,消费,20971.993,2.681,23.53,50.0,2015-03-24,PRICE_PERCENTILE
2022-03-31,科技,2659.492,2.6781,32.35,50.0,2011-09-20,PRICE_PERCENTILE
2022-04-01,医药,11371.497,1.2253,17.43,50.0,2019-03-26,PRICE_PERCENTILE
2022-04-01,半导体,4174.553,1.1424,80.22,50.0,2020-06-02,PRICE_PERCENTILE
2022-04-01,新能源,4017.163,2.3362,62.4,50.0,2020-04-03,PRICE_PERCENTILE
2022-04-01,沪深300,4276.158,1.4721,24.59,50.0,2009-07-10,PRICE_PERCENTILE
2022-04-01,消费,21302.07,2.7204,25.69,50.0,2015-03-24,PRICE_PERCENTILE
2022-04-01,科技,2666.969,2.6852,33.03,50.0,2011-09-20,PRICE_PERCENTILE
2022-04-06,医药,11371.172,1.2252,17.4,50.0,2019-03-26,PRICE_PERCENTILE
2022-04-06,半导体,4331.642,1.1059,87.22,50.0,2020-06-02,PRICE_PERCENTILE
2022-04-06,新能源,3943.649,2.2958,60.0,50.0,2020-04-03,PRICE_PERCENTILE
2022-04-06,沪深300,4263.841,1.468,24.18,50.0,2009-07-10,PRICE_PERCENTILE
2022-04-06,消费,21062.015,2.6916,23.63,50.0,2015-03-24,PRICE_PERCENTILE
2022-04-06,科技,2633.91,2.6537,29.3,50.0,2011-09-20,PRICE_PERCENTILE
2022-04-07,医药,11162.099,1.2041,13.53,50.0,2019-03-26,PRICE_PERCENTILE
2022-04-07,半导体,4285.753,1.0831,83.45,50.0,2020-06-02,PRICE_PERCENTILE
2022-04-07,新能源,3874.045,2.2624,58.02,50.0,2020-04-03,PRICE_PERCENTILE
2022-04-07,沪深300,4209.1,1.4502,22.67,50.0,2009-07-10,PRICE_PERCENTILE
2022-04-07,消费,20807.808,2.661,23.03,50.0,2015-03-24,PRICE_PERCENTILE
2022-04-07,科技,2578.533,2.601,25.23,50.0,2011-09-20,PRICE_PERCENTILE
2022-04-08,医药,11013.399,1.1891,10.95,50.0,2019-03-26,PRICE_PERCENTILE
2022-04-08,半导体,4462.488,1.0844,92.86,50.0,2020-06-02,PRICE_PERCENTILE
2022-04-08,新能源,3856.61,2.2436,57.49,50.0,2020-04-03,PRICE_PERCENTILE
2022-04-08,沪深300,4230.767,1.4576,23.18,50.0,2009-07-10,PRICE_PERCENTILE
2022-04-08,消费,20694.141,2.6471,22.81,50.0,2015-03-24,PRICE_PERCENTILE
2022-04-08,科技,2569.911,2.5929,24.64,50.0,2011-09-20,PRICE_PERCENTILE
2022-04-11,医药,10816.119,1.169,8.38,50.0,2019-03-26,PRICE_PERCENTILE
2022-04-11,半导体,4440.271,1.0288,91.98,50.0,2020-06-02,PRICE_PERCENTILE
2022-04-11,新能源,3606.169,2.1143,49.39,50.0,2020-04-03,PRICE_PERCENTILE
2022-04-11,沪深300,4100.07,1.4149,16.76,50.0,2009-07-10,PRICE_PERCENTILE
2022-04-11,消费,20336.032,2.6039,21.86,50.0,2015-03-24,PRICE_PERCENTILE
2022-04-11,科技,2462.043,2.4902,21.86,50.0,2011-09-20,PRICE_PERCENTILE
2022-04-12,医药,11083.458,1.196,12.91,50.0,2019-03-26,PRICE_PERCENTILE
2022-04-12,半导体,4435.667,1.0423,91.56,50.0,2020-06-02,PRICE_PERCENTILE
2022-04-12,新能源,3671.768,2.1424,51.74,50.0,2020-04-03,PRICE_PERCENTILE
2022-04-12,沪深300,4179.973,1.441,22.0,50.0,2009-07-10,PRICE_PERCENTILE
2022-04-12,消费,21124.601,2.6986,24.55,50.0,2015-03-24,PRICE_PERCENTILE
2022-04-12,科技,2523.694,2.5488,22.91,50.0,2011-09-20,PRICE_PERCENTILE
2022-04-13,医药,10758.903,1.163,6.9,50.0,2019-03-26,PRICE_PERCENTILE
2022-04-13,半导体,4317.518,1.0177,85.37,50.0,2020-06-02,PRICE_PERCENTILE
2022-04-13,新能源,3627.042,2.1178,50.0,50.0,2020-04-03,PRICE_PERCENTILE
2022-04-13,沪深300,4139.737,1.428,19.24,50.0,2009-07-10,PRICE_PERCENTILE
2022-04-13,消费,20932.52,2.6761,23.77,50.0,2015-03-24,PRICE_PERCENTILE
2022-04-13,科技,2466.841,2.4952,22.14,50.0,2011-09-20,PRICE_PERCENTILE
2022-04-14,医药,10842.804,1.1714,9.6,50.0,2019-03-26,PRICE_PERCENTILE
2022-04-14,半导体,4377.37,1.0418,88.94,50.0,2020-06-02,PRICE_PERCENTILE
2022-04-14,新能源,3628.884,2.1147,50.1,50.0,2020-04-03,PRICE_PERCENTILE
2022-04-14,沪深300,4191.568,1.4449,22.64,50.0,2009-07-10,PRICE_PERCENTILE
2022-04-14,消费,21701.974,2.7685,29.53,50.0,2015-03-24,PRICE_PERCENTILE
2022-04-14,科技,2466.293,2.4944,22.1,50.0,2011-09-20,PRICE_PERCENTILE
2022-04-15,医药,10947.772,1.1821,10.49,50.0,2019-03-26,PRICE_PERCENTILE
2022-04-15,半导体,4299.027,1.0377,83.44,50.0,2020-06-02,PRICE_PERCENTILE
2022-04-15,新能源,3569.42,2.0825,48.58,50.0,2020-04-03,PRICE_PERCENTILE
2022-04-15,沪深300,4188.747,1.4439,22.42,50.0,2009-07-10,PRICE_PERCENTILE
2022-04-15,消费,21618.186,2.7584,29.11,50.0,2015-03-24,PRICE_PERCENTILE
2022-04-15,科技,2460.362,2.4888,21.7,50.0,2011-09-20,PRICE_PERCENTILE
2022-04-18,医药,10890.165,1.1764,9.93,50.0,2019-03-26,PRICE_PERCENTILE
2022-04-18,半导体,4226.725,1.0758,79.96,50.0,2020-06-02,PRICE_PERCENTILE
2022-04-18,新能源,3610.718,2.1082,49.49,50.0,2020-04-03,PRICE_PERCENTILE
2022-04-18,沪深300,4166.384,1.4366,21.48,50.0,2009-07-10,PRICE_PERCENTILE
2022-04-18,消费,21754.704,2.7748,30.14,50.0,2015-03-24,PRICE_PERCENTILE
2022-04-18,科技,2487.774,2.5146,22.74,50.0,2011-09-20,PRICE_PERCENTILE
2022-04-19,医药,10675.918,1.1548,6.49,50.0,2019-03-26,PRICE_PERCENTILE
2022-04-19,半导体,4277.851,1.0526,81.54,50.0,2020-06-02,PRICE_PERCENTILE
2022-04-19,新能源,3590.978,2.0992,48.58,50.0,2020-04-03,PRICE_PERCENTILE
2022-04-19,沪深300,4134.902,1.4263,18.74,50.0,2009-07-10,PRICE_PERCENTILE
2022-04-19,消费,21722.728,2.7708,29.73,50.0,2015-03-24,PRICE_PERCENTILE
2022-04-19,科技,2453.545,2.482,21.62,50.0,2011-09-20,PRICE_PERCENTILE
2022-04-20,医药,10496.475,1.1367,4.5,50.0,2019-03-26,PRICE_PERCENTILE
2022-04-20,半导体,4121.245,1.037,77.19,50.0,2020-06-02,PRICE_PERCENTILE
2022-04-20,新能源,3473.929,2.0384,46.46,50.0,2020-04-03,PRICE_PERCENTILE
2022-04-20,沪深300,4070.789,1.4053,15.47,50.0,2009-07-10,PRICE_PERCENTILE
2022-04-20,消费,21838.506,2.7847,30.58,50.0,2015-03-24,PRICE_PERCENTILE
2022-04-20,科技,2363.653,2.3969,20.5,50.0,2011-09-20,PRICE_PERCENTILE
2022-04-21,医药,10206.786,1.1073,2.33,50.0,2019-03-26,PRICE_PERCENTILE
2022-04-21,半导体,3987.634,1.0129,69.58,50.0,2020-06-02,PRICE_PERCENTILE
2022-04-21,新能源,3361.44,1.9762,42.94,50.0,2020-04-03,PRICE_PERCENTILE
2022-04-21,沪深300,3995.83,1.3808,12.75,50.0,2009-07-10,PRICE_PERCENTILE
2022-04-21,消费,21392.188,2.7314,27.29,50.0,2015-03-24,PRICE_PERCENTILE
2022-04-21,科技,2312.456,2.348,20.11,50.0,2011-09-20,PRICE_PERCENTILE
2022-04-22,医药,10183.062,1.1049,2.33,50.0,2019-03-26,PRICE_PERCENTILE
2022-04-22,半导体,4051.285,0.9892,73.58,50.0,2020-06-02,PRICE_PERCENTILE
2022-04-22,新能源,3324.397,1.9524,41.45,50.0,2020-04-03,PRICE_PERCENTILE
2022-04-22,沪深300,4013.25,1.3865,13.8,50.0,2009-07-10,PRICE_PERCENTILE
2022-04-22,消费,21329.877,2.7241,26.88,50.0,2015-03-24,PRICE_PERCENTILE
2022-04-22,科技,2296.595,2.3328,20.07,50.0,2011-09-20,PRICE_PERCENTILE
2022-04-25,医药,9660.106,1.0516,0.18,50.0,2019-03-26,PRICE_PERCENTILE
2022-04-25,半导体,3884.448,0.9162,63.18,50.0,2020-06-02,PRICE_PERCENTILE
2022-04-25,新能源,3090.147,1.8258,32.73,50.0,2020-04-03,PRICE_PERCENTILE
2022-04-25,沪深300,3814.913,1.3216,4.83,50.0,2009-07-10,PRICE_PERCENTILE
2022-04-25,消费,20463.836,2.6205,21.82,50.0,2015-03-24,PRICE_PERCENTILE
2022-04-25,科技,2169.004,2.2096,16.64,50.0,2011-09-20,PRICE_PERCENTILE
2022-04-26,医药,9762.204,1.0619,0.36,50.0,2019-03-26,PRICE_PERCENTILE
2022-04-26,半导体,3947.41,0.8919,66.52,50.0,2020-06-02,PRICE_PERCENTILE
2022-04-26,新能源,3034.179,1.7949,29.86,50.0,2020-04-03,PRICE_PERCENTILE
2022-04-26,沪深300,3784.12,1.3112,3.57,50.0,2009-07-10,PRICE_PERCENTILE
2022-04-26,消费,20630.877,2.6404,22.68,50.0,2015-03-24,PRICE_PERCENTILE
2022-04-26,科技,2150.513,2.1919,15.89,50.0,2011-09-20,PRICE_PERCENTILE
2022-04-27,医药,9946.653,1.0807,0.89,50.0,2019-03-26,PRICE_PERCENTILE
2022-04-27,半导体,4097.773,0.955,75.92,50.0,2020-06-02,PRICE_PERCENTILE
2022-04-27,新能源,3277.57,1.9297,41.0,50.0,2020-04-03,PRICE_PERCENTILE
2022-04-27,沪深300,3895.536,1.3477,8.02,50.0,2009-07-10,PRICE_PERCENTILE
2022-04-27,消费,21172.226,2.705,25.85,50.0,2015-03-24,PRICE_PERCENTILE
2022-04-27,科技,2269.171,2.3058,20.14,50.0,2011-09-20,PRICE_PERCENTILE
2022-04-28,医药,9896.84,1.0756,0.71,50.0,2019-03-26,PRICE_PERCENTILE
2022-04-28,半导体,4188.918,0.9464,79.22,50.0,2020-06-02,PRICE_PERCENTILE
2022-04-28,新能源,3296.696,1.9492,41.12,50.0,2020-04-03,PRICE_PERCENTILE
2022-04-28,沪深300,3921.107,1.356,9.25,50.0,2009-07-10,PRICE_PERCENTILE
2022-04-28,消费,21217.456,2.7102,26.16,50.0,2015-03-24,PRICE_PERCENTILE
2022-04-28,科技,2227.655,2.2659,19.4,50.0,2011-09-20,PRICE_PERCENTILE
2022-04-29,医药,10137.596,1.1003,3.02,50.0,2019-03-26,PRICE_PERCENTILE
2022-04-29,半导体,4270.0,0.9784,81.43,50.0,2020-06-02,PRICE_PERCENTILE
2022-04-29,新能源,3446.604,2.0358,46.61,50.0,2020-04-03,PRICE_PERCENTILE
2022-04-29,沪深300,4016.241,1.388,14.74,50.0,2009-07-10,PRICE_PERCENTILE
2022-04-29,消费,21191.921,2.7117,25.93,50.0,2015-03-24,PRICE_PERCENTILE
2022-04-29,科技,2319.137,2.3537,20.96,50.0,2011-09-20,PRICE_PERCENTILE
2022-05-05,医药,10205.394,1.1075,3.37,50.0,2019-03-26,PRICE_PERCENTILE
2022-05-05,半导体,4289.069,0.9824,82.97,50.0,2020-06-02,PRICE_PERCENTILE
2022-05-05,新能源,3418.374,2.028,45.73,50.0,2020-04-03,PRICE_PERCENTILE
2022-05-05,沪深300,4010.21,1.3859,14.36,50.0,2009-07-10,PRICE_PERCENTILE
2022-05-05,消费,21239.496,2.717,26.77,50.0,2015-03-24,PRICE_PERCENTILE
2022-05-05,科技,2288.404,2.3241,20.57,50.0,2011-09-20,PRICE_PERCENTILE
2022-05-06,医药,10023.366,1.0889,2.12,50.0,2019-03-26,PRICE_PERCENTILE
2022-05-06,半导体,4152.666,0.9535,77.42,50.0,2020-06-02,PRICE_PERCENTILE
2022-05-06,新能源,3351.006,1.9932,43.25,50.0,2020-04-03,PRICE_PERCENTILE
2022-05-06,沪深300,3908.815,1.3526,8.5,50.0,2009-07-10,PRICE_PERCENTILE
2022-05-06,消费,20633.98,2.6444,22.65,50.0,2015-03-24,PRICE_PERCENTILE
2022-05-06,科技,2244.969,2.2828,19.47,50.0,2011-09-20,PRICE_PERCENTILE
2022-05-09,医药,10000.908,1.0872,1.77,50.0,2019-03-26,PRICE_PERCENTILE
2022-05-09,半导体,4206.805,0.9451,78.97,50.0,2020-06-02,PRICE_PERCENTILE
2022-05-09,新能源,3316.622,1.9741,41.19,50.0,2020-04-03,PRICE_PERCENTILE
2022-05-09,沪深300,3877.436,1.3422,7.77,50.0,2009-07-10,PRICE_PERCENTILE
2022-05-09,消费,20506.333,2.629,21.91,50.0,2015-03-24,PRICE_PERCENTILE
2022-05-09,科技,2228.073,2.2665,19.43,50.0,2011-09-20,PRICE_PERCENTILE
2022-05-10,医药,10089.901,1.0961,3.0,50.0,2019-03-26,PRICE_PERCENTILE
2022-05-10,半导体,4339.616,0.9806,87.15,50.0,2020-06-02,PRICE_PERCENTILE
2022-05-10,新能源,3420.575,2.0314,46.05,50.0,2020-04-03,PRICE_PERCENTILE
2022-05-10,沪深300,3919.868,1.3564,9.52,50.0,2009-07-10,PRICE_PERCENTILE
2022-05-10,消费,20777.681,2.6616,23.1,50.0,2015-03-24,PRICE_PERCENTILE
2022-05-10,科技,2276.345,2.3128,20.63,50.0,2011-09-20,PRICE_PERCENTILE
2022-05-11,医药,10300.229,1.1174,4.58,50.0,2019-03-26,PRICE_PERCENTILE
2022-05-11,半导体,4264.286,1.0159,80.77,50.0,2020-06-02,PRICE_PERCENTILE
2022-05-11,新能源,3603.232,2.1291,50.3,50.0,2020-04-03,PRICE_PERCENTILE
2022-05-11,沪深300,3976.423,1.3751,12.68,50.0,2009-07-10,PRICE_PERCENTILE
2022-05-11,消费,20856.151,2.6709,23.59,50.0,2015-03-24,PRICE_PERCENTILE
2022-05-11,科技,2346.152,2.3796,22.01,50.0,2011-09-20,PRICE_PERCENTILE
2022-05-12,医药,10382.477,1.1257,5.8,50.0,2019-03-26,PRICE_PERCENTILE
2022-05-12,半导体,4264.182,1.0216,80.6,50.0,2020-06-02,PRICE_PERCENTILE
2022-05-12,新能源,3581.253,2.1167,49.61,50.0,2020-04-03,PRICE_PERCENTILE
2022-05-12,沪深300,3958.74,1.3693,11.6,50.0,2009-07-10,PRICE_PERCENTILE
2022-05-12,消费,20885.887,2.6744,23.9,50.0,2015-03-24,PRICE_PERCENTILE
2022-05-12,科技,2351.271,2.3847,22.14,50.0,2011-09-20,PRICE_PERCENTILE
2022-05-13,医药,10394.899,1.1272,6.14,50.0,2019-03-26,PRICE_PERCENTILE
2022-05-13,半导体,4265.719,1.0193,80.85,50.0,2020-06-02,PRICE_PERCENTILE
2022-05-13,新能源,3646.189,2.1487,52.65,50.0,2020-04-03,PRICE_PERCENTILE
2022-05-13,沪深300,3988.6,1.3791,14.04,50.0,2009-07-10,PRICE_PERCENTILE
2022-05-13,消费,20795.027,2.6638,23.33,50.0,2015-03-24,PRICE_PERCENTILE
2022-05-13,科技,2358.161,2.3914,22.28,50.0,2011-09-20,PRICE_PERCENTILE
2022-05-16,医药,10179.267,1.1052,3.68,50.0,2019-03-26,PRICE_PERCENTILE
2022-05-16,半导体,4278.117,1.0051,81.74,50.0,2020-06-02,PRICE_PERCENTILE
2022-05-16,新能源,3618.285,2.136,50.98,50.0,2020-04-03,PRICE_PERCENTILE
2022-05-16,沪深300,3956.538,1.3686,11.56,50.0,2009-07-10,PRICE_PERCENTILE
2022-05-16,消费,20686.242,2.6506,22.77,50.0,2015-03-24,PRICE_PERCENTILE
2022-05-16,科技,2331.23,2.3656,21.72,50.0,2011-09-20,PRICE_PERCENTILE
2022-05-17,医药,10089.934,1.0962,3.15,50.0,2019-03-26,PRICE_PERCENTILE
2022-05-17,半导体,4216.116,1.0438,78.39,50.0,2020-06-02,PRICE_PERCENTILE
2022-05-17,新能源,3775.212,2.2215,56.16,50.0,2020-04-03,PRICE_PERCENTILE
2022-05-17,沪深300,4005.893,1.3848,15.38,50.0,2009-07-10,PRICE_PERCENTILE
2022-05-17,消费,20734.046,2.6565,23.08,50.0,2015-03-24,PRICE_PERCENTILE
2022-05-17,科技,2369.089,2.4019,22.73,50.0,2011-09-20,PRICE_PERCENTILE
2022-05-18,医药,9993.941,1.0864,1.75,50.0,2019-03-26,PRICE_PERCENTILE
2022-05-18,半导体,4177.331,1.0504,77.38,50.0,2020-06-02,PRICE_PERCENTILE
2022-05-18,新能源,3786.167,2.23,56.45,50.0,2020-04-03,PRICE_PERCENTILE
2022-05-18,沪深300,3991.907,1.3803,14.31,50.0,2009-07-10,PRICE_PERCENTILE
2022-05-18,消费,20626.798,2.6435,22.34,50.0,2015-03-24,PRICE_PERCENTILE
2022-05-18,科技,2365.377,2.3986,22.69,50.0,2011-09-20,PRICE_PERCENTILE
2022-05-19,医药,9959.411,1.0839,1.39,50.0,2019-03-26,PRICE_PERCENTILE
2022-05-19,半导体,4276.493,1.0691,81.43,50.0,2020-06-02,PRICE_PERCENTILE
2022-05-19,新能源,3831.854,2.2597,58.09,50.0,2020-04-03,PRICE_PERCENTILE
2022-05-19,沪深300,3999.598,1.383,14.98,50.0,2009-07-10,PRICE_PERCENTILE
2022-05-19,消费,20388.449,2.6149,21.08,50.0,2015-03-24,PRICE_PERCENTILE
2022-05-19,科技,2377.127,2.4112,23.17,50.0,2011-09-20,PRICE_PERCENTILE
2022-05-20,医药,10211.539,1.1094,5.04,50.0,2019-03-26,PRICE_PERCENTILE
2022-05-20,半导体,4312.071,1.0717,85.05,50.0,2020-06-02,PRICE_PERCENTILE
2022-05-20,新能源,3879.072,2.2788,60.51,50.0,2020-04-03,PRICE_PERCENTILE
2022-05-20,沪深300,4077.6,1.4086,18.61,50.0,2009-07-10,PRICE_PERCENTILE
2022-05-20,消费,20972.115,2.685,25.22,50.0,2015-03-24,PRICE_PERCENTILE
2022-05-20,科技,2417.349,2.4497,23.65,50.0,2011-09-20,PRICE_PERCENTILE
2022-05-23,医药,10233.945,1.1116,5.21,50.0,2019-03-26,PRICE_PERCENTILE
2022-05-23,半导体,4253.023,1.0807,79.62,50.0,2020-06-02,PRICE_PERCENTILE
2022-05-23,新能源,3884.232,2.2923,60.78,50.0,2020-04-03,PRICE_PERCENTILE
2022-05-23,沪深300,4053.982,1.4008,17.71,50.0,2009-07-10,PRICE_PERCENTILE
2022-05-23,消费,20815.803,2.6664,24.13,50.0,2015-03-24,PRICE_PERCENTILE
2022-05-23,科技,2410.122,2.4427,23.61,50.0,2011-09-20,PRICE_PERCENTILE
2022-05-24,医药,9845.19,1.072,0.69,50.0,2019-03-26,PRICE_PERCENTILE
2022-05-24,半导体,4086.242,1.0377,72.33,50.0,2020-06-02,PRICE_PERCENTILE
2022-05-24,新能源,3720.868,2.2036,54.65,50.0,2020-04-03,PRICE_PERCENTILE
2022-05-24,沪深300,3959.154,1.3698,11.79,50.0,2009-07-10,PRICE_PERCENTILE
2022-05-24,消费,20423.367,2.6192,21.14,50.0,2015-03-24,PRICE_PERCENTILE
2022-05-24,科技,2318.075,2.3548,21.14,50.0,2011-09-20,PRICE_PERCENTILE
2022-05-25,医药,9901.609,1.0783,1.04,50.0,2019-03-26,PRICE_PERCENTILE
2022-05-25,半导体,4196.601,1.0362,77.41,50.0,2020-06-02,PRICE_PERCENTILE
2022-05-25,新能源,3724.676,2.2076,54.74,50.0,2020-04-03,PRICE_PERCENTILE
2022-05-25,沪深300,3983.178,1.3776,13.32,50.0,2009-07-10,PRICE_PERCENTILE
2022-05-25,消费,20531.589,2.6326,22.15,50.0,2015-03-24,PRICE_PERCENTILE
2022-05-25,科技,2325.597,2.362,21.63,50.0,2011-09-20,PRICE_PERCENTILE
2022-05-26,医药,9829.419,1.0712,0.52,50.0,2019-03-26,PRICE_PERCENTILE
2022-05-26,半导体,4257.975,1.0287,79.96,50.0,2020-06-02,PRICE_PERCENTILE
2022-05-26,新能源,3719.444,2.2053,54.25,50.0,2020-04-03,PRICE_PERCENTILE
2022-05-26,沪深300,3993.045,1.3819,14.68,50.0,2009-07-10,PRICE_PERCENTILE
2022-05-26,消费,20503.161,2.6291,21.76,50.0,2015-03-24,PRICE_PERCENTILE
2022-05-26,科技,2321.134,2.3582,21.59,50.0,2011-09-20,PRICE_PERCENTILE
2022-05-27,医药,9903.257,1.0786,1.38,50.0,2019-03-26,PRICE_PERCENTILE
2022-05-27,半导体,4294.582,1.023,83.54,50.0,2020-06-02,PRICE_PERCENTILE
2022-05-27,新能源,3731.857,2.213,54.91,50.0,2020-04-03,PRICE_PERCENTILE
2022-05-27,沪深300,4001.299,1.3847,15.69,50.0,2009-07-10,PRICE_PERCENTILE
2022-05-27,消费,20525.056,2.6315,22.24,50.0,2015-03-24,PRICE_PERCENTILE
2022-05-27,科技,2322.482,2.3598,21.72,50.0,2011-09-20,PRICE_PERCENTILE
2022-05-30,医药,9973.094,1.0858,2.41,50.0,2019-03-26,PRICE_PERCENTILE
2022-05-30,半导体,4271.041,1.0352,80.87,50.0,2020-06-02,PRICE_PERCENTILE
2022-05-30,新能源,3800.909,2.2516,57.69,50.0,2020-04-03,PRICE_PERCENTILE
2022-05-30,沪深300,4029.018,1.3944,17.56,50.0,2009-07-10,PRICE_PERCENTILE
2022-05-30,消费,20913.65,2.6797,25.3,50.0,2015-03-24,PRICE_PERCENTILE
2022-05-30,科技,2350.385,2.3864,22.55,50.0,2011-09-20,PRICE_PERCENTILE
2022-05-31,医药,10193.131,1.1086,5.33,50.0,2019-03-26,PRICE_PERCENTILE
2022-05-31,半导体,4234.152,1.0539,78.42,50.0,2020-06-02,PRICE_PERCENTILE
2022-05-31,新能源,3842.832,2.2734,58.73,50.0,2020-04-03,PRICE_PERCENTILE
2022-05-31,沪深300,4091.518,1.4151,20.1,50.0,2009-07-10,PRICE_PERCENTILE
2022-05-31,消费,21499.836,2.7512,31.27,50.0,2015-03-24,PRICE_PERCENTILE
2022-05-31,科技,2405.085,2.4393,24.23,50.0,2011-09-20,PRICE_PERCENTILE
2022-06-01,医药,10105.87,1.0997,4.63,50.0,2019-03-26,PRICE_PERCENTILE
2022-06-01,半导体,4214.524,1.0507,77.23,50.0,2020-06-02,PRICE_PERCENTILE
2022-06-01,新能源,3924.531,2.3097,62.64,50.0,2020-04-03,PRICE_PERCENTILE
2022-06-01,沪深300,4083.177,1.4129,19.73,50.0,2009-07-10,PRICE_PERCENTILE
2022-06-01,消费,21244.408,2.7264,28.99,50.0,2015-03-24,PRICE_PERCENTILE
2022-06-01,科技,2428.957,2.4625,25.04,50.0,2011-09-20,PRICE_PERCENTILE
2022-06-02,医药,9975.94,1.0868,2.57,50.0,2019-03-26,PRICE_PERCENTILE
2022-06-02,半导体,4218.295,1.0848,77.48,50.0,2020-06-02,PRICE_PERCENTILE
2022-06-02,新能源,4014.691,2.3604,65.01,50.0,2020-04-03,PRICE_PERCENTILE
2022-06-02,沪深300,4089.568,1.4159,20.03,50.0,2009-07-10,PRICE_PERCENTILE
2022-06-02,消费,21099.94,2.7091,26.2,50.0,2015-03-24,PRICE_PERCENTILE
2022-06-02,科技,2458.256,2.4911,25.51,50.0,2011-09-20,PRICE_PERCENTILE
2022-06-06,医药,10235.1,1.1131,6.67,50.0,2019-03-26,PRICE_PERCENTILE
2022-06-06,半导体,4211.462,1.1124,76.91,50.0,2020-06-02,PRICE_PERCENTILE
2022-06-06,新能源,4230.348,2.4811,69.08,50.0,2020-04-03,PRICE_PERCENTILE
2022-06-06,沪深300,4166.085,1.4411,25.47,50.0,2009-07-10,PRICE_PERCENTILE
2022-06-06,消费,21274.248,2.7298,29.23,50.0,2015-03-24,PRICE_PERCENTILE
2022-06-06,科技,2554.659,2.583,28.21,50.0,2011-09-20,PRICE_PERCENTILE
2022-06-07,医药,10423.505,1.1322,9.04,50.0,2019-03-26,PRICE_PERCENTILE
2022-06-07,半导体,4217.043,1.0928,77.37,50.0,2020-06-02,PRICE_PERCENTILE
2022-06-07,新能源,4192.503,2.4636,68.57,50.0,2020-04-03,PRICE_PERCENTILE
2022-06-07,沪深300,4179.129,1.4454,26.28,50.0,2009-07-10,PRICE_PERCENTILE
2022-06-07,消费,21578.873,2.7657,32.08,50.0,2015-03-24,PRICE_PERCENTILE
2022-06-07,科技,2554.626,2.5827,28.16,50.0,2011-09-20,PRICE_PERCENTILE
2022-06-08,医药,10577.893,1.1482,10.39,50.0,2019-03-26,PRICE_PERCENTILE
2022-06-08,半导体,4199.418,1.0906,76.18,50.0,2020-06-02,PRICE_PERCENTILE
2022-06-08,新能源,4254.551,2.5023,69.39,50.0,2020-04-03,PRICE_PERCENTILE
2022-06-08,沪深300,4219.812,1.4591,27.77,50.0,2009-07-10,PRICE_PERCENTILE
2022-06-08,消费,21862.062,2.7994,34.75,50.0,2015-03-24,PRICE_PERCENTILE
2022-06-08,科技,2576.335,2.6038,30.15,50.0,2011-09-20,PRICE_PERCENTILE
2022-06-09,医药,10331.425,1.1236,7.48,50.0,2019-03-26,PRICE_PERCENTILE
2022-06-09,半导体,4248.979,1.0584,79.3,50.0,2020-06-02,PRICE_PERCENTILE
2022-06-09,新能源,4129.386,2.4435,66.79,50.0,2020-04-03,PRICE_PERCENTILE
2022-06-09,沪深300,4175.675,1.445,26.19,50.0,2009-07-10,PRICE_PERCENTILE
2022-06-09,消费,21644.975,2.7744,32.65,50.0,2015-03-24,PRICE_PERCENTILE
2022-06-09,科技,2500.205,2.5316,26.7,50.0,2011-09-20,PRICE_PERCENTILE
2022-06-10,医药,10448.963,1.1356,9.34,50.0,2019-03-26,PRICE_PERCENTILE
2022-06-10,半导体,4263.094,1.0768,79.96,50.0,2020-06-02,PRICE_PERCENTILE
2022-06-10,新能源,4309.591,2.5318,71.02,50.0,2020-04-03,PRICE_PERCENTILE
2022-06-10,沪深300,4238.994,1.4658,28.69,50.0,2009-07-10,PRICE_PERCENTILE
2022-06-10,消费,21855.601,2.7978,34.63,50.0,2015-03-24,PRICE_PERCENTILE
2022-06-10,科技,2556.473,2.5856,28.86,50.0,2011-09-20,PRICE_PERCENTILE
2022-06-13,医药,10289.258,1.1198,6.95,50.0,2019-03-26,PRICE_PERCENTILE
2022-06-13,半导体,4176.996,1.0633,74.9,50.0,2020-06-02,PRICE_PERCENTILE
2022-06-13,新能源,4384.573,2.5869,72.78,50.0,2020-04-03,PRICE_PERCENTILE
2022-06-13,沪深300,4189.353,1.4494,26.95,50.0,2009-07-10,PRICE_PERCENTILE
2022-06-13,消费,21678.103,2.7769,32.71,50.0,2015-03-24,PRICE_PERCENTILE
2022-06-13,科技,2546.488,2.5761,28.14,50.0,2011-09-20,PRICE_PERCENTILE
2022-06-14,医药,10322.15,1.1234,7.61,50.0,2019-03-26,PRICE_PERCENTILE
2022-06-14,半导体,4211.225,1.0416,76.37,50.0,2020-06-02,PRICE_PERCENTILE
2022-06-14,新能源,4376.828,2.5828,72.45,50.0,2020-04-03,PRICE_PERCENTILE
2022-06-14,沪深300,4222.311,1.4602,28.09,50.0,2009-07-10,PRICE_PERCENTILE
2022-06-14,消费,21973.499,2.8121,35.7,50.0,2015-03-24,PRICE_PERCENTILE
2022-06-14,科技,2548.314,2.5784,28.26,50.0,2011-09-20,PRICE_PERCENTILE
2022-06-15,医药,10437.52,1.1348,9.63,50.0,2019-03-26,PRICE_PERCENTILE
2022-06-15,半导体,4278.333,1.05,82.11,50.0,2020-06-02,PRICE_PERCENTILE
2022-06-15,新能源,4346.009,2.5636,71.56,50.0,2020-04-03,PRICE_PERCENTILE
2022-06-15,沪深300,4278.218,1.4789,30.74,50.0,2009-07-10,PRICE_PERCENTILE
2022-06-15,消费,22148.474,2.8337,37.16,50.0,2015-03-24,PRICE_PERCENTILE
2022-06-15,科技,2575.086,2.6039,30.57,50.0,2011-09-20,PRICE_PERCENTILE
2022-06-16,医药,10557.499,1.1473,10.79,50.0,2019-03-26,PRICE_PERCENTILE
2022-06-16,半导体,4217.652,1.0667,77.08,50.0,2020-06-02,PRICE_PERCENTILE
2022-06-16,新能源,4370.01,2.5776,72.18,50.0,2020-04-03,PRICE_PERCENTILE
2022-06-16,沪深300,4250.061,1.4707,29.17,50.0,2009-07-10,PRICE_PERCENTILE
2022-06-16,消费,22264.885,2.849,38.79,50.0,2015-03-24,PRICE_PERCENTILE
2022-06-16,科技,2585.471,2.6136,31.2,50.0,2011-09-20,PRICE_PERCENTILE
2022-06-17,医药,10818.866,1.174,14.65,50.0,2019-03-26,PRICE_PERCENTILE
2022-06-17,半导体,4208.789,1.0634,75.71,50.0,2020-06-02,PRICE_PERCENTILE
2022-06-17,新能源,4544.747,2.6766,76.36,50.0,2020-04-03,PRICE_PERCENTILE
2022-06-17,沪深300,4309.044,1.4903,31.31,50.0,2009-07-10,PRICE_PERCENTILE
2022-06-17,消费,22573.767,2.8862,39.9,50.0,2015-03-24,PRICE_PERCENTILE
2022-06-17,科技,2657.212,2.6822,37.54,50.0,2011-09-20,PRICE_PERCENTILE
2022-06-20,医药,10975.787,1.1902,16.97,50.0,2019-03-26,PRICE_PERCENTILE
2022-06-20,半导体,4233.099,1.0778,78.18,50.0,2020-06-02,PRICE_PERCENTILE
2022-06-20,新能源,4622.792,2.7174,76.78,50.0,2020-04-03,PRICE_PERCENTILE
2022-06-20,沪深300,4330.433,1.4985,31.43,50.0,2009-07-10,PRICE_PERCENTILE
2022-06-20,消费,22801.926,2.9137,41.01,50.0,2015-03-24,PRICE_PERCENTILE
2022-06-20,科技,2710.141,2.7326,44.37,50.0,2011-09-20,PRICE_PERCENTILE
2022-06-21,医药,10899.51,1.1824,16.11,50.0,2019-03-26,PRICE_PERCENTILE
2022-06-21,半导体,4219.486,1.0666,77.22,50.0,2020-06-02,PRICE_PERCENTILE
2022-06-21,新能源,4564.739,2.6784,76.64,50.0,2020-04-03,PRICE_PERCENTILE
2022-06-21,沪深300,4325.566,1.4975,31.38,50.0,2009-07-10,PRICE_PERCENTILE
2022-06-21,消费,22704.026,2.9018,40.1,50.0,2015-03-24,PRICE_PERCENTILE
2022-06-21,科技,2692.985,2.7167,41.78,50.0,2011-09-20,PRICE_PERCENTILE
2022-06-22,医药,10772.565,1.1695,13.07,50.0,2019-03-26,PRICE_PERCENTILE
2022-06-22,半导体,4141.518,1.0362,72.64,50.0,2020-06-02,PRICE_PERCENTILE
2022-06-22,新能源,4565.037,2.682,76.68,50.0,2020-04-03,PRICE_PERCENTILE
2022-06-22,沪深300,4270.623,1.4799,30.32,50.0,2009-07-10,PRICE_PERCENTILE
2022-06-22,消费,22543.364,2.8852,39.53,50.0,2015-03-24,PRICE_PERCENTILE
2022-06-22,科技,2677.285,2.7013,40.2,50.0,2011-09-20,PRICE_PERCENTILE
2022-06-23,医药,10796.607,1.172,13.88,50.0,2019-03-26,PRICE_PERCENTILE
2022-06-23,半导体,4194.291,1.0603,74.7,50.0,2020-06-02,PRICE_PERCENTILE
2022-06-23,新能源,4753.071,2.775,79.14,50.0,2020-04-03,PRICE_PERCENTILE
2022-06-23,沪深300,4343.878,1.5042,31.94,50.0,2009-07-10,PRICE_PERCENTILE
2022-06-23,消费,22721.779,2.907,40.3,50.0,2015-03-24,PRICE_PERCENTILE
2022-06-23,科技,2760.102,2.7804,51.34,50.0,2011-09-20,PRICE_PERCENTILE
2022-06-24,医药,11054.206,1.1978,19.2,50.0,2019-03-26,PRICE_PERCENTILE
2022-06-24,半导体,4158.324,1.0748,73.15,50.0,2020-06-02,PRICE_PERCENTILE
2022-06-24,新能源,4822.039,2.8108,80.67,50.0,2020-04-03,PRICE_PERCENTILE
2022-06-24,沪深300,4394.772,1.5214,32.22,50.0,2009-07-10,PRICE_PERCENTILE
2022-06-24,消费,22999.423,2.9406,43.41,50.0,2015-03-24,PRICE_PERCENTILE
2022-06-24,科技,2824.44,2.8416,56.93,50.0,2011-09-20,PRICE_PERCENTILE
2022-06-27,医药,11225.565,1.2149,22.17,50.0,2019-03-26,PRICE_PERCENTILE
2022-06-27,半导体,4195.0,1.0912,74.8,50.0,2020-06-02,PRICE_PERCENTILE
2022-06-27,新能源,4836.172,2.8275,81.63,50.0,2020-04-03,PRICE_PERCENTILE
2022-06-27,沪深300,4444.264,1.5378,32.5,50.0,2009-07-10,PRICE_PERCENTILE
2022-06-27,消费,23663.224,3.0206,51.67,50.0,2015-03-24,PRICE_PERCENTILE
2022-06-27,科技,2830.597,2.8477,57.5,50.0,2011-09-20,PRICE_PERCENTILE
2022-06-28,医药,11196.414,1.212,22.13,50.0,2019-03-26,PRICE_PERCENTILE
2022-06-28,半导体,4205.604,1.1371,75.25,50.0,2020-06-02,PRICE_PERCENTILE
2022-06-28,新能源,4899.758,2.8583,83.52,50.0,2020-04-03,PRICE_PERCENTILE
2022-06-28,沪深300,4490.517,1.5532,32.61,50.0,2009-07-10,PRICE_PERCENTILE
2022-06-28,消费,23763.937,3.0337,53.08,50.0,2015-03-24,PRICE_PERCENTILE
2022-06-28,科技,2840.419,2.8571,58.24,50.0,2011-09-20,PRICE_PERCENTILE
2022-06-29,医药,11152.968,1.2077,20.76,50.0,2019-03-26,PRICE_PERCENTILE
2022-06-29,半导体,4230.942,1.1173,78.29,50.0,2020-06-02,PRICE_PERCENTILE
2022-06-29,新能源,4674.087,2.7306,77.63,50.0,2020-04-03,PRICE_PERCENTILE
2022-06-29,沪深300,4421.357,1.5315,32.39,50.0,2009-07-10,PRICE_PERCENTILE
2022-06-29,消费,23326.628,2.9856,47.84,50.0,2015-03-24,PRICE_PERCENTILE
2022-06-29,科技,2768.61,2.7893,51.83,50.0,2011-09-20,PRICE_PERCENTILE
2022-06-30,医药,11416.911,1.235,26.04,50.0,2019-03-26,PRICE_PERCENTILE
2022-06-30,半导体,4206.846,1.1506,75.35,50.0,2020-06-02,PRICE_PERCENTILE
2022-06-30,新能源,4730.02,2.7672,78.41,50.0,2020-04-03,PRICE_PERCENTILE
2022-06-30,沪深300,4485.011,1.5539,32.67,50.0,2009-07-10,PRICE_PERCENTILE
2022-06-30,消费,23940.598,3.0627,55.39,50.0,2015-03-24,PRICE_PERCENTILE
2022-06-30,科技,2810.601,2.8295,55.22,50.0,2011-09-20,PRICE_PERCENTILE
2022-07-01,医药,11377.884,1.231,25.5,50.0,2019-03-26,PRICE_PERCENTILE
2022-07-01,半导体,4240.676,1.1506,78.77,50.0,2020-06-02,PRICE_PERCENTILE
2022-07-01,新能源,4722.201,2.781,78.27,50.0,2020-04-03,PRICE_PERCENTILE
2022-07-01,沪深300,4466.718,1.5478,32.62,50.0,2009-07-10,PRICE_PERCENTILE
2022-07-01,消费,23805.04,3.0463,53.81,50.0,2015-03-24,PRICE_PERCENTILE
2022-07-01,科技,2781.943,2.8021,52.98,50.0,2011-09-20,PRICE_PERCENTILE
2022-07-04,医药,11869.216,1.2808,32.07,50.0,2019-03-26,PRICE_PERCENTILE
2022-07-04,半导体,4218.152,1.1205,76.83,50.0,2020-06-02,PRICE_PERCENTILE
2022-07-04,新能源,4814.841,2.8401,80.33,50.0,2020-04-03,PRICE_PERCENTILE
2022-07-04,沪深300,4496.03,1.5573,33.06,50.0,2009-07-10,PRICE_PERCENTILE
2022-07-04,消费,24169.542,3.09,59.67,50.0,2015-03-24,PRICE_PERCENTILE
2022-07-04,科技,2834.689,2.8523,58.18,50.0,2011-09-20,PRICE_PERCENTILE
2022-07-05,医药,11872.545,1.2814,32.18,50.0,2019-03-26,PRICE_PERCENTILE
2022-07-05,半导体,4241.614,1.1246,79.05,50.0,2020-06-02,PRICE_PERCENTILE
2022-07-05,新能源,4842.599,2.8509,81.65,50.0,2020-04-03,PRICE_PERCENTILE
2022-07-05,沪深300,4489.538,1.5551,32.84,50.0,2009-07-10,PRICE_PERCENTILE
2022-07-05,消费,24030.994,3.0734,56.93,50.0,2015-03-24,PRICE_PERCENTILE
2022-07-05,科技,2825.131,2.8431,56.93,50.0,2011-09-20,PRICE_PERCENTILE
2022-07-06,医药,11648.941,1.2588,29.98,50.0,2019-03-26,PRICE_PERCENTILE
2022-07-06,半导体,4156.816,1.1383,71.99,50.0,2020-06-02,PRICE_PERCENTILE
2022-07-06,新能源,4806.912,2.8314,79.85,50.0,2020-04-03,PRICE_PERCENTILE
2022-07-06,沪深300,4423.97,1.5339,32.29,50.0,2009-07-10,PRICE_PERCENTILE
2022-07-06,消费,23498.251,3.0089,49.26,50.0,2015-03-24,PRICE_PERCENTILE
2022-07-06,科技,2802.715,2.8219,54.53,50.0,2011-09-20,PRICE_PERCENTILE
2022-07-07,医药,11446.768,1.2384,26.64,50.0,2019-03-26,PRICE_PERCENTILE
2022-07-07,半导体,4149.074,1.1334,71.26,50.0,2020-06-02,PRICE_PERCENTILE
2022-07-07,新能源,4948.755,2.9017,84.64,50.0,2020-04-03,PRICE_PERCENTILE
2022-07-07,沪深300,4443.474,1.5408,32.4,50.0,2009-07-10,PRICE_PERCENTILE
2022-07-07,消费,23452.504,3.0037,48.52,50.0,2015-03-24,PRICE_PERCENTILE
2022-07-07,科技,2849.706,2.8665,59.54,50.0,2011-09-20,PRICE_PERCENTILE
2022-07-08,医药,11491.504,1.2429,27.09,50.0,2019-03-26,PRICE_PERCENTILE
2022-07-08,半导体,4180.336,1.1395,73.28,50.0,2020-06-02,PRICE_PERCENTILE
2022-07-08,新能源,4829.685,2.8375,80.47,50.0,2020-04-03,PRICE_PERCENTILE
2022-07-08,沪深300,4428.781,1.5371,32.35,50.0,2009-07-10,PRICE_PERCENTILE
2022-07-08,消费,23527.685,3.0127,49.75,50.0,2015-03-24,PRICE_PERCENTILE
2022-07-08,科技,2817.639,2.8364,56.32,50.0,2011-09-20,PRICE_PERCENTILE
2022-07-11,医药,11402.311,1.234,25.74,50.0,2019-03-26,PRICE_PERCENTILE
2022-07-11,半导体,4199.206,1.1051,74.31,50.0,2020-06-02,PRICE_PERCENTILE
2022-07-11,新能源,4629.343,2.7288,75.41,50.0,2020-04-03,PRICE_PERCENTILE
2022-07-11,沪深300,4354.617,1.5134,31.64,50.0,2009-07-10,PRICE_PERCENTILE
2022-07-11,消费,23298.945,2.9848,46.39,50.0,2015-03-24,PRICE_PERCENTILE
2022-07-11,科技,2767.461,2.7884,51.15,50.0,2011-09-20,PRICE_PERCENTILE
2022-07-12,医药,11054.187,1.1985,18.82,50.0,2019-03-26,PRICE_PERCENTILE
2022-07-12,半导体,4269.906,1.0767,81.41,50.0,2020-06-02,PRICE_PERCENTILE
2022-07-12,新能源,4513.018,2.6685,73.64,50.0,2020-04-03,PRICE_PERCENTILE
2022-07-12,沪深300,4313.618,1.5016,30.77,50.0,2009-07-10,PRICE_PERCENTILE
2022-07-12,消费,23034.311,2.9531,43.04,50.0,2015-03-24,PRICE_PERCENTILE
2022-07-12,科技,2702.693,2.7268,42.88,50.0,2011-09-20,PRICE_PERCENTILE
2022-07-13,医药,11047.471,1.1979,18.63,50.0,2019-03-26,PRICE_PERCENTILE
2022-07-13,半导体,4305.387,1.0631,85.55,50.0,2020-06-02,PRICE_PERCENTILE
2022-07-13,新能源,4607.651,2.7089,74.95,50.0,2020-04-03,PRICE_PERCENTILE
2022-07-13,沪深300,4321.462,1.5043,30.88,50.0,2009-07-10,PRICE_PERCENTILE
2022-07-13,消费,23121.423,2.9636,44.61,50.0,2015-03-24,PRICE_PERCENTILE
2022-07-13,科技,2746.86,2.7687,48.53,50.0,2011-09-20,PRICE_PERCENTILE
2022-07-14,医药,11257.122,1.2195,23.0,50.0,2019-03-26,PRICE_PERCENTILE
2022-07-14,半导体,4262.923,1.0725,80.12,50.0,2020-06-02,PRICE_PERCENTILE
2022-07-14,新能源,4762.112,2.788,78.44,50.0,2020-04-03,PRICE_PERCENTILE
2022-07-14,沪深300,4322.074,1.5049,31.0,50.0,2009-07-10,PRICE_PERCENTILE
2022-07-14,消费,22967.733,2.9453,42.25,50.0,2015-03-24,PRICE_PERCENTILE
2022-07-14,科技,2819.129,2.8375,56.77,50.0,2011-09-20,PRICE_PERCENTILE
2022-07-15,医药,11008.863,1.1946,17.43,50.0,2019-03-26,PRICE_PERCENTILE
2022-07-15,半导体,4134.52,1.0681,70.23,50.0,2020-06-02,PRICE_PERCENTILE
2022-07-15,新能源,4705.095,2.7597,77.22,50.0,2020-04-03,PRICE_PERCENTILE
2022-07-15,沪深300,4248.527,1.484,28.18,50.0,2009-07-10,PRICE_PERCENTILE
2022-07-15,消费,22846.891,2.9307,40.72,50.0,2015-03-24,PRICE_PERCENTILE
2022-07-15,科技,2760.499,2.7822,50.49,50.0,2011-09-20,PRICE_PERCENTILE
2022-07-18,医药,11009.128,1.1945,17.56,50.0,2019-03-26,PRICE_PERCENTILE
2022-07-18,半导体,4194.208,1.0608,73.2,50.0,2020-06-02,PRICE_PERCENTILE
2022-07-18,新能源,4754.067,2.7741,78.16,50.0,2020-04-03,PRICE_PERCENTILE
2022-07-18,沪深300,4292.586,1.4985,30.24,50.0,2009-07-10,PRICE_PERCENTILE
2022-07-18,消费,22805.517,2.9255,40.33,50.0,2015-03-24,PRICE_PERCENTILE
2022-07-18,科技,2800.357,2.8201,54.47,50.0,2011-09-20,PRICE_PERCENTILE
2022-07-19,医药,10892.913,1.1828,15.91,50.0,2019-03-26,PRICE_PERCENTILE
2022-07-19,半导体,4200.332,1.0521,74.22,50.0,2020-06-02,PRICE_PERCENTILE
2022-07-19,新能源,4679.858,2.7433,76.4,50.0,2020-04-03,PRICE_PERCENTILE
2022-07-19,沪深300,4269.34,1.4909,29.55,50.0,2009-07-10,PRICE_PERCENTILE
2022-07-19,消费,22830.035,2.929,40.58,50.0,2015-03-24,PRICE_PERCENTILE
2022-07-19,科技,2750.866,2.773,49.35,50.0,2011-09-20,PRICE_PERCENTILE
2022-07-20,医药,11022.441,1.196,18.31,50.0,2019-03-26,PRICE_PERCENTILE
2022-07-20,半导体,4205.698,1.0631,74.47,50.0,2020-06-02,PRICE_PERCENTILE
2022-07-20,新能源,4681.489,2.7427,76.44,50.0,2020-04-03,PRICE_PERCENTILE
2022-07-20,沪深300,4283.803,1.4956,30.31,50.0,2009-07-10,PRICE_PERCENTILE
2022-07-20,消费,22929.129,2.941,42.14,50.0,2015-03-24,PRICE_PERCENTILE
2022-07-20,科技,2765.162,2.7866,50.89,50.0,2011-09-20,PRICE_PERCENTILE
2022-07-21,医药,11004.69,1.1942,17.48,50.0,2019-03-26,PRICE_PERCENTILE
2022-07-21,半导体,4149.199,1.0829,70.27,50.0,2020-06-02,PRICE_PERCENTILE
2022-07-21,新能源,4581.982,2.6931,74.15,50.0,2020-04-03,PRICE_PERCENTILE
2022-07-21,沪深300,4236.058,1.4809,27.51,50.0,2009-07-10,PRICE_PERCENTILE
2022-07-21,消费,22744.545,2.9187,39.16,50.0,2015-03-24,PRICE_PERCENTILE
2022-07-21,科技,2751.415,2.7734,49.35,50.0,2011-09-20,PRICE_PERCENTILE
2022-07-22,医药,10862.181,1.1799,15.67,50.0,2019-03-26,PRICE_PERCENTILE
2022-07-22,半导体,4145.549,1.0738,69.94,50.0,2020-06-02,PRICE_PERCENTILE
2022-07-22,新能源,4594.879,2.6919,74.19,50.0,2020-04-03,PRICE_PERCENTILE
2022-07-22,沪深300,4238.234,1.4817,27.79,50.0,2009-07-10,PRICE_PERCENTILE
2022-07-22,消费,22624.476,2.9041,38.61,50.0,2015-03-24,PRICE_PERCENTILE
2022-07-22,科技,2737.314,2.76,46.53,50.0,2011-09-20,PRICE_PERCENTILE
2022-07-25,医药,10850.846,1.1788,15.65,50.0,2019-03-26,PRICE_PERCENTILE
2022-07-25,半导体,4094.079,1.0563,67.12,50.0,2020-06-02,PRICE_PERCENTILE
2022-07-25,新能源,4533.038,2.6624,72.99,50.0,2020-04-03,PRICE_PERCENTILE
2022-07-25,沪深300,4212.644,1.4733,26.61,50.0,2009-07-10,PRICE_PERCENTILE
2022-07-25,消费,22728.399,2.9167,39.19,50.0,2015-03-24,PRICE_PERCENTILE
2022-07-25,科技,2704.945,2.7292,42.58,50.0,2011-09-20,PRICE_PERCENTILE
2022-07-26,医药,10793.538,1.1729,13.37,50.0,2019-03-26,PRICE_PERCENTILE
2022-07-26,半导体,4124.061,1.0622,69.1,50.0,2020-06-02,PRICE_PERCENTILE
2022-07-26,新能源,4580.275,2.6924,73.93,50.0,2020-04-03,PRICE_PERCENTILE
2022-07-26,沪深300,4245.976,1.4844,28.18,50.0,2009-07-10,PRICE_PERCENTILE
2022-07-26,消费,22916.25,2.9391,42.19,50.0,2015-03-24,PRICE_PERCENTILE
2022-07-26,科技,2713.458,2.7373,43.8,50.0,2011-09-20,PRICE_PERCENTILE
2022-07-27,医药,10672.279,1.1606,11.9,50.0,2019-03-26,PRICE_PERCENTILE
2022-07-27,半导体,4107.821,1.0534,67.82,50.0,2020-06-02,PRICE_PERCENTILE
2022-07-27,新能源,4605.191,2.7062,74.33,50.0,2020-04-03,PRICE_PERCENTILE
2022-07-27,沪深300,4225.036,1.4775,27.17,50.0,2009-07-10,PRICE_PERCENTILE
2022-07-27,消费,22695.936,2.9127,38.75,50.0,2015-03-24,PRICE_PERCENTILE
2022-07-27,科技,2714.249,2.738,44.05,50.0,2011-09-20,PRICE_PERCENTILE
2022-07-28,医药,10585.842,1.1518,10.91,50.0,2019-03-26,PRICE_PERCENTILE
2022-07-28,半导体,4107.062,1.0699,67.69,50.0,2020-06-02,PRICE_PERCENTILE
2022-07-28,新能源,4551.499,2.6646,72.95,50.0,2020-04-03,PRICE_PERCENTILE
2022-07-28,沪深300,4225.673,1.478,27.29,50.0,2009-07-10,PRICE_PERCENTILE
2022-07-28,消费,22628.353,2.9044,38.52,50.0,2015-03-24,PRICE_PERCENTILE
2022-07-28,科技,2705.901,2.7299,42.54,50.0,2011-09-20,PRICE_PERCENTILE
2022-07-29,医药,10322.721,1.125,7.37,50.0,2019-03-26,PRICE_PERCENTILE
2022-07-29,半导体,4048.944,1.0393,64.5,50.0,2020-06-02,PRICE_PERCENTILE
2022-07-29,新能源,4506.262,2.6434,71.94,50.0,2020-04-03,PRICE_PERCENTILE
2022-07-29,沪深300,4170.102,1.46,24.36,50.0,2009-07-10,PRICE_PERCENTILE
2022-07-29,消费,22266.226,2.8608,37.02,50.0,2015-03-24,PRICE_PERCENTILE
2022-07-29,科技,2670.451,2.6964,37.34,50.0,2011-09-20,PRICE_PERCENTILE
2022-08-01,医药,10365.068,1.1291,8.0,50.0,2019-03-26,PRICE_PERCENTILE
2022-08-01,半导体,4008.425,1.0524,62.29,50.0,2020-06-02,PRICE_PERCENTILE
2022-08-01,新能源,4672.476,2.7339,76.24,50.0,2020-04-03,PRICE_PERCENTILE
2022-08-01,沪深300,4188.678,1.4662,25.44,50.0,2009-07-10,PRICE_PERCENTILE
2022-08-01,消费,22378.048,2.874,37.28,50.0,2015-03-24,PRICE_PERCENTILE
2022-08-01,科技,2733.736,2.7567,46.4,50.0,2011-09-20,PRICE_PERCENTILE
2022-08-02,医药,10100.594,1.1018,4.31,50.0,2019-03-26,PRICE_PERCENTILE
2022-08-02,半导体,3853.225,1.0433,54.18,50.0,2020-06-02,PRICE_PERCENTILE
2022-08-02,新能源,4555.632,2.6718,73.1,50.0,2020-04-03,PRICE_PERCENTILE
2022-08-02,沪深300,4107.024,1.4392,19.65,50.0,2009-07-10,PRICE_PERCENTILE
2022-08-02,消费,22087.999,2.8392,34.5,50.0,2015-03-24,PRICE_PERCENTILE
2022-08-02,科技,2678.621,2.7042,38.66,50.0,2011-09-20,PRICE_PERCENTILE
2022-08-03,医药,10130.633,1.1049,4.94,50.0,2019-03-26,PRICE_PERCENTILE
2022-08-03,半导体,3801.268,1.076,51.04,50.0,2020-06-02,PRICE_PERCENTILE
2022-08-03,新能源,4425.171,2.5993,69.61,50.0,2020-04-03,PRICE_PERCENTILE
2022-08-03,沪深300,4066.975,1.4259,17.38,50.0,2009-07-10,PRICE_PERCENTILE
2022-08-03,消费,21910.426,2.8178,33.49,50.0,2015-03-24,PRICE_PERCENTILE
2022-08-03,科技,2628.818,2.6565,32.22,50.0,2011-09-20,PRICE_PERCENTILE
2022-08-04,医药,10347.035,1.1271,7.96,50.0,2019-03-26,PRICE_PERCENTILE
2022-08-04,半导体,3824.963,1.0936,52.27,50.0,2020-06-02,PRICE_PERCENTILE
2022-08-04,新能源,4435.573,2.6097,69.84,50.0,2020-04-03,PRICE_PERCENTILE
2022-08-04,沪深300,4101.537,1.4373,19.59,50.0,2009-07-10,PRICE_PERCENTILE
2022-08-04,消费,22229.745,2.8564,36.46,50.0,2015-03-24,PRICE_PERCENTILE
2022-08-04,科技,2640.776,2.6678,34.08,50.0,2011-09-20,PRICE_PERCENTILE
2022-08-05,医药,10571.002,1.15,11.29,50.0,2019-03-26,PRICE_PERCENTILE
2022-08-05,半导体,3860.52,1.149,54.63,50.0,2020-06-02,PRICE_PERCENTILE
2022-08-05,新能源,4478.084,2.632,71.13,50.0,2020-04-03,PRICE_PERCENTILE
2022-08-05,沪深300,4156.911,1.457,23.53,50.0,2009-07-10,PRICE_PERCENTILE
2022-08-05,消费,22433.542,2.881,37.84,50.0,2015-03-24,PRICE_PERCENTILE
2022-08-05,科技,2683.602,2.7086,39.27,50.0,2011-09-20,PRICE_PERCENTILE
2022-08-08,医药,10515.659,1.1443,10.63,50.0,2019-03-26,PRICE_PERCENTILE
2022-08-08,半导体,3855.961,1.1402,54.34,50.0,2020-06-02,PRICE_PERCENTILE
2022-08-08,新能源,4488.812,2.6432,71.35,50.0,2020-04-03,PRICE_PERCENTILE
2022-08-08,沪深300,4148.075,1.4542,22.54,50.0,2009-07-10,PRICE_PERCENTILE
2022-08-08,消费,22281.858,2.8624,37.3,50.0,2015-03-24,PRICE_PERCENTILE
2022-08-08,科技,2675.686,2.701,38.41,50.0,2011-09-20,PRICE_PERCENTILE
2022-08-09,医药,10439.994,1.1365,9.98,50.0,2019-03-26,PRICE_PERCENTILE
2022-08-09,半导体,3848.592,1.1504,53.67,50.0,2020-06-02,PRICE_PERCENTILE
2022-08-09,新能源,4533.299,2.667,72.63,50.0,2020-04-03,PRICE_PERCENTILE
2022-08-09,沪深300,4156.291,1.4569,23.61,50.0,2009-07-10,PRICE_PERCENTILE
2022-08-09,消费,22125.448,2.8436,34.87,50.0,2015-03-24,PRICE_PERCENTILE
2022-08-09,科技,2694.8,2.7192,40.73,50.0,2011-09-20,PRICE_PERCENTILE
2022-08-10,医药,10269.914,1.1192,6.8,50.0,2019-03-26,PRICE_PERCENTILE
2022-08-10,半导体,3849.315,1.1372,53.76,50.0,2020-06-02,PRICE_PERCENTILE
2022-08-10,新能源,4444.973,2.6189,69.88,50.0,2020-04-03,PRICE_PERCENTILE
2022-08-10,沪深300,4109.737,1.4415,20.09,50.0,2009-07-10,PRICE_PERCENTILE
2022-08-10,消费,21789.256,2.803,31.96,50.0,2015-03-24,PRICE_PERCENTILE
2022-08-10,科技,2658.585,2.6847,35.92,50.0,2011-09-20,PRICE_PERCENTILE
2022-08-11,医药,10554.426,1.1481,11.37,50.0,2019-03-26,PRICE_PERCENTILE
2022-08-11,半导体,3905.686,1.1559,57.04,50.0,2020-06-02,PRICE_PERCENTILE
2022-08-11,新能源,4516.94,2.6519,72.2,50.0,2020-04-03,PRICE_PERCENTILE
2022-08-11,沪深300,4193.543,1.4695,27.01,50.0,2009-07-10,PRICE_PERCENTILE
2022-08-11,消费,22148.228,2.8463,35.39,50.0,2015-03-24,PRICE_PERCENTILE
2022-08-11,科技,2721.492,2.7447,45.34,50.0,2011-09-20,PRICE_PERCENTILE
2022-08-12,医药,10577.217,1.1506,12.15,50.0,2019-03-26,PRICE_PERCENTILE
2022-08-12,半导体,3922.316,1.1302,58.05,50.0,2020-06-02,PRICE_PERCENTILE
2022-08-12,新能源,4444.048,2.6125,69.63,50.0,2020-04-03,PRICE_PERCENTILE
2022-08-12,沪深300,4191.152,1.4692,26.81,50.0,2009-07-10,PRICE_PERCENTILE
2022-08-12,消费,22295.674,2.8639,37.7,50.0,2015-03-24,PRICE_PERCENTILE
2022-08-12,科技,2690.831,2.7154,40.54,50.0,2011-09-20,PRICE_PERCENTILE
2022-08-15,医药,10427.042,1.1352,9.92,50.0,2019-03-26,PRICE_PERCENTILE
2022-08-15,半导体,3939.342,1.1351,58.5,50.0,2020-06-02,PRICE_PERCENTILE
2022-08-15,新能源,4550.853,2.6699,73.0,50.0,2020-04-03,PRICE_PERCENTILE
2022-08-15,沪深300,4185.679,1.4674,25.98,50.0,2009-07-10,PRICE_PERCENTILE
2022-08-15,消费,22084.415,2.8383,34.33,50.0,2015-03-24,PRICE_PERCENTILE
2022-08-15,科技,2718.593,2.7417,45.2,50.0,2011-09-20,PRICE_PERCENTILE
2022-08-16,医药,10316.319,1.124,7.55,50.0,2019-03-26,PRICE_PERCENTILE
2022-08-16,半导体,3967.27,1.1244,60.26,50.0,2020-06-02,PRICE_PERCENTILE
2022-08-16,新能源,4570.347,2.6805,74.09,50.0,2020-04-03,PRICE_PERCENTILE
2022-08-16,沪深300,4177.837,1.4648,25.63,50.0,2009-07-10,PRICE_PERCENTILE
2022-08-16,消费,22093.215,2.8393,34.59,50.0,2015-03-24,PRICE_PERCENTILE
2022-08-16,科技,2731.393,2.754,46.7,50.0,2011-09-20,PRICE_PERCENTILE
2022-08-17,医药,10404.026,1.133,9.73,50.0,2019-03-26,PRICE_PERCENTILE
2022-08-17,半导体,3991.445,1.1281,62.01,50.0,2020-06-02,PRICE_PERCENTILE
2022-08-17,新能源,4607.996,2.6847,75.0,50.0,2020-04-03,PRICE_PERCENTILE
2022-08-17,沪深300,4216.959,1.4779,28.1,50.0,2009-07-10,PRICE_PERCENTILE
2022-08-17,消费,22218.039,2.8545,36.42,50.0,2015-03-24,PRICE_PERCENTILE
2022-08-17,科技,2777.91,2.7983,53.85,50.0,2011-09-20,PRICE_PERCENTILE
2022-08-18,医药,10215.022,1.1137,6.27,50.0,2019-03-26,PRICE_PERCENTILE
2022-08-18,半导体,3945.352,1.1423,58.74,50.0,2020-06-02,PRICE_PERCENTILE
2022-08-18,新能源,4599.106,2.6719,74.52,50.0,2020-04-03,PRICE_PERCENTILE
2022-08-18,沪深300,4180.1,1.4657,26.02,50.0,2009-07-10,PRICE_PERCENTILE
2022-08-18,消费,21849.37,2.8098,32.13,50.0,2015-03-24,PRICE_PERCENTILE
2022-08-18,科技,2775.821,2.7963,53.61,50.0,2011-09-20,PRICE_PERCENTILE
2022-08-19,医药,10141.229,1.1061,5.16,50.0,2019-03-26,PRICE_PERCENTILE
2022-08-19,半导体,3957.683,1.1153,59.55,50.0,2020-06-02,PRICE_PERCENTILE
2022-08-19,新能源,4451.301,2.5908,69.55,50.0,2020-04-03,PRICE_PERCENTILE
2022-08-19,沪深300,4151.074,1.4561,23.0,50.0,2009-07-10,PRICE_PERCENTILE
2022-08-19,消费,21984.351,2.8262,33.65,50.0,2015-03-24,PRICE_PERCENTILE
2022-08-19,科技,2734.218,2.7568,47.42,50.0,2011-09-20,PRICE_PERCENTILE
2022-08-22,医药,10188.181,1.1109,5.62,50.0,2019-03-26,PRICE_PERCENTILE
2022-08-22,半导体,4008.646,1.1184,63.33,50.0,2020-06-02,PRICE_PERCENTILE
2022-08-22,新能源,4596.284,2.6799,74.44,50.0,2020-04-03,PRICE_PERCENTILE
2022-08-22,沪深300,4181.397,1.4663,26.25,50.0,2009-07-10,PRICE_PERCENTILE
2022-08-22,消费,22107.662,2.8409,35.0,50.0,2015-03-24,PRICE_PERCENTILE
2022-08-22,科技,2779.015,2.7993,54.22,50.0,2011-09-20,PRICE_PERCENTILE
2022-08-23,医药,10057.412,1.0976,3.74,50.0,2019-03-26,PRICE_PERCENTILE
2022-08-23,半导体,3987.063,1.1138,61.55,50.0,2020-06-02,PRICE_PERCENTILE
2022-08-23,新能源,4612.706,2.6893,75.17,50.0,2020-04-03,PRICE_PERCENTILE
2022-08-23,沪深300,4161.082,1.4598,24.02,50.0,2009-07-10,PRICE_PERCENTILE
2022-08-23,消费,21913.418,2.8174,33.23,50.0,2015-03-24,PRICE_PERCENTILE
2022-08-23,科技,2780.306,2.8005,54.29,50.0,2011-09-20,PRICE_PERCENTILE
2022-08-24,医药,9932.385,1.0847,1.56,50.0,2019-03-26,PRICE_PERCENTILE
2022-08-24,半导体,3902.257,1.0701,56.09,50.0,2020-06-02,PRICE_PERCENTILE
2022-08-24,新能源,4406.653,2.576,67.3,50.0,2020-04-03,PRICE_PERCENTILE
2022-08-24,沪深300,4082.42,1.4336,17.91,50.0,2009-07-10,PRICE_PERCENTILE
2022-08-24,消费,21787.652,2.802,31.31,50.0,2015-03-24,PRICE_PERCENTILE
2022-08-24,科技,2679.048,2.7042,38.47,50.0,2011-09-20,PRICE_PERCENTILE
2022-08-25,医药,10034.084,1.0951,3.73,50.0,2019-03-26,PRICE_PERCENTILE
2022-08-25,半导体,3950.115,1.0638,58.93,50.0,2020-06-02,PRICE_PERCENTILE
2022-08-25,新能源,4329.953,2.5327,65.12,50.0,2020-04-03,PRICE_PERCENTILE
2022-08-25,沪深300,4116.24,1.4451,20.53,50.0,2009-07-10,PRICE_PERCENTILE
2022-08-25,消费,22185.586,2.8501,36.55,50.0,2015-03-24,PRICE_PERCENTILE
2022-08-25,科技,2667.301,2.693,36.39,50.0,2011-09-20,PRICE_PERCENTILE
2022-08-26,医药,10041.226,1.0957,3.88,50.0,2019-03-26,PRICE_PERCENTILE
2022-08-26,半导体,3912.817,1.0476,56.62,50.0,2020-06-02,PRICE_PERCENTILE
2022-08-26,新能源,4318.166,2.5248,64.84,50.0,2020-04-03,PRICE_PERCENTILE
2022-08-26,沪深300,4107.546,1.4429,19.72,50.0,2009-07-10,PRICE_PERCENTILE
2022-08-26,消费,22425.579,2.8821,39.13,50.0,2015-03-24,PRICE_PERCENTILE
2022-08-26,科技,2640.291,2.6673,33.23,50.0,2011-09-20,PRICE_PERCENTILE
2022-08-29,医药,9954.752,1.0869,1.86,50.0,2019-03-26,PRICE_PERCENTILE
2022-08-29,半导体,3962.417,1.0484,59.63,50.0,2020-06-02,PRICE_PERCENTILE
2022-08-29,新能源,4282.804,2.5015,63.36,50.0,2020-04-03,PRICE_PERCENTILE
2022-08-29,沪深300,4089.521,1.4368,18.45,50.0,2009-07-10,PRICE_PERCENTILE
2022-08-29,消费,22200.919,2.8549,36.59,50.0,2015-03-24,PRICE_PERCENTILE
2022-08-29,科技,2630.505,2.6578,31.63,50.0,2011-09-20,PRICE_PERCENTILE
2022-08-30,医药,9936.602,1.0849,1.7,50.0,2019-03-26,PRICE_PERCENTILE
2022-08-30,半导体,3954.211,1.0525,59.34,50.0,2020-06-02,PRICE_PERCENTILE
2022-08-30,新能源,4251.046,2.4854,62.56,50.0,2020-04-03,PRICE_PERCENTILE
2022-08-30,沪深300,4075.794,1.4323,17.49,50.0,2009-07-10,PRICE_PERCENTILE
2022-08-30,消费,22180.994,2.8524,36.38,50.0,2015-03-24,PRICE_PERCENTILE
2022-08-30,科技,2612.142,2.6404,30.19,50.0,2011-09-20,PRICE_PERCENTILE
2022-08-31,医药,10068.684,1.0984,4.79,50.0,2019-03-26,PRICE_PERCENTILE
2022-08-31,半导体,3932.958,1.0387,57.22,50.0,2020-06-02,PRICE_PERCENTILE
2022-08-31,新能源,4099.799,2.4053,59.9,50.0,2020-04-03,PRICE_PERCENTILE
2022-08-31,沪深300,4078.84,1.4332,17.93,50.0,2009-07-10,PRICE_PERCENTILE
2022-08-31,消费,22369.368,2.8751,38.95,50.0,2015-03-24,PRICE_PERCENTILE
2022-08-31,科技,2570.415,2.6006,27.51,50.0,2011-09-20,PRICE_PERCENTILE
2022-09-01,医药,10031.3,1.0945,4.01,50.0,2019-03-26,PRICE_PERCENTILE
2022-09-01,半导体,3932.153,1.0273,57.12,50.0,2020-06-02,PRICE_PERCENTILE
2022-09-01,新能源,4027.345,2.3684,58.43,50.0,2020-04-03,PRICE_PERCENTILE
2022-09-01,沪深300,4043.74,1.4216,16.05,50.0,2009-07-10,PRICE_PERCENTILE
2022-09-01,消费,22061.285,2.8378,34.26,50.0,2015-03-24,PRICE_PERCENTILE
2022-09-01,科技,2533.854,2.5656,25.15,50.0,2011-09-20,PRICE_PERCENTILE
2022-09-02,医药,9970.8,1.0883,2.62,50.0,2019-03-26,PRICE_PERCENTILE
2022-09-02,半导体,3923.637,1.0331,57.01,50.0,2020-06-02,PRICE_PERCENTILE
2022-09-02,新能源,4004.246,2.3544,57.31,50.0,2020-04-03,PRICE_PERCENTILE
2022-09-02,沪深300,4023.613,1.4147,15.56,50.0,2009-07-10,PRICE_PERCENTILE
2022-09-02,消费,21826.31,2.8094,31.43,50.0,2015-03-24,PRICE_PERCENTILE
2022-09-02,科技,2533.023,2.5649,25.12,50.0,2011-09-20,PRICE_PERCENTILE
2022-09-05,医药,9827.665,1.0736,0.46,50.0,2019-03-26,PRICE_PERCENTILE
2022-09-05,半导体,3980.352,1.0269,61.64,50.0,2020-06-02,PRICE_PERCENTILE
2022-09-05,新能源,3988.934,2.3456,57.05,50.0,2020-04-03,PRICE_PERCENTILE
2022-09-05,沪深300,4015.426,1.412,15.08,50.0,2009-07-10,PRICE_PERCENTILE
2022-09-05,消费,21521.237,2.7724,28.62,50.0,2015-03-24,PRICE_PERCENTILE
2022-09-05,科技,2538.204,2.5697,25.69,50.0,2011-09-20,PRICE_PERCENTILE
2022-09-06,医药,9839.201,1.0748,0.77,50.0,2019-03-26,PRICE_PERCENTILE
2022-09-06,半导体,4037.688,1.0391,65.7,50.0,2020-06-02,PRICE_PERCENTILE
2022-09-06,新能源,4034.493,2.3769,58.64,50.0,2020-04-03,PRICE_PERCENTILE
2022-09-06,沪深300,4052.28,1.4243,16.9,50.0,2009-07-10,PRICE_PERCENTILE
2022-09-06,消费,21581.695,2.7798,29.34,50.0,2015-03-24,PRICE_PERCENTILE
2022-09-06,科技,2540.635,2.572,25.96,50.0,2011-09-20,PRICE_PERCENTILE
2022-09-07,医药,9796.925,1.0704,0.46,50.0,2019-03-26,PRICE_PERCENTILE
2022-09-07,半导体,4081.781,1.0597,67.39,50.0,2020-06-02,PRICE_PERCENTILE
2022-09-07,新能源,4124.056,2.4227,60.41,50.0,2020-04-03,PRICE_PERCENTILE
2022-09-07,沪深300,4054.983,1.4253,17.18,50.0,2009-07-10,PRICE_PERCENTILE
2022-09-07,消费,21285.498,2.7439,26.38,50.0,2015-03-24,PRICE_PERCENTILE
2022-09-07,科技,2570.802,2.6008,28.22,50.0,2011-09-20,PRICE_PERCENTILE
2022-09-08,医药,9737.356,1.0643,0.31,50.0,2019-03-26,PRICE_PERCENTILE
2022-09-08,半导体,4059.95,1.0519,66.91,50.0,2020-06-02,PRICE_PERCENTILE
2022-09-08,新能源,4014.065,2.3666,57.77,50.0,2020-04-03,PRICE_PERCENTILE
2022-09-08,沪深300,4037.684,1.4195,16.08,50.0,2009-07-10,PRICE_PERCENTILE
2022-09-08,消费,21256.66,2.7404,26.19,50.0,2015-03-24,PRICE_PERCENTILE
2022-09-08,科技,2523.006,2.555,24.5,50.0,2011-09-20,PRICE_PERCENTILE
2022-09-09,医药,9966.843,1.0877,3.06,50.0,2019-03-26,PRICE_PERCENTILE
2022-09-09,半导体,4112.588,1.0476,69.86,50.0,2020-06-02,PRICE_PERCENTILE
2022-09-09,新能源,4056.433,2.3944,59.36,50.0,2020-04-03,PRICE_PERCENTILE
2022-09-09,沪深300,4093.787,1.4383,20.03,50.0,2009-07-10,PRICE_PERCENTILE
2022-09-09,消费,21505.597,2.7703,28.75,50.0,2015-03-24,PRICE_PERCENTILE
2022-09-09,科技,2548.216,2.5791,26.3,50.0,2011-09-20,PRICE_PERCENTILE
2022-09-13,医药,9837.71,1.0745,1.07,50.0,2019-03-26,PRICE_PERCENTILE
2022-09-13,半导体,4083.208,1.0463,67.39,50.0,2020-06-02,PRICE_PERCENTILE
2022-09-13,新能源,4079.709,2.4107,59.6,50.0,2020-04-03,PRICE_PERCENTILE
2022-09-13,沪深300,4111.115,1.444,21.37,50.0,2009-07-10,PRICE_PERCENTILE
2022-09-13,消费,21842.445,2.8109,32.21,50.0,2015-03-24,PRICE_PERCENTILE
2022-09-13,科技,2550.625,2.5814,26.56,50.0,2011-09-20,PRICE_PERCENTILE
2022-09-14,医药,9787.825,1.0695,0.61,50.0,2019-03-26,PRICE_PERCENTILE
2022-09-14,半导体,4024.989,1.0455,64.57,50.0,2020-06-02,PRICE_PERCENTILE
2022-09-14,新能源,3977.772,2.3613,56.3,50.0,2020-04-03,PRICE_PERCENTILE
2022-09-14,沪深300,4065.359,1.4287,17.53,50.0,2009-07-10,PRICE_PERCENTILE
2022-09-14,消费,21691.381,2.7928,30.64,50.0,2015-03-24,PRICE_PERCENTILE
2022-09-14,科技,2503.824,2.5364,24.09,50.0,2011-09-20,PRICE_PERCENTILE
2022-09-15,医药,9711.364,1.0616,0.3,50.0,2019-03-26,PRICE_PERCENTILE
2022-09-15,半导体,4006.42,1.0125,62.84,50.0,2020-06-02,PRICE_PERCENTILE
2022-09-15,新能源,3817.54,2.271,50.67,50.0,2020-04-03,PRICE_PERCENTILE
2022-09-15,沪深300,4027.119,1.4159,15.68,50.0,2009-07-10,PRICE_PERCENTILE
2022-09-15,消费,21680.934,2.7928,30.44,50.0,2015-03-24,PRICE_PERCENTILE
2022-09-15,科技,2424.192,2.4602,22.07,50.0,2011-09-20,PRICE_PERCENTILE
2022-09-16,医药,9413.536,1.0311,0.15,50.0,2019-03-26,PRICE_PERCENTILE
2022-09-16,半导体,3847.9,1.0001,51.08,50.0,2020-06-02,PRICE_PERCENTILE
2022-09-16,新能源,3727.342,2.2231,47.74,50.0,2020-04-03,PRICE_PERCENTILE
2022-09-16,沪深300,3932.683,1.3845,8.97,50.0,2009-07-10,PRICE_PERCENTILE
2022-09-16,消费,21267.169,2.7425,26.14,50.0,2015-03-24,PRICE_PERCENTILE
2022-09-16,科技,2367.398,2.4059,20.67,50.0,2011-09-20,PRICE_PERCENTILE
2022-09-19,医药,9303.297,1.0198,0.15,50.0,2019-03-26,PRICE_PERCENTILE
2022-09-19,半导体,3841.836,0.9838,50.63,50.0,2020-06-02,PRICE_PERCENTILE
2022-09-19,新能源,3775.099,2.2462,48.83,50.0,2020-04-03,PRICE_PERCENTILE
2022-09-19,沪深300,3928.0,1.3828,8.95,50.0,2009-07-10,PRICE_PERCENTILE
2022-09-19,消费,21454.945,2.765,27.92,50.0,2015-03-24,PRICE_PERCENTILE
2022-09-19,科技,2350.376,2.3894,19.88,50.0,2011-09-20,PRICE_PERCENTILE
2022-09-20,医药,9305.236,1.0199,0.3,50.0,2019-03-26,PRICE_PERCENTILE
2022-09-20,半导体,3814.91,0.9809,48.39,50.0,2020-06-02,PRICE_PERCENTILE
2022-09-20,新能源,3863.563,2.2966,52.92,50.0,2020-04-03,PRICE_PERCENTILE
2022-09-20,沪深300,3932.836,1.3846,9.24,50.0,2009-07-10,PRICE_PERCENTILE
2022-09-20,消费,21556.092,2.7774,29.24,50.0,2015-03-24,PRICE_PERCENTILE
2022-09-20,科技,2366.904,2.405,20.76,50.0,2011-09-20,PRICE_PERCENTILE
2022-09-21,医药,9087.988,0.9977,0.15,50.0,2019-03-26,PRICE_PERCENTILE
2022-09-21,半导体,3848.695,0.9621,51.52,50.0,2020-06-02,PRICE_PERCENTILE
2022-09-21,新能源,3847.519,2.2854,51.67,50.0,2020-04-03,PRICE_PERCENTILE
2022-09-21,沪深300,3903.735,1.3748,7.41,50.0,2009-07-10,PRICE_PERCENTILE
2022-09-21,消费,21236.307,2.7383,25.57,50.0,2015-03-24,PRICE_PERCENTILE
2022-09-21,科技,2331.516,2.3711,19.52,50.0,2011-09-20,PRICE_PERCENTILE
2022-09-22,医药,8917.13,0.9802,0.15,50.0,2019-03-26,PRICE_PERCENTILE
2022-09-22,半导体,3804.59,0.9557,48.04,50.0,2020-06-02,PRICE_PERCENTILE
2022-09-22,新能源,3829.996,2.2755,50.92,50.0,2020-04-03,PRICE_PERCENTILE
2022-09-22,沪深300,3869.344,1.3634,6.5,50.0,2009-07-10,PRICE_PERCENTILE
2022-09-22,消费,20956.865,2.7043,22.66,50.0,2015-03-24,PRICE_PERCENTILE
2022-09-22,科技,2319.419,2.3594,18.73,50.0,2011-09-20,PRICE_PERCENTILE
2022-09-23,医药,8864.125,0.9748,0.15,50.0,2019-03-26,PRICE_PERCENTILE
2022-09-23,半导体,3806.543,0.9336,48.31,50.0,2020-06-02,PRICE_PERCENTILE
2022-09-23,新能源,3788.359,2.249,49.5,50.0,2020-04-03,PRICE_PERCENTILE
2022-09-23,沪深300,3856.021,1.3589,6.03,50.0,2009-07-10,PRICE_PERCENTILE
2022-09-23,消费,20992.928,2.7087,23.08,50.0,2015-03-24,PRICE_PERCENTILE
2022-09-23,科技,2303.905,2.3445,18.25,50.0,2011-09-20,PRICE_PERCENTILE
2022-09-26,医药,8812.419,0.9692,0.15,50.0,2019-03-26,PRICE_PERCENTILE
2022-09-26,半导体,3708.898,0.9349,39.72,50.0,2020-06-02,PRICE_PERCENTILE
2022-09-26,新能源,3833.273,2.2747,51.24,50.0,2020-04-03,PRICE_PERCENTILE
2022-09-26,沪深300,3836.677,1.3524,5.27,50.0,2009-07-10,PRICE_PERCENTILE
2022-09-26,消费,21115.18,2.7233,23.49,50.0,2015-03-24,PRICE_PERCENTILE
2022-09-26,科技,2323.052,2.3629,19.43,50.0,2011-09-20,PRICE_PERCENTILE
2022-09-27,医药,9262.702,1.0159,0.75,50.0,2019-03-26,PRICE_PERCENTILE
2022-09-27,半导体,3741.173,0.9517,43.54,50.0,2020-06-02,PRICE_PERCENTILE
2022-09-27,新能源,3836.95,2.2744,51.49,50.0,2020-04-03,PRICE_PERCENTILE
2022-09-27,沪深300,3892.295,1.3709,7.22,50.0,2009-07-10,PRICE_PERCENTILE
2022-09-27,消费,21770.307,2.8029,32.33,50.0,2015-03-24,PRICE_PERCENTILE
2022-09-27,科技,2374.737,2.4124,21.8,50.0,2011-09-20,PRICE_PERCENTILE
2022-09-28,医药,9189.481,1.0083,0.75,50.0,2019-03-26,PRICE_PERCENTILE
2022-09-28,半导体,3659.179,0.9278,33.75,50.0,2020-06-02,PRICE_PERCENTILE
2022-09-28,新能源,3670.915,2.1808,45.29,50.0,2020-04-03,PRICE_PERCENTILE
2022-09-28,沪深300,3828.71,1.3498,4.95,50.0,2009-07-10,PRICE_PERCENTILE
2022-09-28,消费,21687.733,2.793,31.23,50.0,2015-03-24,PRICE_PERCENTILE
2022-09-28,科技,2313.77,2.3546,18.47,50.0,2011-09-20,PRICE_PERCENTILE
2022-09-29,医药,9359.282,1.0259,1.35,50.0,2019-03-26,PRICE_PERCENTILE
2022-09-29,半导体,3628.177,0.9287,29.28,50.0,2020-06-02,PRICE_PERCENTILE
2022-09-29,新能源,3705.309,2.2045,46.2,50.0,2020-04-03,PRICE_PERCENTILE
2022-09-29,沪深300,3827.143,1.3492,4.8,50.0,2009-07-10,PRICE_PERCENTILE
2022-09-29,消费,21646.393,2.7877,30.73,50.0,2015-03-24,PRICE_PERCENTILE
2022-09-29,科技,2332.995,2.3725,20.09,50.0,2011-09-20,PRICE_PERCENTILE
2022-09-30,医药,9366.443,1.0266,1.5,50.0,2019-03-26,PRICE_PERCENTILE
2022-09-30,半导体,3640.151,0.9124,31.87,50.0,2020-06-02,PRICE_PERCENTILE
2022-09-30,新能源,3581.553,2.1363,41.68,50.0,2020-04-03,PRICE_PERCENTILE
2022-09-30,沪深300,3804.885,1.3417,4.04,50.0,2009-07-10,PRICE_PERCENTILE
2022-09-30,消费,21594.876,2.7814,30.39,50.0,2015-03-24,PRICE_PERCENTILE
2022-09-30,科技,2288.969,2.3302,17.96,50.0,2011-09-20,PRICE_PERCENTILE
2022-10-10,医药,9131.457,1.0021,0.75,50.0,2019-03-26,PRICE_PERCENTILE
2022-10-10,半导体,3641.952,0.8604,31.99,50.0,2020-06-02,PRICE_PERCENTILE
2022-10-10,新能源,3495.118,2.0851,40.13,50.0,2020-04-03,PRICE_PERCENTILE
2022-10-10,沪深300,3720.937,1.3134,2.09,50.0,2009-07-10,PRICE_PERCENTILE
2022-10-10,消费,20997.668,2.7087,23.02,50.0,2015-03-24,PRICE_PERCENTILE
2022-10-10,科技,2236.245,2.2794,16.59,50.0,2011-09-20,PRICE_PERCENTILE
2022-10-11,医药,9036.764,0.9924,0.6,50.0,2019-03-26,PRICE_PERCENTILE
2022-10-11,半导体,3645.967,0.8484,32.46,50.0,2020-06-02,PRICE_PERCENTILE
2022-10-11,新能源,3601.193,2.1391,42.36,50.0,2020-04-03,PRICE_PERCENTILE
2022-10-11,沪深300,3727.687,1.3156,2.39,50.0,2009-07-10,PRICE_PERCENTILE
2022-10-11,消费,21021.148,2.7115,23.13,50.0,2015-03-24,PRICE_PERCENTILE
2022-10-11,科技,2261.892,2.3039,17.01,50.0,2011-09-20,PRICE_PERCENTILE
2022-10-12,医药,9103.489,0.9993,0.89,50.0,2019-03-26,PRICE_PERCENTILE
2022-10-12,半导体,3709.192,0.8761,40.28,50.0,2020-06-02,PRICE_PERCENTILE
2022-10-12,新能源,3738.932,2.2122,47.87,50.0,2020-04-03,PRICE_PERCENTILE
2022-10-12,沪深300,3784.306,1.3344,3.43,50.0,2009-07-10,PRICE_PERCENTILE
2022-10-12,消费,21012.986,2.7105,23.1,50.0,2015-03-24,PRICE_PERCENTILE
2022-10-12,科技,2343.3,2.382,20.72,50.0,2011-09-20,PRICE_PERCENTILE
2022-10-13,医药,9340.117,1.0238,1.79,50.0,2019-03-26,PRICE_PERCENTILE
2022-10-13,半导体,3678.833,0.8702,36.36,50.0,2020-06-02,PRICE_PERCENTILE
2022-10-13,新能源,3694.456,2.1889,45.99,50.0,2020-04-03,PRICE_PERCENTILE
2022-10-13,沪深300,3752.673,1.3242,2.83,50.0,2009-07-10,PRICE_PERCENTILE
2022-10-13,消费,20920.608,2.6994,22.02,50.0,2015-03-24,PRICE_PERCENTILE
2022-10-13,科技,2350.686,2.3891,21.28,50.0,2011-09-20,PRICE_PERCENTILE
2022-10-14,医药,10078.818,1.0998,8.47,50.0,2019-03-26,PRICE_PERCENTILE
2022-10-14,半导体,3723.356,0.8954,42.58,50.0,2020-06-02,PRICE_PERCENTILE
2022-10-14,新能源,3761.279,2.2225,48.53,50.0,2020-04-03,PRICE_PERCENTILE
2022-10-14,沪深300,3842.47,1.3542,6.69,50.0,2009-07-10,PRICE_PERCENTILE
2022-10-14,消费,21201.753,2.7332,25.56,50.0,2015-03-24,PRICE_PERCENTILE
2022-10-14,科技,2434.219,2.4673,24.22,50.0,2011-09-20,PRICE_PERCENTILE
2022-10-17,医药,10163.409,1.1084,9.94,50.0,2019-03-26,PRICE_PERCENTILE
2022-10-17,半导体,3745.825,0.9096,44.6,50.0,2020-06-02,PRICE_PERCENTILE
2022-10-17,新能源,3744.005,2.2124,48.12,50.0,2020-04-03,PRICE_PERCENTILE
2022-10-17,沪深300,3846.412,1.3554,6.97,50.0,2009-07-10,PRICE_PERCENTILE
2022-10-17,消费,21065.596,2.7168,23.59,50.0,2015-03-24,PRICE_PERCENTILE
2022-10-17,科技,2435.023,2.4679,24.33,50.0,2011-09-20,PRICE_PERCENTILE
2022-10-18,医药,10334.803,1.1259,13.19,50.0,2019-03-26,PRICE_PERCENTILE
2022-10-18,半导体,3740.681,0.9034,44.17,50.0,2020-06-02,PRICE_PERCENTILE
2022-10-18,新能源,3765.903,2.224,48.7,50.0,2020-04-03,PRICE_PERCENTILE
2022-10-18,沪深300,3838.267,1.3527,6.37,50.0,2009-07-10,PRICE_PERCENTILE
2022-10-18,消费,20968.545,2.705,22.52,50.0,2015-03-24,PRICE_PERCENTILE
2022-10-18,科技,2446.928,2.479,24.59,50.0,2011-09-20,PRICE_PERCENTILE
2022-10-19,医药,10120.625,1.1036,9.32,50.0,2019-03-26,PRICE_PERCENTILE
2022-10-19,半导体,3715.925,0.8952,41.15,50.0,2020-06-02,PRICE_PERCENTILE
2022-10-19,新能源,3770.247,2.2253,48.78,50.0,2020-04-03,PRICE_PERCENTILE
2022-10-19,沪深300,3776.534,1.3321,3.25,50.0,2009-07-10,PRICE_PERCENTILE
2022-10-19,消费,20305.204,2.6248,17.75,50.0,2015-03-24,PRICE_PERCENTILE
2022-10-19,科技,2425.957,2.4589,23.96,50.0,2011-09-20,PRICE_PERCENTILE
2022-10-20,医药,10155.292,1.1072,10.04,50.0,2019-03-26,PRICE_PERCENTILE
2022-10-20,半导体,3692.237,0.9245,37.61,50.0,2020-06-02,PRICE_PERCENTILE
2022-10-20,新能源,3674.913,2.1727,45.29,50.0,2020-04-03,PRICE_PERCENTILE
2022-10-20,沪深300,3754.927,1.3256,3.1,50.0,2009-07-10,PRICE_PERCENTILE
2022-10-20,消费,20247.747,2.6177,17.73,50.0,2015-03-24,PRICE_PERCENTILE
2022-10-20,科技,2401.716,2.4357,23.04,50.0,2011-09-20,PRICE_PERCENTILE
2022-10-21,医药,10148.936,1.1065,10.03,50.0,2019-03-26,PRICE_PERCENTILE
2022-10-21,半导体,3763.031,0.9108,46.54,50.0,2020-06-02,PRICE_PERCENTILE
2022-10-21,新能源,3649.816,2.1579,44.57,50.0,2020-04-03,PRICE_PERCENTILE
2022-10-21,沪深300,3742.893,1.3216,2.8,50.0,2009-07-10,PRICE_PERCENTILE
2022-10-21,消费,20036.311,2.5921,17.55,50.0,2015-03-24,PRICE_PERCENTILE
2022-10-21,科技,2395.157,2.4296,23.01,50.0,2011-09-20,PRICE_PERCENTILE
2022-10-24,医药,9809.053,1.0715,3.24,50.0,2019-03-26,PRICE_PERCENTILE
2022-10-24,半导体,3681.253,0.908,36.44,50.0,2020-06-02,PRICE_PERCENTILE
2022-10-24,新能源,3600.339,2.1369,41.75,50.0,2020-04-03,PRICE_PERCENTILE
2022-10-24,沪深300,3633.373,1.2849,0.59,50.0,2009-07-10,PRICE_PERCENTILE
2022-10-24,消费,19091.401,2.4781,16.79,50.0,2015-03-24,PRICE_PERCENTILE
2022-10-24,科技,2336.838,2.3738,20.32,50.0,2011-09-20,PRICE_PERCENTILE
2022-10-25,医药,9618.263,1.0519,2.35,50.0,2019-03-26,PRICE_PERCENTILE
2022-10-25,半导体,3720.453,0.905,41.9,50.0,2020-06-02,PRICE_PERCENTILE
2022-10-25,新能源,3630.258,2.1537,43.46,50.0,2020-04-03,PRICE_PERCENTILE
2022-10-25,沪深300,3627.454,1.2829,0.59,50.0,2009-07-10,PRICE_PERCENTILE
2022-10-25,消费,19060.688,2.4743,16.76,50.0,2015-03-24,PRICE_PERCENTILE
2022-10-25,科技,2314.551,2.3524,18.68,50.0,2011-09-20,PRICE_PERCENTILE
2022-10-26,医药,10111.214,1.1025,9.54,50.0,2019-03-26,PRICE_PERCENTILE
2022-10-26,半导体,3734.201,0.9325,43.89,50.0,2020-06-02,PRICE_PERCENTILE
2022-10-26,新能源,3642.906,2.1603,43.87,50.0,2020-04-03,PRICE_PERCENTILE
2022-10-26,沪深300,3656.903,1.2928,1.17,50.0,2009-07-10,PRICE_PERCENTILE
2022-10-26,消费,18915.108,2.4568,16.45,50.0,2015-03-24,PRICE_PERCENTILE
2022-10-26,科技,2372.876,2.4083,22.61,50.0,2011-09-20,PRICE_PERCENTILE
2022-10-27,医药,10030.385,1.0942,7.62,50.0,2019-03-26,PRICE_PERCENTILE
2022-10-27,半导体,3751.073,0.9348,45.7,50.0,2020-06-02,PRICE_PERCENTILE
2022-10-27,新能源,3596.445,2.1348,41.38,50.0,2020-04-03,PRICE_PERCENTILE
2022-10-27,沪深300,3631.145,1.2844,0.73,50.0,2009-07-10,PRICE_PERCENTILE
2022-10-27,消费,18368.605,2.3902,15.25,50.0,2015-03-24,PRICE_PERCENTILE
2022-10-27,科技,2337.253,2.3748,20.53,50.0,2011-09-20,PRICE_PERCENTILE
2022-10-28,医药,9821.232,1.0728,3.51,50.0,2019-03-26,PRICE_PERCENTILE
2022-10-28,半导体,3663.74,0.9183,33.96,50.0,2020-06-02,PRICE_PERCENTILE
2022-10-28,新能源,3409.522,2.0315,37.3,50.0,2020-04-03,PRICE_PERCENTILE
2022-10-28,沪深300,3541.33,1.2542,0.29,50.0,2009-07-10,PRICE_PERCENTILE
2022-10-28,消费,17907.986,2.3343,13.03,50.0,2015-03-24,PRICE_PERCENTILE
2022-10-28,科技,2250.51,2.2923,16.54,50.0,2011-09-20,PRICE_PERCENTILE
2022-10-31,医药,9767.59,1.0673,3.07,50.0,2019-03-26,PRICE_PERCENTILE
2022-10-31,半导体,3568.476,0.9297,20.72,50.0,2020-06-02,PRICE_PERCENTILE
2022-10-31,新能源,3465.524,2.0596,38.84,50.0,2020-04-03,PRICE_PERCENTILE
2022-10-31,沪深300,3508.703,1.2433,0.15,50.0,2009-07-10,PRICE_PERCENTILE
2022-10-31,消费,17692.661,2.308,11.99,50.0,2015-03-24,PRICE_PERCENTILE
2022-10-31,科技,2265.078,2.3063,17.25,50.0,2011-09-20,PRICE_PERCENTILE
2022-11-01,医药,10119.697,1.1036,10.07,50.0,2019-03-26,PRICE_PERCENTILE
2022-11-01,半导体,3662.907,0.9429,34.02,50.0,2020-06-02,PRICE_PERCENTILE
2022-11-01,新能源,3607.967,2.139,42.47,50.0,2020-04-03,PRICE_PERCENTILE
2022-11-01,沪深300,3634.173,1.2853,1.31,50.0,2009-07-10,PRICE_PERCENTILE
2022-11-01,消费,18707.608,2.4316,16.79,50.0,2015-03-24,PRICE_PERCENTILE
2022-11-01,科技,2337.653,2.3763,20.88,50.0,2011-09-20,PRICE_PERCENTILE
2022-11-02,医药,10267.915,1.1186,13.12,50.0,2019-03-26,PRICE_PERCENTILE
2022-11-02,半导体,3675.05,0.9457,35.49,50.0,2020-06-02,PRICE_PERCENTILE
2022-11-02,新能源,3685.901,2.1855,46.24,50.0,2020-04-03,PRICE_PERCENTILE
2022-11-02,沪深300,3677.805,1.3001,2.19,50.0,2009-07-10,PRICE_PERCENTILE
2022-11-02,消费,19029.823,2.4709,17.35,50.0,2015-03-24,PRICE_PERCENTILE
2022-11-02,科技,2375.862,2.4129,23.32,50.0,2011-09-20,PRICE_PERCENTILE
2022-11-03,医药,10191.956,1.1108,11.79,50.0,2019-03-26,PRICE_PERCENTILE
2022-11-03,半导体,3661.67,0.9705,33.73,50.0,2020-06-02,PRICE_PERCENTILE
2022-11-03,新能源,3671.98,2.1813,45.85,50.0,2020-04-03,PRICE_PERCENTILE
2022-11-03,沪深300,3647.897,1.2901,1.6,50.0,2009-07-10,PRICE_PERCENTILE
2022-11-03,消费,18794.385,2.4422,16.89,50.0,2015-03-24,PRICE_PERCENTILE
2022-11-03,科技,2376.061,2.4131,23.44,50.0,2011-09-20,PRICE_PERCENTILE
2022-11-04,医药,10421.616,1.134,16.42,50.0,2019-03-26,PRICE_PERCENTILE
2022-11-04,半导体,3720.833,0.988,42.52,50.0,2020-06-02,PRICE_PERCENTILE
2022-11-04,新能源,3852.319,2.2864,53.91,50.0,2020-04-03,PRICE_PERCENTILE
2022-11-04,沪深300,3767.175,1.3301,4.65,50.0,2009-07-10,PRICE_PERCENTILE
2022-11-04,消费,19540.351,2.5327,18.31,50.0,2015-03-24,PRICE_PERCENTILE
2022-11-04,科技,2451.223,2.4848,26.02,50.0,2011-09-20,PRICE_PERCENTILE
2022-11-07,医药,10399.966,1.1317,16.26,50.0,2019-03-26,PRICE_PERCENTILE
2022-11-07,半导体,3748.117,0.9805,46.01,50.0,2020-06-02,PRICE_PERCENTILE
2022-11-07,新能源,3879.821,2.3044,55.73,50.0,2020-04-03,PRICE_PERCENTILE
2022-11-07,沪深300,3775.297,1.3328,4.93,50.0,2009-07-10,PRICE_PERCENTILE
2022-11-07,消费,19660.574,2.5472,18.58,50.0,2015-03-24,PRICE_PERCENTILE
2022-11-07,科技,2454.694,2.4882,26.27,50.0,2011-09-20,PRICE_PERCENTILE
2022-11-08,医药,10266.235,1.1182,13.19,50.0,2019-03-26,PRICE_PERCENTILE
2022-11-08,半导体,3745.181,0.9683,45.42,50.0,2020-06-02,PRICE_PERCENTILE
2022-11-08,新能源,3875.61,2.3042,55.33,50.0,2020-04-03,PRICE_PERCENTILE
2022-11-08,沪深300,3749.325,1.324,4.2,50.0,2009-07-10,PRICE_PERCENTILE
2022-11-08,消费,19371.105,2.5119,18.26,50.0,2015-03-24,PRICE_PERCENTILE
2022-11-08,科技,2432.403,2.4668,25.36,50.0,2011-09-20,PRICE_PERCENTILE
2022-11-09,医药,10284.0,1.1199,13.6,50.0,2019-03-26,PRICE_PERCENTILE
2022-11-09,半导体,3732.265,0.9584,43.99,50.0,2020-06-02,PRICE_PERCENTILE
2022-11-09,新能源,3802.14,2.2678,51.9,50.0,2020-04-03,PRICE_PERCENTILE
2022-11-09,沪深300,3714.27,1.3124,3.33,50.0,2009-07-10,PRICE_PERCENTILE
2022-11-09,消费,19079.278,2.4764,17.66,50.0,2015-03-24,PRICE_PERCENTILE
2022-11-09,科技,2399.336,2.4352,24.02,50.0,2011-09-20,PRICE_PERCENTILE
2022-11-10,医药,10214.541,1.1127,12.57,50.0,2019-03-26,PRICE_PERCENTILE
2022-11-10,半导体,3718.209,0.9364,41.55,50.0,2020-06-02,PRICE_PERCENTILE
2022-11-10,新能源,3694.046,2.2055,46.28,50.0,2020-04-03,PRICE_PERCENTILE
2022-11-10,沪深300,3685.689,1.3028,2.46,50.0,2009-07-10,PRICE_PERCENTILE
2022-11-10,消费,19286.923,2.5018,18.21,50.0,2015-03-24,PRICE_PERCENTILE
2022-11-10,科技,2357.125,2.3947,21.82,50.0,2011-09-20,PRICE_PERCENTILE
2022-11-11,医药,10204.184,1.1117,11.98,50.0,2019-03-26,PRICE_PERCENTILE
2022-11-11,半导体,3813.031,0.948,50.93,50.0,2020-06-02,PRICE_PERCENTILE
2022-11-11,新能源,3784.587,2.2488,50.16,50.0,2020-04-03,PRICE_PERCENTILE
2022-11-11,沪深300,3788.439,1.3373,6.2,50.0,2009-07-10,PRICE_PERCENTILE
2022-11-11,消费,19729.627,2.5554,19.05,50.0,2015-03-24,PRICE_PERCENTILE
2022-11-11,科技,2405.318,2.4405,24.53,50.0,2011-09-20,PRICE_PERCENTILE
2022-11-14,医药,10525.294,1.1441,18.73,50.0,2019-03-26,PRICE_PERCENTILE
2022-11-14,半导体,3801.545,0.9524,50.34,50.0,2020-06-02,PRICE_PERCENTILE
2022-11-14,新能源,3679.06,2.1876,45.81,50.0,2020-04-03,PRICE_PERCENTILE
2022-11-14,沪深300,3794.017,1.3389,6.48,50.0,2009-07-10,PRICE_PERCENTILE
2022-11-14,消费,19607.903,2.5405,18.88,50.0,2015-03-24,PRICE_PERCENTILE
2022-11-14,科技,2375.207,2.4113,23.2,50.0,2011-09-20,PRICE_PERCENTILE
2022-11-15,医药,10590.252,1.1508,20.14,50.0,2019-03-26,PRICE_PERCENTILE
2022-11-15,半导体,3843.207,1.0075,53.45,50.0,2020-06-02,PRICE_PERCENTILE
2022-11-15,新能源,3762.792,2.2344,49.21,50.0,2020-04-03,PRICE_PERCENTILE
2022-11-15,沪深300,3865.973,1.3631,10.36,50.0,2009-07-10,PRICE_PERCENTILE
2022-11-15,消费,19942.807,2.5813,19.28,50.0,2015-03-24,PRICE_PERCENTILE
2022-11-15,科技,2431.733,2.4656,25.76,50.0,2011-09-20,PRICE_PERCENTILE
2022-11-16,医药,10581.251,1.1499,19.97,50.0,2019-03-26,PRICE_PERCENTILE
2022-11-16,半导体,3814.811,0.9938,51.01,50.0,2020-06-02,PRICE_PERCENTILE
2022-11-16,新能源,3673.281,2.186,45.35,50.0,2020-04-03,PRICE_PERCENTILE
2022-11-16,沪深300,3834.39,1.3525,8.76,50.0,2009-07-10,PRICE_PERCENTILE
2022-11-16,消费,19950.606,2.582,19.4,50.0,2015-03-24,PRICE_PERCENTILE
2022-11-16,科技,2402.905,2.4379,24.43,50.0,2011-09-20,PRICE_PERCENTILE
2022-11-17,医药,10612.146,1.153,20.66,50.0,2019-03-26,PRICE_PERCENTILE
2022-11-17,半导体,3813.082,1.0129,50.92,50.0,2020-06-02,PRICE_PERCENTILE
2022-11-17,新能源,3599.362,2.1421,40.88,50.0,2020-04-03,PRICE_PERCENTILE
2022-11-17,沪深300,3818.664,1.3472,7.6,50.0,2009-07-10,PRICE_PERCENTILE
2022-11-17,消费,19853.889,2.5704,19.23,50.0,2015-03-24,PRICE_PERCENTILE
2022-11-17,科技,2385.861,2.4213,23.96,50.0,2011-09-20,PRICE_PERCENTILE
2022-11-18,医药,10770.846,1.1693,22.06,50.0,2019-03-26,PRICE_PERCENTILE
2022-11-18,半导体,3773.119,0.9891,47.66,50.0,2020-06-02,PRICE_PERCENTILE
2022-11-18,新能源,3577.752,2.1263,40.03,50.0,2020-04-03,PRICE_PERCENTILE
2022-11-18,沪深300,3801.569,1.3415,7.02,50.0,2009-07-10,PRICE_PERCENTILE
2022-11-18,消费,19807.732,2.5646,19.2,50.0,2015-03-24,PRICE_PERCENTILE
2022-11-18,科技,2389.76,2.425,24.07,50.0,2011-09-20,PRICE_PERCENTILE
2022-11-21,医药,10712.138,1.1634,21.75,50.0,2019-03-26,PRICE_PERCENTILE
2022-11-21,半导体,3751.895,0.9804,46.24,50.0,2020-06-02,PRICE_PERCENTILE
2022-11-21,新能源,3619.31,2.1504,42.48,50.0,2020-04-03,PRICE_PERCENTILE
2022-11-21,沪深300,3769.127,1.3306,5.15,50.0,2009-07-10,PRICE_PERCENTILE
2022-11-21,消费,19457.499,2.5221,18.45,50.0,2015-03-24,PRICE_PERCENTILE
2022-11-21,科技,2387.295,2.4225,24.03,50.0,2011-09-20,PRICE_PERCENTILE
2022-11-22,医药,10413.528,1.1331,16.86,50.0,2019-03-26,PRICE_PERCENTILE
2022-11-22,半导体,3908.451,0.9694,58.0,50.0,2020-06-02,PRICE_PERCENTILE
2022-11-22,新能源,3538.028,2.1033,39.44,50.0,2020-04-03,PRICE_PERCENTILE
2022-11-22,沪深300,3769.573,1.3306,5.43,50.0,2009-07-10,PRICE_PERCENTILE
2022-11-22,消费,19411.192,2.5165,18.43,50.0,2015-03-24,PRICE_PERCENTILE
2022-11-22,科技,2343.554,2.3805,20.86,50.0,2011-09-20,PRICE_PERCENTILE
2022-11-23,医药,10200.462,1.1114,11.84,50.0,2019-03-26,PRICE_PERCENTILE
2022-11-23,半导体,3992.405,0.9671,64.73,50.0,2020-06-02,PRICE_PERCENTILE
2022-11-23,新能源,3555.995,2.1128,39.69,50.0,2020-04-03,PRICE_PERCENTILE
2022-11-23,沪深300,3773.529,1.332,5.56,50.0,2009-07-10,PRICE_PERCENTILE
2022-11-23,消费,19287.391,2.5013,18.12,50.0,2015-03-24,PRICE_PERCENTILE
2022-11-23,科技,2340.337,2.3775,20.54,50.0,2011-09-20,PRICE_PERCENTILE
2022-11-24,医药,10294.995,1.1211,14.1,50.0,2019-03-26,PRICE_PERCENTILE
2022-11-24,半导体,3926.818,0.9586,59.3,50.0,2020-06-02,PRICE_PERCENTILE
2022-11-24,新能源,3562.537,2.1175,39.94,50.0,2020-04-03,PRICE_PERCENTILE
2022-11-24,沪深300,3756.808,1.3263,4.99,50.0,2009-07-10,PRICE_PERCENTILE
2022-11-24,消费,19154.022,2.4851,17.66,50.0,2015-03-24,PRICE_PERCENTILE
2022-11-24,科技,2335.524,2.3728,20.09,50.0,2011-09-20,PRICE_PERCENTILE
2022-11-25,医药,10223.982,1.1135,12.94,50.0,2019-03-26,PRICE_PERCENTILE
2022-11-25,半导体,4017.204,0.949,66.67,50.0,2020-06-02,PRICE_PERCENTILE
2022-11-25,新能源,3486.536,2.0734,38.16,50.0,2020-04-03,PRICE_PERCENTILE
2022-11-25,沪深300,3775.776,1.3326,5.97,50.0,2009-07-10,PRICE_PERCENTILE
2022-11-25,消费,19171.18,2.4871,17.78,50.0,2015-03-24,PRICE_PERCENTILE
2022-11-25,科技,2309.36,2.3477,18.07,50.0,2011-09-20,PRICE_PERCENTILE
2022-11-28,医药,10108.978,1.1015,9.66,50.0,2019-03-26,PRICE_PERCENTILE
2022-11-28,半导体,3988.691,0.9353,64.24,50.0,2020-06-02,PRICE_PERCENTILE
2022-11-28,新能源,3467.313,2.0613,37.79,50.0,2020-04-03,PRICE_PERCENTILE
2022-11-28,沪深300,3733.242,1.3183,4.12,50.0,2009-07-10,PRICE_PERCENTILE
2022-11-28,消费,19145.017,2.4843,17.61,50.0,2015-03-24,PRICE_PERCENTILE
2022-11-28,科技,2298.802,2.3379,17.9,50.0,2011-09-20,PRICE_PERCENTILE
2022-11-29,医药,10377.385,1.1293,16.45,50.0,2019-03-26,PRICE_PERCENTILE
2022-11-29,半导体,4096.233,0.9475,71.24,50.0,2020-06-02,PRICE_PERCENTILE
2022-11-29,新能源,3495.232,2.0741,38.66,50.0,2020-04-03,PRICE_PERCENTILE
2022-11-29,沪深300,3848.422,1.3569,10.92,50.0,2009-07-10,PRICE_PERCENTILE
2022-11-29,消费,19779.412,2.5614,19.86,50.0,2015-03-24,PRICE_PERCENTILE
2022-11-29,科技,2339.793,2.3771,20.85,50.0,2011-09-20,PRICE_PERCENTILE
2022-11-30,医药,10309.694,1.1223,14.73,50.0,2019-03-26,PRICE_PERCENTILE
2022-11-30,半导体,4061.2,0.9449,69.31,50.0,2020-06-02,PRICE_PERCENTILE
2022-11-30,新能源,3558.063,2.108,40.0,50.0,2020-04-03,PRICE_PERCENTILE
2022-11-30,沪深300,3853.037,1.3584,11.19,50.0,2009-07-10,PRICE_PERCENTILE
2022-11-30,消费,19782.377,2.5616,19.97,50.0,2015-03-24,PRICE_PERCENTILE
2022-11-30,科技,2345.313,2.3823,21.53,50.0,2011-09-20,PRICE_PERCENTILE
2022-12-01,医药,10395.07,1.1309,17.11,50.0,2019-03-26,PRICE_PERCENTILE
2022-12-01,半导体,4028.403,0.9573,67.38,50.0,2020-06-02,PRICE_PERCENTILE
2022-12-01,新能源,3616.761,2.1403,42.88,50.0,2020-04-03,PRICE_PERCENTILE
2022-12-01,沪深300,3894.769,1.3725,12.73,50.0,2009-07-10,PRICE_PERCENTILE
2022-12-01,消费,20354.244,2.6312,21.5,50.0,2015-03-24,PRICE_PERCENTILE
2022-12-01,科技,2381.183,2.4168,24.33,50.0,2011-09-20,PRICE_PERCENTILE
2022-12-02,医药,10339.745,1.1253,15.68,50.0,2019-03-26,PRICE_PERCENTILE
2022-12-02,半导体,4032.8,0.9498,67.6,50.0,2020-06-02,PRICE_PERCENTILE
2022-12-02,新能源,3600.643,2.1325,41.89,50.0,2020-04-03,PRICE_PERCENTILE
2022-12-02,沪深300,3870.948,1.3646,12.29,50.0,2009-07-10,PRICE_PERCENTILE
2022-12-02,消费,20432.15,2.6406,21.89,50.0,2015-03-24,PRICE_PERCENTILE
2022-12-02,科技,2383.322,2.4188,24.72,50.0,2011-09-20,PRICE_PERCENTILE
2022-12-05,医药,10364.884,1.1277,16.22,50.0,2019-03-26,PRICE_PERCENTILE
2022-12-05,半导体,4259.036,0.9549,83.09,50.0,2020-06-02,PRICE_PERCENTILE
2022-12-05,新能源,3593.841,2.1251,41.2,50.0,2020-04-03,PRICE_PERCENTILE
2022-12-05,沪深300,3946.876,1.3897,15.94,50.0,2009-07-10,PRICE_PERCENTILE
2022-12-05,消费,20727.268,2.6763,24.12,50.0,2015-03-24,PRICE_PERCENTILE
2022-12-05,科技,2377.107,2.4128,24.12,50.0,2011-09-20,PRICE_PERCENTILE
2022-12-06,医药,10297.211,1.1207,14.37,50.0,2019-03-26,PRICE_PERCENTILE
2022-12-06,半导体,4185.14,0.971,76.39,50.0,2020-06-02,PRICE_PERCENTILE
2022-12-06,新能源,3641.679,2.1554,44.53,50.0,2020-04-03,PRICE_PERCENTILE
2022-12-06,沪深300,3968.198,1.3969,17.61,50.0,2009-07-10,PRICE_PERCENTILE
2022-12-06,消费,21211.148,2.7351,29.44,50.0,2015-03-24,PRICE_PERCENTILE
2022-12-06,科技,2393.281,2.4282,25.35,50.0,2011-09-20,PRICE_PERCENTILE
2022-12-07,医药,10382.273,1.1293,17.02,50.0,2019-03-26,PRICE_PERCENTILE
2022-12-07,半导体,4132.66,0.9627,73.65,50.0,2020-06-02,PRICE_PERCENTILE
2022-12-07,新能源,3720.529,2.1988,48.77,50.0,2020-04-03,PRICE_PERCENTILE
2022-12-07,沪深300,3958.441,1.3937,16.74,50.0,2009-07-10,PRICE_PERCENTILE
2022-12-07,消费,21287.654,2.7445,31.08,50.0,2015-03-24,PRICE_PERCENTILE
2022-12-07,科技,2414.043,2.4481,26.44,50.0,2011-09-20,PRICE_PERCENTILE
2022-12-08,医药,10385.786,1.1296,17.42,50.0,2019-03-26,PRICE_PERCENTILE
2022-12-08,半导体,4132.961,0.9512,73.69,50.0,2020-06-02,PRICE_PERCENTILE
2022-12-08,新能源,3718.85,2.1973,48.39,50.0,2020-04-03,PRICE_PERCENTILE
2022-12-08,沪深300,3959.18,1.3939,17.13,50.0,2009-07-10,PRICE_PERCENTILE
2022-12-08,消费,21138.471,2.7263,28.37,50.0,2015-03-24,PRICE_PERCENTILE
2022-12-08,科技,2411.812,2.4459,26.4,50.0,2011-09-20,PRICE_PERCENTILE
2022-12-09,医药,10424.788,1.1338,18.79,50.0,2019-03-26,PRICE_PERCENTILE
2022-12-09,半导体,4120.763,0.9615,72.76,50.0,2020-06-02,PRICE_PERCENTILE
2022-12-09,新能源,3706.761,2.1907,48.01,50.0,2020-04-03,PRICE_PERCENTILE
2022-12-09,沪深300,3998.244,1.4063,20.2,50.0,2009-07-10,PRICE_PERCENTILE
2022-12-09,消费,21551.603,2.7771,33.8,50.0,2015-03-24,PRICE_PERCENTILE
2022-12-09,科技,2420.629,2.4555,26.93,50.0,2011-09-20,PRICE_PERCENTILE
2022-12-12,医药,10533.74,1.1448,20.31,50.0,2019-03-26,PRICE_PERCENTILE
2022-12-12,半导体,4029.959,0.9787,66.94,50.0,2020-06-02,PRICE_PERCENTILE
2022-12-12,新能源,3658.21,2.1633,45.64,50.0,2020-04-03,PRICE_PERCENTILE
2022-12-12,沪深300,3953.443,1.3912,16.25,50.0,2009-07-10,PRICE_PERCENTILE
2022-12-12,消费,21293.53,2.7458,31.23,50.0,2015-03-24,PRICE_PERCENTILE
2022-12-12,科技,2401.522,2.4371,25.63,50.0,2011-09-20,PRICE_PERCENTILE
2022-12-13,医药,10452.159,1.1366,19.44,50.0,2019-03-26,PRICE_PERCENTILE
2022-12-13,半导体,4035.367,0.9643,67.15,50.0,2020-06-02,PRICE_PERCENTILE
2022-12-13,新能源,3602.354,2.1309,41.9,50.0,2020-04-03,PRICE_PERCENTILE
2022-12-13,沪深300,3945.681,1.3886,15.8,50.0,2009-07-10,PRICE_PERCENTILE
2022-12-13,消费,21515.114,2.7725,33.57,50.0,2015-03-24,PRICE_PERCENTILE
2022-12-13,科技,2376.205,2.4128,23.92,50.0,2011-09-20,PRICE_PERCENTILE
2022-12-14,医药,10355.902,1.1269,16.06,50.0,2019-03-26,PRICE_PERCENTILE
2022-12-14,半导体,4004.02,0.9612,64.12,50.0,2020-06-02,PRICE_PERCENTILE
2022-12-14,新能源,3572.865,2.1162,40.0,50.0,2020-04-03,PRICE_PERCENTILE
2022-12-14,沪深300,3954.886,1.3925,16.48,50.0,2009-07-10,PRICE_PERCENTILE
2022-12-14,消费,21922.599,2.8216,39.39,50.0,2015-03-24,PRICE_PERCENTILE
2022-12-14,科技,2368.079,2.405,22.91,50.0,2011-09-20,PRICE_PERCENTILE
2022-12-15,医药,10304.175,1.1216,14.5,50.0,2019-03-26,PRICE_PERCENTILE
2022-12-15,半导体,3981.685,0.9741,62.24,50.0,2020-06-02,PRICE_PERCENTILE
2022-12-15,新能源,3673.373,2.1707,46.65,50.0,2020-04-03,PRICE_PERCENTILE
2022-12-15,沪深300,3951.989,1.3916,16.18,50.0,2009-07-10,PRICE_PERCENTILE
2022-12-15,消费,21704.14,2.7952,36.4,50.0,2015-03-24,PRICE_PERCENTILE
2022-12-15,科技,2399.124,2.4346,25.66,50.0,2011-09-20,PRICE_PERCENTILE
2022-12-16,医药,10388.759,1.1302,17.69,50.0,2019-03-26,PRICE_PERCENTILE
2022-12-16,半导体,3998.355,0.9575,63.92,50.0,2020-06-02,PRICE_PERCENTILE
2022-12-16,新能源,3597.975,2.1268,41.1,50.0,2020-04-03,PRICE_PERCENTILE
2022-12-16,沪深300,3954.227,1.3923,16.57,50.0,2009-07-10,PRICE_PERCENTILE
2022-12-16,消费,21790.592,2.8055,37.6,50.0,2015-03-24,PRICE_PERCENTILE
2022-12-16,科技,2373.723,2.4101,23.4,50.0,2011-09-20,PRICE_PERCENTILE
2022-12-19,医药,10035.587,1.0939,7.93,50.0,2019-03-26,PRICE_PERCENTILE
2022-12-19,半导体,3865.99,0.9345,54.28,50.0,2020-06-02,PRICE_PERCENTILE
2022-12-19,新能源,3608.774,2.1333,42.55,50.0,2020-04-03,PRICE_PERCENTILE
2022-12-19,沪深300,3893.221,1.3718,12.66,50.0,2009-07-10,PRICE_PERCENTILE
2022-12-19,消费,21494.465,2.7697,33.1,50.0,2015-03-24,PRICE_PERCENTILE
2022-12-19,科技,2346.697,2.3842,21.42,50.0,2011-09-20,PRICE_PERCENTILE
2022-12-20,医药,9865.802,1.0764,4.44,50.0,2019-03-26,PRICE_PERCENTILE
2022-12-20,半导体,3843.077,0.9345,51.94,50.0,2020-06-02,PRICE_PERCENTILE
2022-12-20,新能源,3530.57,2.089,38.69,50.0,2020-04-03,PRICE_PERCENTILE
2022-12-20,沪深300,3829.017,1.3504,9.31,50.0,2009-07-10,PRICE_PERCENTILE
2022-12-20,消费,20814.16,2.6876,24.58,50.0,2015-03-24,PRICE_PERCENTILE
2022-12-20,科技,2310.799,2.3496,17.92,50.0,2011-09-20,PRICE_PERCENTILE
2022-12-21,医药,9862.877,1.0762,4.44,50.0,2019-03-26,PRICE_PERCENTILE
2022-12-21,半导体,3816.125,0.9219,49.76,50.0,2020-06-02,PRICE_PERCENTILE
2022-12-21,新能源,3503.9,2.0776,38.03,50.0,2020-04-03,PRICE_PERCENTILE
2022-12-21,沪深300,3830.538,1.3508,9.71,50.0,2009-07-10,PRICE_PERCENTILE
2022-12-21,消费,21069.76,2.7183,27.18,50.0,2015-03-24,PRICE_PERCENTILE
2022-12-21,科技,2303.703,2.3427,17.61,50.0,2011-09-20,PRICE_PERCENTILE
2022-12-22,医药,9915.168,1.0815,5.12,50.0,2019-03-26,PRICE_PERCENTILE
2022-12-22,半导体,3758.592,0.9075,45.02,50.0,2020-06-02,PRICE_PERCENTILE
2022-12-22,新能源,3443.29,2.0417,35.85,50.0,2020-04-03,PRICE_PERCENTILE
2022-12-22,沪深300,3836.028,1.3526,9.97,50.0,2009-07-10,PRICE_PERCENTILE
2022-12-22,消费,21405.984,2.7589,32.41,50.0,2015-03-24,PRICE_PERCENTILE
2022-12-22,科技,2295.32,2.3346,17.31,50.0,2011-09-20,PRICE_PERCENTILE
2022-12-23,医药,10029.166,1.0933,7.88,50.0,2019-03-26,PRICE_PERCENTILE
2022-12-23,半导体,3750.705,0.8913,44.3,50.0,2020-06-02,PRICE_PERCENTILE
2022-12-23,新能源,3397.424,2.0177,34.89,50.0,2020-04-03,PRICE_PERCENTILE
2022-12-23,沪深300,3828.219,1.35,8.99,50.0,2009-07-10,PRICE_PERCENTILE
2022-12-23,消费,21499.01,2.7699,33.47,50.0,2015-03-24,PRICE_PERCENTILE
2022-12-23,科技,2286.188,2.3258,16.87,50.0,2011-09-20,PRICE_PERCENTILE
2022-12-26,医药,10038.864,1.0943,8.56,50.0,2019-03-26,PRICE_PERCENTILE
2022-12-26,半导体,3765.921,0.9128,45.99,50.0,2020-06-02,PRICE_PERCENTILE
2022-12-26,新能源,3505.604,2.0752,38.31,50.0,2020-04-03,PRICE_PERCENTILE
2022-12-26,沪深300,3843.489,1.3552,10.91,50.0,2009-07-10,PRICE_PERCENTILE
2022-12-26,消费,21308.482,2.7469,31.49,50.0,2015-03-24,PRICE_PERCENTILE
2022-12-26,科技,2331.41,2.3691,20.03,50.0,2011-09-20,PRICE_PERCENTILE
2022-12-27,医药,10084.168,1.0989,9.52,50.0,2019-03-26,PRICE_PERCENTILE
2022-12-27,半导体,3796.191,0.9258,48.0,50.0,2020-06-02,PRICE_PERCENTILE
2022-12-27,新能源,3515.823,2.0788,38.4,50.0,2020-04-03,PRICE_PERCENTILE
2022-12-27,沪深300,3887.854,1.371,13.1,50.0,2009-07-10,PRICE_PERCENTILE
2022-12-27,消费,21651.171,2.7914,35.86,50.0,2015-03-24,PRICE_PERCENTILE
2022-12-27,科技,2359.5,2.3961,22.9,50.0,2011-09-20,PRICE_PERCENTILE
2022-12-28,医药,10134.166,1.104,11.16,50.0,2019-03-26,PRICE_PERCENTILE
2022-12-28,半导体,3768.062,0.9144,46.17,50.0,2020-06-02,PRICE_PERCENTILE
2022-12-28,新能源,3445.902,2.0392,36.24,50.0,2020-04-03,PRICE_PERCENTILE
2022-12-28,沪深300,3871.264,1.3654,12.81,50.0,2009-07-10,PRICE_PERCENTILE
2022-12-28,消费,21549.615,2.7792,34.3,50.0,2015-03-24,PRICE_PERCENTILE
2022-12-28,科技,2338.258,2.3756,20.94,50.0,2011-09-20,PRICE_PERCENTILE
2022-12-29,医药,10286.218,1.1197,14.86,50.0,2019-03-26,PRICE_PERCENTILE
2022-12-29,半导体,3729.151,0.9141,40.99,50.0,2020-06-02,PRICE_PERCENTILE
2022-12-29,新能源,3444.091,2.041,36.19,50.0,2020-04-03,PRICE_PERCENTILE
2022-12-29,沪深300,3856.701,1.3605,12.1,50.0,2009-07-10,PRICE_PERCENTILE
2022-12-29,消费,21384.619,2.7594,32.19,50.0,2015-03-24,PRICE_PERCENTILE
2022-12-29,科技,2349.383,2.3862,22.15,50.0,2011-09-20,PRICE_PERCENTILE
2022-12-30,医药,10280.095,1.119,14.7,50.0,2019-03-26,PRICE_PERCENTILE
2022-12-30,半导体,3771.088,0.9073,46.34,50.0,2020-06-02,PRICE_PERCENTILE
2022-12-30,新能源,3415.063,2.0212,35.08,50.0,2020-04-03,PRICE_PERCENTILE
2022-12-30,沪深300,3871.634,1.3655,13.05,50.0,2009-07-10,PRICE_PERCENTILE
2022-12-30,消费,21573.151,2.7819,34.89,50.0,2015-03-24,PRICE_PERCENTILE
2022-12-30,科技,2346.767,2.3838,22.12,50.0,2011-09-20,PRICE_PERCENTILE
2023-01-03,医药,10330.423,1.1241,16.6,50.0,2019-03-26,PRICE_PERCENTILE
2023-01-03,半导体,3825.998,0.9184,51.35,50.0,2020-06-02,PRICE_PERCENTILE
2023-01-03,新能源,3441.881,2.0364,35.78,50.0,2020-04-03,PRICE_PERCENTILE
2023-01-03,沪深300,3887.899,1.3709,13.58,50.0,2009-07-10,PRICE_PERCENTILE
2023-01-03,消费,21231.83,2.7409,29.77,50.0,2015-03-24,PRICE_PERCENTILE
2023-01-03,科技,2356.424,2.3932,22.91,50.0,2011-09-20,PRICE_PERCENTILE
2023-01-04,医药,10398.081,1.131,19.45,50.0,2019-03-26,PRICE_PERCENTILE
2023-01-04,半导体,3853.079,0.9133,54.13,50.0,2020-06-02,PRICE_PERCENTILE
2023-01-04,新能源,3368.746,1.9991,33.48,50.0,2020-04-03,PRICE_PERCENTILE
2023-01-04,沪深300,3892.948,1.3725,13.84,50.0,2009-07-10,PRICE_PERCENTILE
2023-01-04,消费,21245.487,2.7424,30.27,50.0,2015-03-24,PRICE_PERCENTILE
2023-01-04,科技,2335.122,2.3728,20.27,50.0,2011-09-20,PRICE_PERCENTILE
2023-01-05,医药,10643.999,1.1562,24.21,50.0,2019-03-26,PRICE_PERCENTILE
2023-01-05,半导体,3864.86,0.9201,54.99,50.0,2020-06-02,PRICE_PERCENTILE
2023-01-05,新能源,3488.206,2.0593,37.91,50.0,2020-04-03,PRICE_PERCENTILE
2023-01-05,沪深300,3968.578,1.3978,19.97,50.0,2009-07-10,PRICE_PERCENTILE
2023-01-05,消费,21937.182,2.826,40.63,50.0,2015-03-24,PRICE_PERCENTILE
2023-01-05,科技,2399.458,2.4345,27.22,50.0,2011-09-20,PRICE_PERCENTILE
2023-01-06,医药,10550.428,1.1466,22.27,50.0,2019-03-26,PRICE_PERCENTILE
2023-01-06,半导体,3866.014,0.9183,55.22,50.0,2020-06-02,PRICE_PERCENTILE
2023-01-06,新能源,3549.596,2.0907,40.09,50.0,2020-04-03,PRICE_PERCENTILE
2023-01-06,沪深300,3980.889,1.4019,20.36,50.0,2009-07-10,PRICE_PERCENTILE
2023-01-06,消费,21891.807,2.8204,39.89,50.0,2015-03-24,PRICE_PERCENTILE
2023-01-06,科技,2422.141,2.4562,28.83,50.0,2011-09-20,PRICE_PERCENTILE
2023-01-09,医药,10631.796,1.1549,24.15,50.0,2019-03-26,PRICE_PERCENTILE
2023-01-09,半导体,3875.03,0.9226,55.45,50.0,2020-06-02,PRICE_PERCENTILE
2023-01-09,新能源,3573.487,2.1063,41.07,50.0,2020-04-03,PRICE_PERCENTILE
2023-01-09,沪深300,4013.12,1.4124,23.33,50.0,2009-07-10,PRICE_PERCENTILE
2023-01-09,消费,22270.488,2.8661,45.57,50.0,2015-03-24,PRICE_PERCENTILE
2023-01-09,科技,2440.366,2.4731,30.15,50.0,2011-09-20,PRICE_PERCENTILE
2023-01-10,医药,10759.033,1.168,25.75,50.0,2019-03-26,PRICE_PERCENTILE
2023-01-10,半导体,3833.098,0.9316,51.42,50.0,2020-06-02,PRICE_PERCENTILE
2023-01-10,新能源,3623.929,2.1295,44.87,50.0,2020-04-03,PRICE_PERCENTILE
2023-01-10,沪深300,4017.474,1.4139,23.98,50.0,2009-07-10,PRICE_PERCENTILE
2023-01-10,消费,22372.755,2.8784,46.19,50.0,2015-03-24,PRICE_PERCENTILE
2023-01-10,科技,2474.005,2.5053,31.61,50.0,2011-09-20,PRICE_PERCENTILE
2023-01-11,医药,10697.252,1.1616,25.31,50.0,2019-03-26,PRICE_PERCENTILE
2023-01-11,半导体,3829.575,0.922,51.34,50.0,2020-06-02,PRICE_PERCENTILE
2023-01-11,新能源,3575.972,2.102,41.1,50.0,2020-04-03,PRICE_PERCENTILE
2023-01-11,沪深300,4010.031,1.4115,23.13,50.0,2009-07-10,PRICE_PERCENTILE
2023-01-11,消费,22263.854,2.8653,45.17,50.0,2015-03-24,PRICE_PERCENTILE
2023-01-11,科技,2445.971,2.4784,30.2,50.0,2011-09-20,PRICE_PERCENTILE
2023-01-12,医药,10663.27,1.1581,24.46,50.0,2019-03-26,PRICE_PERCENTILE
2023-01-12,半导体,3809.708,0.9188,49.06,50.0,2020-06-02,PRICE_PERCENTILE
2023-01-12,新能源,3642.73,2.1383,45.93,50.0,2020-04-03,PRICE_PERCENTILE
2023-01-12,沪深300,4017.869,1.4139,24.32,50.0,2009-07-10,PRICE_PERCENTILE
2023-01-12,消费,22132.128,2.8491,42.8,50.0,2015-03-24,PRICE_PERCENTILE
2023-01-12,科技,2458.494,2.4904,30.98,50.0,2011-09-20,PRICE_PERCENTILE
2023-01-13,医药,10932.459,1.1858,29.99,50.0,2019-03-26,PRICE_PERCENTILE
2023-01-13,半导体,3828.434,0.9196,51.02,50.0,2020-06-02,PRICE_PERCENTILE
2023-01-13,新能源,3657.039,2.1475,47.04,50.0,2020-04-03,PRICE_PERCENTILE
2023-01-13,沪深300,4074.377,1.4326,27.14,50.0,2009-07-10,PRICE_PERCENTILE
2023-01-13,消费,22749.508,2.9239,48.85,50.0,2015-03-24,PRICE_PERCENTILE
2023-01-13,科技,2493.126,2.5233,32.16,50.0,2011-09-20,PRICE_PERCENTILE
2023-01-16,医药,11267.578,1.2203,36.31,50.0,2019-03-26,PRICE_PERCENTILE
2023-01-16,半导体,3861.796,0.9479,54.86,50.0,2020-06-02,PRICE_PERCENTILE
2023-01-16,新能源,3654.949,2.1441,46.97,50.0,2020-04-03,PRICE_PERCENTILE
2023-01-16,沪深300,4137.964,1.4539,31.71,50.0,2009-07-10,PRICE_PERCENTILE
2023-01-16,消费,23224.997,2.9813,54.61,50.0,2015-03-24,PRICE_PERCENTILE
2023-01-16,科技,2539.521,2.5675,34.01,50.0,2011-09-20,PRICE_PERCENTILE
2023-01-17,医药,11158.605,1.2089,34.24,50.0,2019-03-26,PRICE_PERCENTILE
2023-01-17,半导体,3854.219,0.9681,54.3,50.0,2020-06-02,PRICE_PERCENTILE
2023-01-17,新能源,3667.356,2.1533,47.64,50.0,2020-04-03,PRICE_PERCENTILE
2023-01-17,沪深300,4137.242,1.4535,31.66,50.0,2009-07-10,PRICE_PERCENTILE
2023-01-17,消费,23014.16,2.9556,52.23,50.0,2015-03-24,PRICE_PERCENTILE
2023-01-17,科技,2545.555,2.5732,34.37,50.0,2011-09-20,PRICE_PERCENTILE
2023-01-18,医药,11076.168,1.2005,32.97,50.0,2019-03-26,PRICE_PERCENTILE
2023-01-18,半导体,3866.655,0.966,55.78,50.0,2020-06-02,PRICE_PERCENTILE
2023-01-18,新能源,3675.644,2.158,48.6,50.0,2020-04-03,PRICE_PERCENTILE
2023-01-18,沪深300,4130.314,1.4511,31.08,50.0,2009-07-10,PRICE_PERCENTILE
2023-01-18,消费,22739.311,2.9221,48.51,50.0,2015-03-24,PRICE_PERCENTILE
2023-01-18,科技,2543.896,2.5715,34.32,50.0,2011-09-20,PRICE_PERCENTILE
2023-01-19,医药,11289.994,1.2222,36.98,50.0,2019-03-26,PRICE_PERCENTILE
2023-01-19,半导体,3894.451,0.9855,56.94,50.0,2020-06-02,PRICE_PERCENTILE
2023-01-19,新能源,3680.498,2.1614,48.97,50.0,2020-04-03,PRICE_PERCENTILE
2023-01-19,沪深300,4156.008,1.4596,33.6,50.0,2009-07-10,PRICE_PERCENTILE
2023-01-19,消费,22681.303,2.9149,47.91,50.0,2015-03-24,PRICE_PERCENTILE
2023-01-19,科技,2571.438,2.5978,36.84,50.0,2011-09-20,PRICE_PERCENTILE
2023-01-20,医药,11250.348,1.2181,35.98,50.0,2019-03-26,PRICE_PERCENTILE
2023-01-20,半导体,3975.292,0.9886,62.62,50.0,2020-06-02,PRICE_PERCENTILE
2023-01-20,新能源,3735.152,2.1932,51.69,50.0,2020-04-03,PRICE_PERCENTILE
2023-01-20,沪深300,4181.527,1.4681,36.39,50.0,2009-07-10,PRICE_PERCENTILE
2023-01-20,消费,22658.017,2.9121,47.84,50.0,2015-03-24,PRICE_PERCENTILE
2023-01-20,科技,2585.963,2.6113,37.87,50.0,2011-09-20,PRICE_PERCENTILE
2023-01-30,医药,11159.312,1.2086,34.32,50.0,2019-03-26,PRICE_PERCENTILE
2023-01-30,半导体,3961.347,0.9891,61.59,50.0,2020-06-02,PRICE_PERCENTILE
2023-01-30,新能源,3841.983,2.2533,56.74,50.0,2020-04-03,PRICE_PERCENTILE
2023-01-30,沪深300,4201.345,1.4744,37.69,50.0,2009-07-10,PRICE_PERCENTILE
2023-01-30,消费,22870.123,2.9373,51.01,50.0,2015-03-24,PRICE_PERCENTILE
2023-01-30,科技,2613.885,2.637,39.43,50.0,2011-09-20,PRICE_PERCENTILE
2023-01-31,医药,10929.297,1.1852,29.7,50.0,2019-03-26,PRICE_PERCENTILE
2023-01-31,半导体,3977.85,0.9629,62.89,50.0,2020-06-02,PRICE_PERCENTILE
2023-01-31,新能源,3829.523,2.2473,55.78,50.0,2020-04-03,PRICE_PERCENTILE
2023-01-31,沪深300,4156.858,1.4597,33.87,50.0,2009-07-10,PRICE_PERCENTILE
2023-01-31,消费,22459.446,2.8875,46.51,50.0,2015-03-24,PRICE_PERCENTILE
2023-01-31,科技,2580.839,2.6054,37.5,50.0,2011-09-20,PRICE_PERCENTILE
2023-02-01,医药,11023.315,1.1948,31.54,50.0,2019-03-26,PRICE_PERCENTILE
2023-02-01,半导体,4043.358,0.9789,69.15,50.0,2020-06-02,PRICE_PERCENTILE
2023-02-01,新能源,3917.079,2.293,60.67,50.0,2020-04-03,PRICE_PERCENTILE
2023-02-01,沪深300,4195.933,1.4725,37.72,50.0,2009-07-10,PRICE_PERCENTILE
2023-02-01,消费,22628.608,2.9082,47.79,50.0,2015-03-24,PRICE_PERCENTILE
2023-02-01,科技,2613.689,2.6367,39.46,50.0,2011-09-20,PRICE_PERCENTILE
2023-02-02,医药,11099.32,1.2025,33.51,50.0,2019-03-26,PRICE_PERCENTILE
2023-02-02,半导体,4047.169,0.9925,69.2,50.0,2020-06-02,PRICE_PERCENTILE
2023-02-02,新能源,3880.347,2.274,59.27,50.0,2020-04-03,PRICE_PERCENTILE
2023-02-02,沪深300,4181.149,1.4676,36.19,50.0,2009-07-10,PRICE_PERCENTILE
2023-02-02,消费,22750.116,2.9228,49.06,50.0,2015-03-24,PRICE_PERCENTILE
2023-02-02,科技,2602.316,2.6258,39.01,50.0,2011-09-20,PRICE_PERCENTILE
2023-02-03,医药,11002.272,1.1926,30.52,50.0,2019-03-26,PRICE_PERCENTILE
2023-02-03,半导体,4000.701,0.9919,65.38,50.0,2020-06-02,PRICE_PERCENTILE
2023-02-03,新能源,3819.167,2.2425,55.39,50.0,2020-04-03,PRICE_PERCENTILE
2023-02-03,沪深300,4141.632,1.4544,32.13,50.0,2009-07-10,PRICE_PERCENTILE
2023-02-03,消费,22498.166,2.8923,46.85,50.0,2015-03-24,PRICE_PERCENTILE
2023-02-03,科技,2580.111,2.6047,37.35,50.0,2011-09-20,PRICE_PERCENTILE
2023-02-06,医药,10851.062,1.177,28.61,50.0,2019-03-26,PRICE_PERCENTILE
2023-02-06,半导体,4005.664,0.9791,65.59,50.0,2020-06-02,PRICE_PERCENTILE
2023-02-06,新能源,3764.119,2.2109,52.4,50.0,2020-04-03,PRICE_PERCENTILE
2023-02-06,沪深300,4086.878,1.4359,27.94,50.0,2009-07-10,PRICE_PERCENTILE
2023-02-06,消费,22181.617,2.8537,43.05,50.0,2015-03-24,PRICE_PERCENTILE
2023-02-06,科技,2544.091,2.5703,34.09,50.0,2011-09-20,PRICE_PERCENTILE
2023-02-07,医药,10793.983,1.1712,26.57,50.0,2019-03-26,PRICE_PERCENTILE
2023-02-07,半导体,4051.318,0.9736,69.95,50.0,2020-06-02,PRICE_PERCENTILE
2023-02-07,新能源,3762.744,2.2122,52.18,50.0,2020-04-03,PRICE_PERCENTILE
2023-02-07,沪深300,4094.234,1.4383,28.7,50.0,2009-07-10,PRICE_PERCENTILE
2023-02-07,消费,22143.282,2.8492,42.32,50.0,2015-03-24,PRICE_PERCENTILE
2023-02-07,科技,2537.969,2.5642,33.38,50.0,2011-09-20,PRICE_PERCENTILE
2023-02-08,医药,10822.238,1.174,27.6,50.0,2019-03-26,PRICE_PERCENTILE
2023-02-08,半导体,3997.739,0.9643,64.77,50.0,2020-06-02,PRICE_PERCENTILE
2023-02-08,新能源,3763.676,2.2158,52.39,50.0,2020-04-03,PRICE_PERCENTILE
2023-02-08,沪深300,4076.141,1.4323,26.93,50.0,2009-07-10,PRICE_PERCENTILE
2023-02-08,消费,21967.218,2.8278,40.0,50.0,2015-03-24,PRICE_PERCENTILE
2023-02-08,科技,2525.877,2.5528,32.67,50.0,2011-09-20,PRICE_PERCENTILE
2023-02-09,医药,10936.548,1.1856,30.09,50.0,2019-03-26,PRICE_PERCENTILE
2023-02-09,半导体,4020.381,1.0016,66.97,50.0,2020-06-02,PRICE_PERCENTILE
2023-02-09,新能源,3793.643,2.2288,54.35,50.0,2020-04-03,PRICE_PERCENTILE
2023-02-09,沪深300,4130.857,1.4506,31.16,50.0,2009-07-10,PRICE_PERCENTILE
2023-02-09,消费,22397.31,2.8799,46.07,50.0,2015-03-24,PRICE_PERCENTILE
2023-02-09,科技,2569.733,2.5949,36.22,50.0,2011-09-20,PRICE_PERCENTILE
2023-02-10,医药,10922.591,1.1842,29.79,50.0,2019-03-26,PRICE_PERCENTILE
2023-02-10,半导体,4035.779,0.9957,68.56,50.0,2020-06-02,PRICE_PERCENTILE
2023-02-10,新能源,3731.487,2.1959,50.8,50.0,2020-04-03,PRICE_PERCENTILE
2023-02-10,沪深300,4106.31,1.4424,29.39,50.0,2009-07-10,PRICE_PERCENTILE
2023-02-10,消费,22420.396,2.8827,46.14,50.0,2015-03-24,PRICE_PERCENTILE
2023-02-10,科技,2545.156,2.5715,34.31,50.0,2011-09-20,PRICE_PERCENTILE
2023-02-13,医药,11004.725,1.1923,31.21,50.0,2019-03-26,PRICE_PERCENTILE
2023-02-13,半导体,4080.86,0.9965,71.06,50.0,2020-06-02,PRICE_PERCENTILE
2023-02-13,新能源,3757.362,2.2043,51.88,50.0,2020-04-03,PRICE_PERCENTILE
2023-02-13,沪深300,4143.574,1.4548,32.67,50.0,2009-07-10,PRICE_PERCENTILE
2023-02-13,消费,22939.678,2.9455,52.59,50.0,2015-03-24,PRICE_PERCENTILE
2023-02-13,科技,2573.181,2.5979,37.18,50.0,2011-09-20,PRICE_PERCENTILE
2023-02-14,医药,11039.396,1.1957,32.63,50.0,2019-03-26,PRICE_PERCENTILE
2023-02-14,半导体,4078.917,0.9945,70.95,50.0,2020-06-02,PRICE_PERCENTILE
2023-02-14,新能源,3738.505,2.1961,51.08,50.0,2020-04-03,PRICE_PERCENTILE
2023-02-14,沪深300,4145.29,1.4553,33.02,50.0,2009-07-10,PRICE_PERCENTILE
2023-02-14,消费,22843.991,2.9338,50.66,50.0,2015-03-24,PRICE_PERCENTILE
2023-02-14,科技,2565.155,2.5902,35.94,50.0,2011-09-20,PRICE_PERCENTILE
2023-02-15,医药,10894.704,1.1811,29.14,50.0,2019-03-26,PRICE_PERCENTILE
2023-02-15,半导体,4043.877,1.0036,69.01,50.0,2020-06-02,PRICE_PERCENTILE
2023-02-15,新能源,3706.363,2.1804,49.14,50.0,2020-04-03,PRICE_PERCENTILE
2023-02-15,沪深300,4123.689,1.448,30.73,50.0,2009-07-10,PRICE_PERCENTILE
2023-02-15,消费,22701.685,2.9167,48.48,50.0,2015-03-24,PRICE_PERCENTILE
2023-02-15,科技,2547.198,2.573,34.57,50.0,2011-09-20,PRICE_PERCENTILE
2023-02-16,医药,10791.2,1.1705,26.19,50.0,2019-03-26,PRICE_PERCENTILE
2023-02-16,半导体,3999.498,0.9777,64.63,50.0,2020-06-02,PRICE_PERCENTILE
2023-02-16,新能源,3643.044,2.147,44.89,50.0,2020-04-03,PRICE_PERCENTILE
2023-02-16,沪深300,4093.488,1.438,28.44,50.0,2009-07-10,PRICE_PERCENTILE
2023-02-16,消费,22652.722,2.9106,48.02,50.0,2015-03-24,PRICE_PERCENTILE
2023-02-16,科技,2512.499,2.5398,31.88,50.0,2011-09-20,PRICE_PERCENTILE
2023-02-17,医药,10794.869,1.1709,26.55,50.0,2019-03-26,PRICE_PERCENTILE
2023-02-17,半导体,3965.486,0.9481,60.88,50.0,2020-06-02,PRICE_PERCENTILE
2023-02-17,新能源,3556.807,2.1069,38.94,50.0,2020-04-03,PRICE_PERCENTILE
2023-02-17,沪深300,4034.507,1.4183,24.44,50.0,2009-07-10,PRICE_PERCENTILE
2023-02-17,消费,22532.58,2.896,47.03,50.0,2015-03-24,PRICE_PERCENTILE
2023-02-17,科技,2449.351,2.4794,29.59,50.0,2011-09-20,PRICE_PERCENTILE
2023-02-20,医药,10935.933,1.1853,30.34,50.0,2019-03-26,PRICE_PERCENTILE
2023-02-20,半导体,4093.037,0.9603,72.34,50.0,2020-06-02,PRICE_PERCENTILE
2023-02-20,新能源,3558.95,2.1085,39.17,50.0,2020-04-03,PRICE_PERCENTILE
2023-02-20,沪深300,4133.49,1.4512,31.79,50.0,2009-07-10,PRICE_PERCENTILE
2023-02-20,消费,22917.033,2.9425,52.24,50.0,2015-03-24,PRICE_PERCENTILE
2023-02-20,科技,2480.794,2.5094,31.13,50.0,2011-09-20,PRICE_PERCENTILE
2023-02-21,医药,10892.839,1.1809,29.12,50.0,2019-03-26,PRICE_PERCENTILE
2023-02-21,半导体,4127.494,0.9562,74.96,50.0,2020-06-02,PRICE_PERCENTILE
2023-02-21,新能源,3567.332,2.116,39.54,50.0,2020-04-03,PRICE_PERCENTILE
2023-02-21,沪深300,4144.354,1.4548,33.07,50.0,2009-07-10,PRICE_PERCENTILE
2023-02-21,消费,22835.555,2.9325,50.72,50.0,2015-03-24,PRICE_PERCENTILE
2023-02-21,科技,2469.807,2.4989,30.96,50.0,2011-09-20,PRICE_PERCENTILE
2023-02-22,医药,10820.366,1.1735,27.5,50.0,2019-03-26,PRICE_PERCENTILE
2023-02-22,半导体,4121.611,0.9523,74.7,50.0,2020-06-02,PRICE_PERCENTILE
2023-02-22,新能源,3527.334,2.0955,38.05,50.0,2020-04-03,PRICE_PERCENTILE
2023-02-22,沪深300,4106.951,1.4423,29.47,50.0,2009-07-10,PRICE_PERCENTILE
2023-02-22,消费,22798.977,2.9279,50.13,50.0,2015-03-24,PRICE_PERCENTILE
2023-02-22,科技,2451.898,2.4817,29.74,50.0,2011-09-20,PRICE_PERCENTILE
2023-02-23,医药,10755.203,1.1669,24.84,50.0,2019-03-26,PRICE_PERCENTILE
2023-02-23,半导体,4102.355,0.9507,73.07,50.0,2020-06-02,PRICE_PERCENTILE
2023-02-23,新能源,3544.255,2.1038,38.57,50.0,2020-04-03,PRICE_PERCENTILE
2023-02-23,沪深300,4103.646,1.4412,29.3,50.0,2009-07-10,PRICE_PERCENTILE
2023-02-23,消费,22638.902,2.9085,47.83,50.0,2015-03-24,PRICE_PERCENTILE
2023-02-23,科技,2457.482,2.487,30.09,50.0,2011-09-20,PRICE_PERCENTILE
2023-02-24,医药,10668.324,1.158,23.88,50.0,2019-03-26,PRICE_PERCENTILE
2023-02-24,半导体,4074.368,0.947,70.54,50.0,2020-06-02,PRICE_PERCENTILE
2023-02-24,新能源,3499.82,2.0812,36.8,50.0,2020-04-03,PRICE_PERCENTILE
2023-02-24,沪深300,4061.046,1.427,25.72,50.0,2009-07-10,PRICE_PERCENTILE
2023-02-24,消费,22385.779,2.8778,45.41,50.0,2015-03-24,PRICE_PERCENTILE
2023-02-24,科技,2428.936,2.4597,28.22,50.0,2011-09-20,PRICE_PERCENTILE
2023-02-27,医药,10584.316,1.1494,22.54,50.0,2019-03-26,PRICE_PERCENTILE
2023-02-27,半导体,4041.586,0.9315,68.33,50.0,2020-06-02,PRICE_PERCENTILE
2023-02-27,新能源,3467.376,2.066,35.75,50.0,2020-04-03,PRICE_PERCENTILE
2023-02-27,沪深300,4043.844,1.4215,24.77,50.0,2009-07-10,PRICE_PERCENTILE
2023-02-27,消费,22528.432,2.8949,46.79,50.0,2015-03-24,PRICE_PERCENTILE
2023-02-27,科技,2409.794,2.4415,26.87,50.0,2011-09-20,PRICE_PERCENTILE
2023-02-28,医药,10718.346,1.1631,25.0,50.0,2019-03-26,PRICE_PERCENTILE
2023-02-28,半导体,4089.579,0.9368,71.54,50.0,2020-06-02,PRICE_PERCENTILE
2023-02-28,新能源,3487.211,2.0762,36.27,50.0,2020-04-03,PRICE_PERCENTILE
2023-02-28,沪深300,4069.459,1.43,26.18,50.0,2009-07-10,PRICE_PERCENTILE
2023-02-28,消费,22569.292,2.9,47.12,50.0,2015-03-24,PRICE_PERCENTILE
2023-02-28,科技,2429.027,2.4597,28.53,50.0,2011-09-20,PRICE_PERCENTILE
2023-03-01,医药,10718.814,1.1632,25.1,50.0,2019-03-26,PRICE_PERCENTILE
2023-03-01,半导体,4186.331,0.9425,78.35,50.0,2020-06-02,PRICE_PERCENTILE
2023-03-01,新能源,3508.386,2.0861,37.5,50.0,2020-04-03,PRICE_PERCENTILE
2023-03-01,沪深300,4126.942,1.4492,31.5,50.0,2009-07-10,PRICE_PERCENTILE
2023-03-01,消费,22757.152,2.9227,49.67,50.0,2015-03-24,PRICE_PERCENTILE
2023-03-01,科技,2443.946,2.4738,29.41,50.0,2011-09-20,PRICE_PERCENTILE
2023-03-02,医药,10611.146,1.1522,23.11,50.0,2019-03-26,PRICE_PERCENTILE
2023-03-02,半导体,4266.109,0.9342,85.29,50.0,2020-06-02,PRICE_PERCENTILE
2023-03-02,新能源,3456.959,2.0612,35.18,50.0,2020-04-03,PRICE_PERCENTILE
2023-03-02,沪深300,4117.738,1.4462,31.07,50.0,2009-07-10,PRICE_PERCENTILE
2023-03-02,消费,22689.986,2.9143,48.43,50.0,2015-03-24,PRICE_PERCENTILE
2023-03-02,科技,2418.598,2.4495,27.42,50.0,2011-09-20,PRICE_PERCENTILE
2023-03-03,医药,10616.389,1.1527,23.34,50.0,2019-03-26,PRICE_PERCENTILE
2023-03-03,半导体,4377.111,0.9558,92.35,50.0,2020-06-02,PRICE_PERCENTILE
2023-03-03,新能源,3450.393,2.0572,34.99,50.0,2020-04-03,PRICE_PERCENTILE
2023-03-03,沪深300,4130.551,1.4504,31.94,50.0,2009-07-10,PRICE_PERCENTILE
2023-03-03,消费,22587.666,2.9019,47.33,50.0,2015-03-24,PRICE_PERCENTILE
2023-03-03,科技,2422.437,2.453,27.9,50.0,2011-09-20,PRICE_PERCENTILE
2023-03-06,医药,10644.08,1.1554,23.83,50.0,2019-03-26,PRICE_PERCENTILE
2023-03-06,半导体,4333.906,0.9587,90.57,50.0,2020-06-02,PRICE_PERCENTILE
2023-03-06,新能源,3460.916,2.0602,35.36,50.0,2020-04-03,PRICE_PERCENTILE
2023-03-06,沪深300,4109.01,1.4432,30.08,50.0,2009-07-10,PRICE_PERCENTILE
2023-03-06,消费,22542.872,2.8964,46.74,50.0,2015-03-24,PRICE_PERCENTILE
2023-03-06,科技,2431.556,2.4619,28.78,50.0,2011-09-20,PRICE_PERCENTILE
2023-03-07,医药,10445.011,1.1353,19.9,50.0,2019-03-26,PRICE_PERCENTILE
2023-03-07,半导体,4325.266,0.9326,89.69,50.0,2020-06-02,PRICE_PERCENTILE
2023-03-07,新能源,3406.985,2.0297,33.05,50.0,2020-04-03,PRICE_PERCENTILE
2023-03-07,沪深300,4048.852,1.4232,24.97,50.0,2009-07-10,PRICE_PERCENTILE
2023-03-07,消费,22052.857,2.8369,39.79,50.0,2015-03-24,PRICE_PERCENTILE
2023-03-07,科技,2383.731,2.416,24.97,50.0,2011-09-20,PRICE_PERCENTILE
2023-03-08,医药,10413.548,1.132,18.96,50.0,2019-03-26,PRICE_PERCENTILE
2023-03-08,半导体,4330.414,0.9385,90.3,50.0,2020-06-02,PRICE_PERCENTILE
2023-03-08,新能源,3389.243,2.0219,32.44,50.0,2020-04-03,PRICE_PERCENTILE
2023-03-08,沪深300,4034.108,1.4182,24.03,50.0,2009-07-10,PRICE_PERCENTILE
2023-03-08,消费,21904.138,2.8188,38.31,50.0,2015-03-24,PRICE_PERCENTILE
2023-03-08,科技,2377.584,2.4101,24.42,50.0,2011-09-20,PRICE_PERCENTILE
2023-03-09,医药,10407.983,1.1315,18.81,50.0,2019-03-26,PRICE_PERCENTILE
2023-03-09,半导体,4304.099,0.9469,88.08,50.0,2020-06-02,PRICE_PERCENTILE
2023-03-09,新能源,3391.057,2.0253,32.68,50.0,2020-04-03,PRICE_PERCENTILE
2023-03-09,沪深300,4019.851,1.4134,23.35,50.0,2009-07-10,PRICE_PERCENTILE
2023-03-09,消费,21746.464,2.7999,35.8,50.0,2015-03-24,PRICE_PERCENTILE
2023-03-09,科技,2372.68,2.4054,23.22,50.0,2011-09-20,PRICE_PERCENTILE
2023-03-10,医药,10408.958,1.1316,18.91,50.0,2019-03-26,PRICE_PERCENTILE
2023-03-10,半导体,4231.036,0.9404,81.99,50.0,2020-06-02,PRICE_PERCENTILE
2023-03-10,新能源,3345.65,1.9989,30.8,50.0,2020-04-03,PRICE_PERCENTILE
2023-03-10,沪深300,3967.135,1.3959,18.65,50.0,2009-07-10,PRICE_PERCENTILE
2023-03-10,消费,21491.653,2.769,31.74,50.0,2015-03-24,PRICE_PERCENTILE
2023-03-10,科技,2370.358,2.403,23.06,50.0,2011-09-20,PRICE_PERCENTILE
2023-03-13,医药,10403.174,1.1309,18.63,50.0,2019-03-26,PRICE_PERCENTILE
2023-03-13,半导体,4363.601,0.941,91.53,50.0,2020-06-02,PRICE_PERCENTILE
2023-03-13,新能源,3298.507,1.9752,29.07,50.0,2020-04-03,PRICE_PERCENTILE
2023-03-13,沪深300,4008.686,1.4097,22.12,50.0,2009-07-10,PRICE_PERCENTILE
2023-03-13,消费,21854.178,2.8125,37.52,50.0,2015-03-24,PRICE_PERCENTILE
2023-03-13,科技,2357.068,2.3903,21.86,50.0,2011-09-20,PRICE_PERCENTILE
2023-03-14,医药,10365.193,1.127,16.93,50.0,2019-03-26,PRICE_PERCENTILE
2023-03-14,半导体,4342.517,0.9687,90.8,50.0,2020-06-02,PRICE_PERCENTILE
2023-03-14,新能源,3271.019,1.9615,28.61,50.0,2020-04-03,PRICE_PERCENTILE
2023-03-14,沪深300,3984.696,1.4017,20.28,50.0,2009-07-10,PRICE_PERCENTILE
2023-03-14,消费,21848.098,2.8117,37.21,50.0,2015-03-24,PRICE_PERCENTILE
2023-03-14,科技,2343.11,2.3769,20.28,50.0,2011-09-20,PRICE_PERCENTILE
2023-03-15,医药,10367.855,1.1275,17.16,50.0,2019-03-26,PRICE_PERCENTILE
2023-03-15,半导体,4500.566,0.9667,96.74,50.0,2020-06-02,PRICE_PERCENTILE
2023-03-15,新能源,3257.925,1.9537,28.43,50.0,2020-04-03,PRICE_PERCENTILE
2023-03-15,沪深300,3986.902,1.4025,20.39,50.0,2009-07-10,PRICE_PERCENTILE
2023-03-15,消费,21679.32,2.7914,34.58,50.0,2015-03-24,PRICE_PERCENTILE
2023-03-15,科技,2337.463,2.3711,19.61,50.0,2011-09-20,PRICE_PERCENTILE
2023-03-16,医药,10335.511,1.1239,15.98,50.0,2019-03-26,PRICE_PERCENTILE
2023-03-16,半导体,4463.857,0.9614,95.12,50.0,2020-06-02,PRICE_PERCENTILE
2023-03-16,新能源,3192.491,1.92,26.71,50.0,2020-04-03,PRICE_PERCENTILE
2023-03-16,沪深300,3939.151,1.3865,15.98,50.0,2009-07-10,PRICE_PERCENTILE
2023-03-16,消费,21532.369,2.7735,32.47,50.0,2015-03-24,PRICE_PERCENTILE
2023-03-16,科技,2302.049,2.3373,16.62,50.0,2011-09-20,PRICE_PERCENTILE
2023-03-17,医药,10148.012,1.1052,10.81,50.0,2019-03-26,PRICE_PERCENTILE
2023-03-17,半导体,4549.887,0.9739,97.93,50.0,2020-06-02,PRICE_PERCENTILE
2023-03-17,新能源,3178.819,1.9153,25.98,50.0,2020-04-03,PRICE_PERCENTILE
2023-03-17,沪深300,3958.819,1.3931,17.89,50.0,2009-07-10,PRICE_PERCENTILE
2023-03-17,消费,21305.724,2.7461,29.6,50.0,2015-03-24,PRICE_PERCENTILE
2023-03-17,科技,2293.67,2.329,16.22,50.0,2011-09-20,PRICE_PERCENTILE
2023-03-20,医药,10004.444,1.0909,6.94,50.0,2019-03-26,PRICE_PERCENTILE
2023-03-20,半导体,4506.106,0.9939,96.61,50.0,2020-06-02,PRICE_PERCENTILE
2023-03-20,新能源,3190.438,1.9205,26.78,50.0,2020-04-03,PRICE_PERCENTILE
2023-03-20,沪深300,3939.077,1.3864,15.94,50.0,2009-07-10,PRICE_PERCENTILE
2023-03-20,消费,21034.465,2.7134,24.94,50.0,2015-03-24,PRICE_PERCENTILE
2023-03-20,科技,2291.918,2.3271,16.2,50.0,2011-09-20,PRICE_PERCENTILE
2023-03-21,医药,10291.863,1.1199,14.51,50.0,2019-03-26,PRICE_PERCENTILE
2023-03-21,半导体,4459.248,0.9919,94.55,50.0,2020-06-02,PRICE_PERCENTILE
2023-03-21,新能源,3269.236,1.9595,28.97,50.0,2020-04-03,PRICE_PERCENTILE
2023-03-21,沪深300,3982.378,1.4008,19.9,50.0,2009-07-10,PRICE_PERCENTILE
2023-03-21,消费,21468.915,2.7657,31.45,50.0,2015-03-24,PRICE_PERCENTILE
2023-03-21,科技,2337.257,2.3704,19.9,50.0,2011-09-20,PRICE_PERCENTILE
2023-03-22,医药,10322.922,1.123,15.9,50.0,2019-03-26,PRICE_PERCENTILE
2023-03-22,半导体,4460.417,0.9924,94.56,50.0,2020-06-02,PRICE_PERCENTILE
2023-03-22,新能源,3293.265,1.9727,29.49,50.0,2020-04-03,PRICE_PERCENTILE
2023-03-22,沪深300,3999.443,1.4065,21.92,50.0,2009-07-10,PRICE_PERCENTILE
2023-03-22,消费,21427.57,2.7607,30.9,50.0,2015-03-24,PRICE_PERCENTILE
2023-03-22,科技,2341.923,2.3747,20.64,50.0,2011-09-20,PRICE_PERCENTILE
2023-03-23,医药,10311.111,1.1219,15.36,50.0,2019-03-26,PRICE_PERCENTILE
2023-03-23,半导体,4542.995,1.0314,97.5,50.0,2020-06-02,PRICE_PERCENTILE
2023-03-23,新能源,3285.542,1.965,29.44,50.0,2020-04-03,PRICE_PERCENTILE
2023-03-23,沪深300,4039.09,1.4197,25.35,50.0,2009-07-10,PRICE_PERCENTILE
2023-03-23,消费,21546.316,2.775,33.03,50.0,2015-03-24,PRICE_PERCENTILE
2023-03-23,科技,2361.409,2.3933,23.05,50.0,2011-09-20,PRICE_PERCENTILE
2023-03-24,医药,10206.748,1.1114,12.4,50.0,2019-03-26,PRICE_PERCENTILE
2023-03-24,半导体,4427.103,1.0244,93.26,50.0,2020-06-02,PRICE_PERCENTILE
2023-03-24,新能源,3288.329,1.9675,29.54,50.0,2020-04-03,PRICE_PERCENTILE
2023-03-24,沪深300,4027.046,1.4157,24.55,50.0,2009-07-10,PRICE_PERCENTILE
2023-03-24,消费,21585.817,2.7798,34.14,50.0,2015-03-24,PRICE_PERCENTILE
2023-03-24,科技,2370.38,2.4018,24.04,50.0,2011-09-20,PRICE_PERCENTILE
2023-03-27,医药,10319.273,1.1229,15.84,50.0,2019-03-26,PRICE_PERCENTILE
2023-03-27,半导体,4345.451,1.0059,89.75,50.0,2020-06-02,PRICE_PERCENTILE
2023-03-27,新能源,3295.716,1.9718,29.78,50.0,2020-04-03,PRICE_PERCENTILE
2023-03-27,沪深300,4012.477,1.4108,23.12,50.0,2009-07-10,PRICE_PERCENTILE
2023-03-27,消费,21484.036,2.7672,31.55,50.0,2015-03-24,PRICE_PERCENTILE
2023-03-27,科技,2398.015,2.4283,26.95,50.0,2011-09-20,PRICE_PERCENTILE
2023-03-28,医药,10361.698,1.1269,17.35,50.0,2019-03-26,PRICE_PERCENTILE
2023-03-28,半导体,4351.282,0.9795,89.91,50.0,2020-06-02,PRICE_PERCENTILE
2023-03-28,新能源,3264.212,1.9567,28.77,50.0,2020-04-03,PRICE_PERCENTILE
2023-03-28,沪深300,3999.515,1.4064,21.94,50.0,2009-07-10,PRICE_PERCENTILE
2023-03-28,消费,21765.736,2.8011,36.86,50.0,2015-03-24,PRICE_PERCENTILE
2023-03-28,科技,2369.172,2.4005,23.85,50.0,2011-09-20,PRICE_PERCENTILE
2023-03-29,医药,10284.089,1.119,14.27,50.0,2019-03-26,PRICE_PERCENTILE
2023-03-29,半导体,4247.472,1.0109,81.46,50.0,2020-06-02,PRICE_PERCENTILE
2023-03-29,新能源,3286.747,1.9667,29.56,50.0,2020-04-03,PRICE_PERCENTILE
2023-03-29,沪深300,4006.144,1.4086,22.8,50.0,2009-07-10,PRICE_PERCENTILE
2023-03-29,消费,21795.572,2.8046,37.58,50.0,2015-03-24,PRICE_PERCENTILE
2023-03-29,科技,2371.19,2.4024,24.2,50.0,2011-09-20,PRICE_PERCENTILE
2023-03-30,医药,10327.674,1.1233,16.41,50.0,2019-03-26,PRICE_PERCENTILE
2023-03-30,半导体,4272.118,1.0246,83.82,50.0,2020-06-02,PRICE_PERCENTILE
2023-03-30,新能源,3314.126,1.9806,30.48,50.0,2020-04-03,PRICE_PERCENTILE
2023-03-30,沪深300,4038.526,1.4195,25.7,50.0,2009-07-10,PRICE_PERCENTILE
2023-03-30,消费,22053.73,2.8359,41.09,50.0,2015-03-24,PRICE_PERCENTILE
2023-03-30,科技,2383.038,2.4142,26.21,50.0,2011-09-20,PRICE_PERCENTILE
2023-03-31,医药,10305.553,1.121,15.25,50.0,2019-03-26,PRICE_PERCENTILE
2023-03-31,半导体,4276.079,1.0323,83.99,50.0,2020-06-02,PRICE_PERCENTILE
2023-03-31,新能源,3320.59,1.9832,30.85,50.0,2020-04-03,PRICE_PERCENTILE
2023-03-31,沪深300,4050.926,1.4237,26.68,50.0,2009-07-10,PRICE_PERCENTILE
2023-03-31,消费,22112.825,2.843,42.06,50.0,2015-03-24,PRICE_PERCENTILE
2023-03-31,科技,2399.502,2.4299,27.7,50.0,2011-09-20,PRICE_PERCENTILE
2023-04-03,医药,10179.201,1.1082,11.29,50.0,2019-03-26,PRICE_PERCENTILE
2023-04-03,半导体,4323.54,1.084,87.94,50.0,2020-06-02,PRICE_PERCENTILE
2023-04-03,新能源,3332.76,1.9913,31.64,50.0,2020-04-03,PRICE_PERCENTILE
2023-04-03,沪深300,4090.568,1.4368,29.95,50.0,2009-07-10,PRICE_PERCENTILE
2023-04-03,消费,22048.41,2.8351,40.86,50.0,2015-03-24,PRICE_PERCENTILE
2023-04-03,科技,2440.207,2.4689,31.22,50.0,2011-09-20,PRICE_PERCENTILE
2023-04-04,医药,10272.715,1.1176,14.07,50.0,2019-03-26,PRICE_PERCENTILE
2023-04-04,半导体,4515.114,1.0981,96.81,50.0,2020-06-02,PRICE_PERCENTILE
2023-04-04,新能源,3254.023,1.9485,28.16,50.0,2020-04-03,PRICE_PERCENTILE
2023-04-04,沪深300,4103.105,1.4413,31.18,50.0,2009-07-10,PRICE_PERCENTILE
2023-04-04,消费,22289.834,2.8642,45.75,50.0,2015-03-24,PRICE_PERCENTILE
2023-04-04,科技,2421.655,2.4509,29.4,50.0,2011-09-20,PRICE_PERCENTILE
2023-04-06,医药,10340.044,1.1244,17.47,50.0,2019-03-26,PRICE_PERCENTILE
2023-04-06,半导体,4530.308,1.1417,97.25,50.0,2020-06-02,PRICE_PERCENTILE
2023-04-06,新能源,3247.135,1.9423,27.85,50.0,2020-04-03,PRICE_PERCENTILE
2023-04-06,沪深300,4096.64,1.4392,30.63,50.0,2009-07-10,PRICE_PERCENTILE
2023-04-06,消费,21960.203,2.8243,40.0,50.0,2015-03-24,PRICE_PERCENTILE
2023-04-06,科技,2426.567,2.4556,30.13,50.0,2011-09-20,PRICE_PERCENTILE
2023-04-07,医药,10604.212,1.1508,25.16,50.0,2019-03-26,PRICE_PERCENTILE
2023-04-07,半导体,4489.672,1.1525,95.08,50.0,2020-06-02,PRICE_PERCENTILE
2023-04-07,新能源,3253.299,1.9464,28.22,50.0,2020-04-03,PRICE_PERCENTILE
2023-04-07,沪深300,4123.28,1.4481,33.25,50.0,2009-07-10,PRICE_PERCENTILE
2023-04-07,消费,21837.772,2.8094,37.55,50.0,2015-03-24,PRICE_PERCENTILE
2023-04-07,科技,2446.945,2.4752,31.98,50.0,2011-09-20,PRICE_PERCENTILE
2023-04-10,医药,10650.466,1.1554,26.14,50.0,2019-03-26,PRICE_PERCENTILE
2023-04-10,半导体,4528.021,1.1178,97.11,50.0,2020-06-02,PRICE_PERCENTILE
2023-04-10,新能源,3324.302,1.9853,31.33,50.0,2020-04-03,PRICE_PERCENTILE
2023-04-10,沪深300,4104.812,1.442,31.44,50.0,2009-07-10,PRICE_PERCENTILE
2023-04-10,消费,21617.832,2.7829,34.22,50.0,2015-03-24,PRICE_PERCENTILE
2023-04-10,科技,2443.521,2.472,31.57,50.0,2011-09-20,PRICE_PERCENTILE
2023-04-11,医药,10621.642,1.1521,25.6,50.0,2019-03-26,PRICE_PERCENTILE
2023-04-11,半导体,4541.49,1.1186,97.4,50.0,2020-06-02,PRICE_PERCENTILE
2023-04-11,新能源,3326.49,1.99,31.56,50.0,2020-04-03,PRICE_PERCENTILE
2023-04-11,沪深300,4100.148,1.4404,30.9,50.0,2009-07-10,PRICE_PERCENTILE
2023-04-11,消费,21329.744,2.748,29.63,50.0,2015-03-24,PRICE_PERCENTILE
2023-04-11,科技,2439.396,2.4679,31.27,50.0,2011-09-20,PRICE_PERCENTILE
2023-04-12,医药,10533.716,1.1434,23.05,50.0,2019-03-26,PRICE_PERCENTILE
2023-04-12,半导体,4604.867,1.1334,98.85,50.0,2020-06-02,PRICE_PERCENTILE
2023-04-12,新能源,3277.154,1.9626,29.33,50.0,2020-04-03,PRICE_PERCENTILE
2023-04-12,沪深300,4097.288,1.4395,30.6,50.0,2009-07-10,PRICE_PERCENTILE
2023-04-12,消费,20894.303,2.6953,22.92,50.0,2015-03-24,PRICE_PERCENTILE
2023-04-12,科技,2429.293,2.4582,30.48,50.0,2011-09-20,PRICE_PERCENTILE
2023-04-13,医药,10718.081,1.1619,27.67,50.0,2019-03-26,PRICE_PERCENTILE
2023-04-13,半导体,4623.541,1.0941,99.14,50.0,2020-06-02,PRICE_PERCENTILE
2023-04-13,新能源,3239.31,1.9435,27.38,50.0,2020-04-03,PRICE_PERCENTILE
2023-04-13,沪深300,4068.979,1.4301,27.55,50.0,2009-07-10,PRICE_PERCENTILE
2023-04-13,消费,20993.141,2.7071,24.15,50.0,2015-03-24,PRICE_PERCENTILE
2023-04-13,科技,2405.76,2.4355,28.18,50.0,2011-09-20,PRICE_PERCENTILE
2023-04-14,医药,10696.605,1.1595,27.39,50.0,2019-03-26,PRICE_PERCENTILE
2023-04-14,半导体,4728.937,1.1436,100.0,50.0,2020-06-02,PRICE_PERCENTILE
2023-04-14,新能源,3315.499,1.9874,30.88,50.0,2020-04-03,PRICE_PERCENTILE
2023-04-14,沪深300,4091.999,1.4377,30.15,50.0,2009-07-10,PRICE_PERCENTILE
2023-04-14,消费,20787.692,2.6824,21.86,50.0,2015-03-24,PRICE_PERCENTILE
2023-04-14,科技,2428.09,2.457,30.15,50.0,2011-09-20,PRICE_PERCENTILE
2023-04-17,医药,10739.279,1.1637,28.11,50.0,2019-03-26,PRICE_PERCENTILE
2023-04-17,半导体,4820.063,1.1366,100.0,50.0,2020-06-02,PRICE_PERCENTILE
2023-04-17,新能源,3343.754,2.0023,33.02,50.0,2020-04-03,PRICE_PERCENTILE
2023-04-17,沪深300,4149.384,1.4568,37.01,50.0,2009-07-10,PRICE_PERCENTILE
2023-04-17,消费,21019.985,2.7102,24.59,50.0,2015-03-24,PRICE_PERCENTILE
2023-04-17,科技,2434.442,2.463,31.24,50.0,2011-09-20,PRICE_PERCENTILE
2023-04-18,医药,10627.17,1.1527,25.69,50.0,2019-03-26,PRICE_PERCENTILE
2023-04-18,半导体,4816.307,1.1168,99.86,50.0,2020-06-02,PRICE_PERCENTILE
2023-04-18,新能源,3343.079,2.0015,32.84,50.0,2020-04-03,PRICE_PERCENTILE
2023-04-18,沪深300,4162.032,1.461,38.47,50.0,2009-07-10,PRICE_PERCENTILE
2023-04-18,消费,21110.27,2.7213,25.44,50.0,2015-03-24,PRICE_PERCENTILE
2023-04-18,科技,2431.1,2.4602,30.7,50.0,2011-09-20,PRICE_PERCENTILE
2023-04-19,医药,10508.991,1.1409,22.53,50.0,2019-03-26,PRICE_PERCENTILE
2023-04-19,半导体,4743.696,1.114,99.71,50.0,2020-06-02,PRICE_PERCENTILE
2023-04-19,新能源,3327.488,1.9932,31.84,50.0,2020-04-03,PRICE_PERCENTILE
2023-04-19,沪深300,4124.559,1.4485,33.92,50.0,2009-07-10,PRICE_PERCENTILE
2023-04-19,消费,20966.854,2.7039,23.65,50.0,2015-03-24,PRICE_PERCENTILE
2023-04-19,科技,2415.76,2.4455,28.66,50.0,2011-09-20,PRICE_PERCENTILE
2023-04-20,医药,10346.712,1.1246,17.38,50.0,2019-03-26,PRICE_PERCENTILE
2023-04-20,半导体,4836.6,1.1382,100.0,50.0,2020-06-02,PRICE_PERCENTILE
2023-04-20,新能源,3231.366,1.94,27.2,50.0,2020-04-03,PRICE_PERCENTILE
2023-04-20,沪深300,4113.019,1.4447,32.88,50.0,2009-07-10,PRICE_PERCENTILE
2023-04-20,消费,20726.231,2.6747,21.38,50.0,2015-03-24,PRICE_PERCENTILE
2023-04-20,科技,2386.674,2.4174,26.25,50.0,2011-09-20,PRICE_PERCENTILE
2023-04-21,医药,10225.501,1.1124,13.11,50.0,2019-03-26,PRICE_PERCENTILE
2023-04-21,半导体,4739.984,1.0771,99.43,50.0,2020-06-02,PRICE_PERCENTILE
2023-04-21,新能源,3192.649,1.9161,26.22,50.0,2020-04-03,PRICE_PERCENTILE
2023-04-21,沪深300,4032.567,1.4179,24.84,50.0,2009-07-10,PRICE_PERCENTILE
2023-04-21,消费,20591.368,2.6585,20.6,50.0,2015-03-24,PRICE_PERCENTILE
2023-04-21,科技,2341.191,2.3739,20.1,50.0,2011-09-20,PRICE_PERCENTILE
2023-04-24,医药,10182.5,1.1079,11.35,50.0,2019-03-26,PRICE_PERCENTILE
2023-04-24,半导体,4728.592,1.0493,99.15,50.0,2020-06-02,PRICE_PERCENTILE
2023-04-24,新能源,3155.133,1.8962,23.89,50.0,2020-04-03,PRICE_PERCENTILE
2023-04-24,沪深300,3982.643,1.4011,19.45,50.0,2009-07-10,PRICE_PERCENTILE
2023-04-24,消费,20219.142,2.6135,18.58,50.0,2015-03-24,PRICE_PERCENTILE
2023-04-24,科技,2301.238,2.3356,16.33,50.0,2011-09-20,PRICE_PERCENTILE
2023-04-25,医药,9987.455,1.088,6.35,50.0,2019-03-26,PRICE_PERCENTILE
2023-04-25,半导体,4683.503,1.0235,98.86,50.0,2020-06-02,PRICE_PERCENTILE
2023-04-25,新能源,3019.347,1.8174,19.81,50.0,2020-04-03,PRICE_PERCENTILE
2023-04-25,沪深300,3962.666,1.3944,18.18,50.0,2009-07-10,PRICE_PERCENTILE
2023-04-25,消费,20472.413,2.6443,19.8,50.0,2015-03-24,PRICE_PERCENTILE
2023-04-25,科技,2259.193,2.2954,14.2,50.0,2011-09-20,PRICE_PERCENTILE
2023-04-26,医药,10033.241,1.0924,7.71,50.0,2019-03-26,PRICE_PERCENTILE
2023-04-26,半导体,4604.085,0.9991,97.44,50.0,2020-06-02,PRICE_PERCENTILE
2023-04-26,新能源,3140.964,1.8835,23.55,50.0,2020-04-03,PRICE_PERCENTILE
2023-04-26,沪深300,3959.232,1.3937,17.79,50.0,2009-07-10,PRICE_PERCENTILE
2023-04-26,消费,20429.488,2.639,19.4,50.0,2015-03-24,PRICE_PERCENTILE
2023-04-26,科技,2294.057,2.331,16.04,50.0,2011-09-20,PRICE_PERCENTILE
2023-04-27,医药,10190.937,1.1082,11.93,50.0,2019-03-26,PRICE_PERCENTILE
2023-04-27,半导体,4704.035,0.9997,99.01,50.0,2020-06-02,PRICE_PERCENTILE
2023-04-27,新能源,3171.934,1.8983,25.0,50.0,2020-04-03,PRICE_PERCENTILE
2023-04-27,沪深300,3988.419,1.4035,20.75,50.0,2009-07-10,PRICE_PERCENTILE
2023-04-27,消费,20540.301,2.6539,20.75,50.0,2015-03-24,PRICE_PERCENTILE
2023-04-27,科技,2307.271,2.3436,17.02,50.0,2011-09-20,PRICE_PERCENTILE
2023-04-28,医药,10188.964,1.1082,11.91,50.0,2019-03-26,PRICE_PERCENTILE
2023-04-28,半导体,4873.383,1.0109,100.0,50.0,2020-06-02,PRICE_PERCENTILE
2023-04-28,新能源,3162.979,1.8918,24.7,50.0,2020-04-03,PRICE_PERCENTILE
2023-04-28,沪深300,4029.086,1.417,25.19,50.0,2009-07-10,PRICE_PERCENTILE
2023-04-28,消费,20761.505,2.6808,22.21,50.0,2015-03-24,PRICE_PERCENTILE
2023-04-28,科技,2324.715,2.3601,18.61,50.0,2011-09-20,PRICE_PERCENTILE
2023-05-04,医药,10261.035,1.1153,14.13,50.0,2019-03-26,PRICE_PERCENTILE
2023-05-04,半导体,4961.275,0.9862,100.0,50.0,2020-06-02,PRICE_PERCENTILE
2023-05-04,新能源,3135.212,1.8779,23.46,50.0,2020-04-03,PRICE_PERCENTILE
2023-05-04,沪深300,4030.247,1.4174,25.28,50.0,2009-07-10,PRICE_PERCENTILE
2023-05-04,消费,20581.639,2.6588,20.94,50.0,2015-03-24,PRICE_PERCENTILE
2023-05-04,科技,2297.67,2.334,16.36,50.0,2011-09-20,PRICE_PERCENTILE
2023-05-05,医药,10095.062,1.0987,9.28,50.0,2019-03-26,PRICE_PERCENTILE
2023-05-05,半导体,4932.118,0.98,99.86,50.0,2020-06-02,PRICE_PERCENTILE
2023-05-05,新能源,3096.048,1.8564,22.36,50.0,2020-04-03,PRICE_PERCENTILE
2023-05-05,沪深300,4016.877,1.4129,23.89,50.0,2009-07-10,PRICE_PERCENTILE
2023-05-05,消费,20648.233,2.6668,21.66,50.0,2015-03-24,PRICE_PERCENTILE
2023-05-05,科技,2267.632,2.3058,14.98,50.0,2011-09-20,PRICE_PERCENTILE
2023-05-08,医药,10082.294,1.0974,8.9,50.0,2019-03-26,PRICE_PERCENTILE
2023-05-08,半导体,4986.42,0.9793,100.0,50.0,2020-06-02,PRICE_PERCENTILE
2023-05-08,新能源,3121.265,1.8684,23.26,50.0,2020-04-03,PRICE_PERCENTILE
2023-05-08,沪深300,4062.662,1.4281,27.81,50.0,2009-07-10,PRICE_PERCENTILE
2023-05-08,消费,20453.119,2.6431,19.65,50.0,2015-03-24,PRICE_PERCENTILE
2023-05-08,科技,2273.4,2.3112,15.2,50.0,2011-09-20,PRICE_PERCENTILE
2023-05-09,医药,9949.624,1.0845,5.19,50.0,2019-03-26,PRICE_PERCENTILE
2023-05-09,半导体,4857.467,0.9621,99.44,50.0,2020-06-02,PRICE_PERCENTILE
2023-05-09,新能源,3064.581,1.8376,20.96,50.0,2020-04-03,PRICE_PERCENTILE
2023-05-09,沪深300,4027.875,1.4166,24.94,50.0,2009-07-10,PRICE_PERCENTILE
2023-05-09,消费,20457.859,2.6439,19.75,50.0,2015-03-24,PRICE_PERCENTILE
2023-05-09,科技,2245.823,2.2849,13.95,50.0,2011-09-20,PRICE_PERCENTILE
2023-05-10,医药,9972.858,1.0868,6.04,50.0,2019-03-26,PRICE_PERCENTILE
2023-05-10,半导体,4780.34,0.9519,98.87,50.0,2020-06-02,PRICE_PERCENTILE
2023-05-10,新能源,3150.973,1.8855,24.13,50.0,2020-04-03,PRICE_PERCENTILE
2023-05-10,沪深300,3996.87,1.4062,21.33,50.0,2009-07-10,PRICE_PERCENTILE
2023-05-10,消费,20327.416,2.629,18.74,50.0,2015-03-24,PRICE_PERCENTILE
2023-05-10,科技,2262.217,2.3007,14.55,50.0,2011-09-20,PRICE_PERCENTILE
2023-05-11,医药,9932.59,1.0827,4.93,50.0,2019-03-26,PRICE_PERCENTILE
2023-05-11,半导体,4744.791,0.9568,98.74,50.0,2020-06-02,PRICE_PERCENTILE
2023-05-11,新能源,3208.918,1.9163,27.83,50.0,2020-04-03,PRICE_PERCENTILE
2023-05-11,沪深300,3990.664,1.4041,20.81,50.0,2009-07-10,PRICE_PERCENTILE
2023-05-11,消费,20266.895,2.6216,18.6,50.0,2015-03-24,PRICE_PERCENTILE
2023-05-11,科技,2276.571,2.3146,15.64,50.0,2011-09-20,PRICE_PERCENTILE
2023-05-12,医药,9888.595,1.0782,4.18,50.0,2019-03-26,PRICE_PERCENTILE
2023-05-12,半导体,4581.543,0.9468,95.93,50.0,2020-06-02,PRICE_PERCENTILE
2023-05-12,新能源,3159.727,1.8901,25.0,50.0,2020-04-03,PRICE_PERCENTILE
2023-05-12,沪深300,3937.762,1.3865,15.25,50.0,2009-07-10,PRICE_PERCENTILE
2023-05-12,消费,20127.162,2.6047,18.2,50.0,2015-03-24,PRICE_PERCENTILE
2023-05-12,科技,2252.38,2.2913,14.15,50.0,2011-09-20,PRICE_PERCENTILE
2023-05-15,医药,10066.268,1.0968,9.09,50.0,2019-03-26,PRICE_PERCENTILE
2023-05-15,半导体,4587.967,0.9565,95.94,50.0,2020-06-02,PRICE_PERCENTILE
2023-05-15,新能源,3266.184,1.9537,30.15,50.0,2020-04-03,PRICE_PERCENTILE
2023-05-15,沪深300,3998.887,1.4069,21.87,50.0,2009-07-10,PRICE_PERCENTILE
2023-05-15,消费,20256.01,2.6201,18.67,50.0,2015-03-24,PRICE_PERCENTILE
2023-05-15,科技,2299.93,2.3372,17.2,50.0,2011-09-20,PRICE_PERCENTILE
2023-05-16,医药,10164.141,1.1068,12.02,50.0,2019-03-26,PRICE_PERCENTILE
2023-05-16,半导体,4502.467,0.9662,93.01,50.0,2020-06-02,PRICE_PERCENTILE
2023-05-16,新能源,3262.073,1.9521,29.97,50.0,2020-04-03,PRICE_PERCENTILE
2023-05-16,沪深300,3978.205,1.4002,19.14,50.0,2009-07-10,PRICE_PERCENTILE
2023-05-16,消费,20118.357,2.6034,18.16,50.0,2015-03-24,PRICE_PERCENTILE
2023-05-16,科技,2294.192,2.332,16.69,50.0,2011-09-20,PRICE_PERCENTILE
2023-05-17,医药,10085.052,1.0986,9.68,50.0,2019-03-26,PRICE_PERCENTILE
2023-05-17,半导体,4506.431,0.9745,93.16,50.0,2020-06-02,PRICE_PERCENTILE
2023-05-17,新能源,3247.671,1.9436,29.01,50.0,2020-04-03,PRICE_PERCENTILE
2023-05-17,沪深300,3960.165,1.3942,17.89,50.0,2009-07-10,PRICE_PERCENTILE
2023-05-17,消费,19924.081,2.5799,17.65,50.0,2015-03-24,PRICE_PERCENTILE
2023-05-17,科技,2293.644,2.3315,16.42,50.0,2011-09-20,PRICE_PERCENTILE
2023-05-18,医药,10007.325,1.0909,7.34,50.0,2019-03-26,PRICE_PERCENTILE
2023-05-18,半导体,4508.194,0.9749,93.17,50.0,2020-06-02,PRICE_PERCENTILE
2023-05-18,新能源,3207.918,1.9239,27.78,50.0,2020-04-03,PRICE_PERCENTILE
2023-05-18,沪深300,3956.07,1.3929,16.77,50.0,2009-07-10,PRICE_PERCENTILE
2023-05-18,消费,19709.537,2.5539,17.01,50.0,2015-03-24,PRICE_PERCENTILE
2023-05-18,科技,2277.974,2.3165,15.79,50.0,2011-09-20,PRICE_PERCENTILE
2023-05-19,医药,10121.306,1.103,11.12,50.0,2019-03-26,PRICE_PERCENTILE
2023-05-19,半导体,4441.546,0.9908,89.97,50.0,2020-06-02,PRICE_PERCENTILE
2023-05-19,新能源,3190.887,1.9153,26.95,50.0,2020-04-03,PRICE_PERCENTILE
2023-05-19,沪深300,3944.54,1.3895,15.65,50.0,2009-07-10,PRICE_PERCENTILE
2023-05-19,消费,19885.583,2.5752,17.73,50.0,2015-03-24,PRICE_PERCENTILE
2023-05-19,科技,2278.585,2.3173,15.89,50.0,2011-09-20,PRICE_PERCENTILE
2023-05-22,医药,10169.536,1.1081,12.45,50.0,2019-03-26,PRICE_PERCENTILE
2023-05-22,半导体,4414.483,0.9827,89.15,50.0,2020-06-02,PRICE_PERCENTILE
2023-05-22,新能源,3212.493,1.9283,28.23,50.0,2020-04-03,PRICE_PERCENTILE
2023-05-22,沪深300,3969.328,1.3977,19.17,50.0,2009-07-10,PRICE_PERCENTILE
2023-05-22,消费,20298.417,2.6256,19.29,50.0,2015-03-24,PRICE_PERCENTILE
2023-05-22,科技,2280.151,2.3187,16.0,50.0,2011-09-20,PRICE_PERCENTILE
2023-05-23,医药,10181.925,1.1092,12.8,50.0,2019-03-26,PRICE_PERCENTILE
2023-05-23,半导体,4328.995,0.9633,84.72,50.0,2020-06-02,PRICE_PERCENTILE
2023-05-23,新能源,3173.155,1.9091,25.56,50.0,2020-04-03,PRICE_PERCENTILE
2023-05-23,沪深300,3913.188,1.379,13.66,50.0,2009-07-10,PRICE_PERCENTILE
2023-05-23,消费,20048.783,2.5952,18.41,50.0,2015-03-24,PRICE_PERCENTILE
2023-05-23,科技,2253.331,2.2929,14.15,50.0,2011-09-20,PRICE_PERCENTILE
2023-05-24,医药,10031.226,1.0937,8.04,50.0,2019-03-26,PRICE_PERCENTILE
2023-05-24,半导体,4251.523,0.9626,77.81,50.0,2020-06-02,PRICE_PERCENTILE
2023-05-24,新能源,3157.641,1.8987,24.47,50.0,2020-04-03,PRICE_PERCENTILE
2023-05-24,沪深300,3859.094,1.3609,10.84,50.0,2009-07-10,PRICE_PERCENTILE
2023-05-24,消费,19782.536,2.5628,17.42,50.0,2015-03-24,PRICE_PERCENTILE
2023-05-24,科技,2245.257,2.2854,13.76,50.0,2011-09-20,PRICE_PERCENTILE
2023-05-25,医药,9969.915,1.0874,6.08,50.0,2019-03-26,PRICE_PERCENTILE
2023-05-25,半导体,4251.5,0.9724,77.7,50.0,2020-06-02,PRICE_PERCENTILE
2023-05-25,新能源,3141.136,1.8888,23.65,50.0,2020-04-03,PRICE_PERCENTILE
2023-05-25,沪深300,3850.5,1.3581,10.22,50.0,2009-07-10,PRICE_PERCENTILE
2023-05-25,消费,19605.022,2.5415,16.67,50.0,2015-03-24,PRICE_PERCENTILE
2023-05-25,科技,2244.184,2.2846,13.63,50.0,2011-09-20,PRICE_PERCENTILE
2023-05-26,医药,10062.453,1.0968,9.36,50.0,2019-03-26,PRICE_PERCENTILE
2023-05-26,半导体,4257.376,0.984,78.15,50.0,2020-06-02,PRICE_PERCENTILE
2023-05-26,新能源,3088.002,1.8613,21.78,50.0,2020-04-03,PRICE_PERCENTILE
2023-05-26,沪深300,3850.951,1.3585,10.33,50.0,2009-07-10,PRICE_PERCENTILE
2023-05-26,消费,19576.494,2.5382,16.52,50.0,2015-03-24,PRICE_PERCENTILE
2023-05-26,科技,2229.268,2.2701,13.49,50.0,2011-09-20,PRICE_PERCENTILE
2023-05-29,医药,10038.969,1.0956,8.86,50.0,2019-03-26,PRICE_PERCENTILE
2023-05-29,半导体,4296.383,0.9889,82.18,50.0,2020-06-02,PRICE_PERCENTILE
2023-05-29,新能源,3041.687,1.8374,19.79,50.0,2020-04-03,PRICE_PERCENTILE
2023-05-29,沪深300,3833.942,1.353,8.74,50.0,2009-07-10,PRICE_PERCENTILE
2023-05-29,消费,19396.176,2.5174,16.14,50.0,2015-03-24,PRICE_PERCENTILE
2023-05-29,科技,2203.842,2.2471,12.74,50.0,2011-09-20,PRICE_PERCENTILE
2023-05-30,医药,9935.557,1.0851,5.09,50.0,2019-03-26,PRICE_PERCENTILE
2023-05-30,半导体,4387.719,0.9911,88.14,50.0,2020-06-02,PRICE_PERCENTILE
2023-05-30,新能源,3081.163,1.854,21.6,50.0,2020-04-03,PRICE_PERCENTILE
2023-05-30,沪深300,3837.753,1.3543,9.21,50.0,2009-07-10,PRICE_PERCENTILE
2023-05-30,消费,19204.686,2.4941,15.39,50.0,2015-03-24,PRICE_PERCENTILE
2023-05-30,科技,2218.603,2.2614,13.09,50.0,2011-09-20,PRICE_PERCENTILE
2023-05-31,医药,9788.453,1.0704,2.78,50.0,2019-03-26,PRICE_PERCENTILE
2023-05-31,半导体,4385.679,0.9984,88.02,50.0,2020-06-02,PRICE_PERCENTILE
2023-05-31,新能源,3047.614,1.8351,20.13,50.0,2020-04-03,PRICE_PERCENTILE
2023-05-31,沪深300,3798.543,1.3419,6.66,50.0,2009-07-10,PRICE_PERCENTILE
2023-05-31,消费,18840.341,2.4501,14.16,50.0,2015-03-24,PRICE_PERCENTILE
2023-05-31,科技,2193.408,2.2376,12.35,50.0,2011-09-20,PRICE_PERCENTILE
2023-06-01,医药,9774.467,1.0689,2.66,50.0,2019-03-26,PRICE_PERCENTILE
2023-06-01,半导体,4393.296,0.996,88.45,50.0,2020-06-02,PRICE_PERCENTILE
2023-06-01,新能源,3058.982,1.8418,20.63,50.0,2020-04-03,PRICE_PERCENTILE
2023-06-01,沪深300,3806.868,1.3456,7.13,50.0,2009-07-10,PRICE_PERCENTILE
2023-06-01,消费,18947.009,2.4642,14.51,50.0,2015-03-24,PRICE_PERCENTILE
2023-06-01,科技,2206.426,2.2504,12.94,50.0,2011-09-20,PRICE_PERCENTILE
2023-06-02,医药,9807.156,1.0723,3.14,50.0,2019-03-26,PRICE_PERCENTILE
2023-06-02,半导体,4379.986,0.9943,87.36,50.0,2020-06-02,PRICE_PERCENTILE
2023-06-02,新能源,3133.808,1.8859,23.86,50.0,2020-04-03,PRICE_PERCENTILE
2023-06-02,沪深300,3861.834,1.3642,11.59,50.0,2009-07-10,PRICE_PERCENTILE
2023-06-02,消费,19302.507,2.5072,16.18,50.0,2015-03-24,PRICE_PERCENTILE
2023-06-02,科技,2233.275,2.2768,14.01,50.0,2011-09-20,PRICE_PERCENTILE
2023-06-05,医药,9787.85,1.0703,2.9,50.0,2019-03-26,PRICE_PERCENTILE
2023-06-05,半导体,4333.983,0.9959,84.91,50.0,2020-06-02,PRICE_PERCENTILE
2023-06-05,新能源,3093.417,1.8687,22.4,50.0,2020-04-03,PRICE_PERCENTILE
2023-06-05,沪深300,3844.249,1.3582,10.13,50.0,2009-07-10,PRICE_PERCENTILE
2023-06-05,消费,19022.424,2.4733,14.72,50.0,2015-03-24,PRICE_PERCENTILE
2023-06-05,科技,2202.136,2.2467,12.79,50.0,2011-09-20,PRICE_PERCENTILE
2023-06-06,医药,9603.392,1.0519,1.93,50.0,2019-03-26,PRICE_PERCENTILE
2023-06-06,半导体,4299.114,0.9681,81.78,50.0,2020-06-02,PRICE_PERCENTILE
2023-06-06,新能源,3054.565,1.845,20.42,50.0,2020-04-03,PRICE_PERCENTILE
2023-06-06,沪深300,3808.163,1.3463,7.35,50.0,2009-07-10,PRICE_PERCENTILE
2023-06-06,消费,18977.736,2.468,14.58,50.0,2015-03-24,PRICE_PERCENTILE
2023-06-06,科技,2164.811,2.2109,11.2,50.0,2011-09-20,PRICE_PERCENTILE
2023-06-07,医药,9469.5,1.0386,1.93,50.0,2019-03-26,PRICE_PERCENTILE
2023-06-07,半导体,4289.184,0.9704,80.85,50.0,2020-06-02,PRICE_PERCENTILE
2023-06-07,新能源,2986.724,1.8104,18.96,50.0,2020-04-03,PRICE_PERCENTILE
2023-06-07,沪深300,3789.342,1.3402,6.02,50.0,2009-07-10,PRICE_PERCENTILE
2023-06-07,消费,18810.395,2.4474,14.08,50.0,2015-03-24,PRICE_PERCENTILE
2023-06-07,科技,2129.898,2.1778,9.75,50.0,2011-09-20,PRICE_PERCENTILE
2023-06-08,医药,9414.161,1.0336,1.92,50.0,2019-03-26,PRICE_PERCENTILE
2023-06-08,半导体,4373.338,0.9525,86.89,50.0,2020-06-02,PRICE_PERCENTILE
2023-06-08,新能源,2982.513,1.8088,18.94,50.0,2020-04-03,PRICE_PERCENTILE
2023-06-08,沪深300,3820.187,1.3505,7.81,50.0,2009-07-10,PRICE_PERCENTILE
2023-06-08,消费,19017.938,2.4728,14.9,50.0,2015-03-24,PRICE_PERCENTILE
2023-06-08,科技,2123.961,2.1727,9.38,50.0,2011-09-20,PRICE_PERCENTILE
2023-06-09,医药,9508.667,1.044,2.16,50.0,2019-03-26,PRICE_PERCENTILE
2023-06-09,半导体,4379.257,0.9642,87.31,50.0,2020-06-02,PRICE_PERCENTILE
2023-06-09,新能源,3003.311,1.8195,19.3,50.0,2020-04-03,PRICE_PERCENTILE
2023-06-09,沪深300,3836.703,1.357,9.72,50.0,2009-07-10,PRICE_PERCENTILE
2023-06-09,消费,18970.324,2.4679,14.65,50.0,2015-03-24,PRICE_PERCENTILE
2023-06-09,科技,2143.009,2.1911,10.32,50.0,2011-09-20,PRICE_PERCENTILE
2023-06-12,医药,9484.624,1.0416,2.16,50.0,2019-03-26,PRICE_PERCENTILE
2023-06-12,半导体,4331.936,0.9661,84.47,50.0,2020-06-02,PRICE_PERCENTILE
2023-06-12,新能源,3028.133,1.8319,19.79,50.0,2020-04-03,PRICE_PERCENTILE
2023-06-12,沪深300,3844.432,1.3597,10.67,50.0,2009-07-10,PRICE_PERCENTILE
2023-06-12,消费,19375.693,2.5187,17.03,50.0,2015-03-24,PRICE_PERCENTILE
2023-06-12,科技,2152.422,2.2014,11.27,50.0,2011-09-20,PRICE_PERCENTILE
2023-06-13,医药,9458.904,1.0403,2.04,50.0,2019-03-26,PRICE_PERCENTILE
2023-06-13,半导体,4296.751,0.994,81.22,50.0,2020-06-02,PRICE_PERCENTILE
2023-06-13,新能源,3028.26,1.8325,19.9,50.0,2020-04-03,PRICE_PERCENTILE
2023-06-13,沪深300,3864.907,1.3671,12.34,50.0,2009-07-10,PRICE_PERCENTILE
2023-06-13,消费,19388.169,2.5291,17.13,50.0,2015-03-24,PRICE_PERCENTILE
2023-06-13,科技,2166.962,2.2155,11.86,50.0,2011-09-20,PRICE_PERCENTILE
2023-06-14,医药,9479.285,1.044,2.27,50.0,2019-03-26,PRICE_PERCENTILE
2023-06-14,半导体,4275.053,0.9925,78.8,50.0,2020-06-02,PRICE_PERCENTILE
2023-06-14,新能源,3005.592,1.8174,19.35,50.0,2020-04-03,PRICE_PERCENTILE
2023-06-14,沪深300,3864.025,1.3685,12.32,50.0,2009-07-10,PRICE_PERCENTILE
2023-06-14,消费,19657.656,2.5619,18.18,50.0,2015-03-24,PRICE_PERCENTILE
2023-06-14,科技,2163.34,2.212,11.6,50.0,2011-09-20,PRICE_PERCENTILE
2023-06-15,医药,9669.413,1.0638,2.99,50.0,2019-03-26,PRICE_PERCENTILE
2023-06-15,半导体,4286.502,0.9871,80.05,50.0,2020-06-02,PRICE_PERCENTILE
2023-06-15,新能源,3153.917,1.8966,25.39,50.0,2020-04-03,PRICE_PERCENTILE
2023-06-15,沪深300,3925.499,1.3895,16.25,50.0,2009-07-10,PRICE_PERCENTILE
2023-06-15,消费,19956.568,2.5993,19.71,50.0,2015-03-24,PRICE_PERCENTILE
2023-06-15,科技,2237.74,2.2841,15.05,50.0,2011-09-20,PRICE_PERCENTILE
2023-06-16,医药,9686.984,1.0661,3.1,50.0,2019-03-26,PRICE_PERCENTILE
2023-06-16,半导体,4403.066,0.9969,89.02,50.0,2020-06-02,PRICE_PERCENTILE
2023-06-16,新能源,3166.649,1.9038,26.9,50.0,2020-04-03,PRICE_PERCENTILE
2023-06-16,沪深300,3963.351,1.4025,20.29,50.0,2009-07-10,PRICE_PERCENTILE
2023-06-16,消费,20109.819,2.6194,20.17,50.0,2015-03-24,PRICE_PERCENTILE
2023-06-16,科技,2270.064,2.3156,17.18,50.0,2011-09-20,PRICE_PERCENTILE
2023-06-19,医药,9601.024,1.0573,2.62,50.0,2019-03-26,PRICE_PERCENTILE
2023-06-19,半导体,4314.931,1.0009,82.68,50.0,2020-06-02,PRICE_PERCENTILE
2023-06-19,新能源,3136.126,1.8845,24.81,50.0,2020-04-03,PRICE_PERCENTILE
2023-06-19,沪深300,3930.908,1.393,16.45,50.0,2009-07-10,PRICE_PERCENTILE
2023-06-19,消费,19787.315,2.5797,18.95,50.0,2015-03-24,PRICE_PERCENTILE
2023-06-19,科技,2265.185,2.3109,16.81,50.0,2011-09-20,PRICE_PERCENTILE
2023-06-20,医药,9535.03,1.0505,2.62,50.0,2019-03-26,PRICE_PERCENTILE
2023-06-20,半导体,4256.681,0.9988,76.22,50.0,2020-06-02,PRICE_PERCENTILE
2023-06-20,新能源,3137.348,1.8842,24.9,50.0,2020-04-03,PRICE_PERCENTILE
2023-06-20,沪深300,3924.238,1.391,15.95,50.0,2009-07-10,PRICE_PERCENTILE
2023-06-20,消费,19609.724,2.5582,18.1,50.0,2015-03-24,PRICE_PERCENTILE
2023-06-20,科技,2271.419,2.3169,17.38,50.0,2011-09-20,PRICE_PERCENTILE
2023-06-21,医药,9327.668,1.0294,1.43,50.0,2019-03-26,PRICE_PERCENTILE
2023-06-21,半导体,4223.656,0.9608,73.82,50.0,2020-06-02,PRICE_PERCENTILE
2023-06-21,新能源,3090.49,1.857,22.95,50.0,2020-04-03,PRICE_PERCENTILE
2023-06-21,沪深300,3864.032,1.3719,12.37,50.0,2009-07-10,PRICE_PERCENTILE
2023-06-21,消费,19387.82,2.5343,17.0,50.0,2015-03-24,PRICE_PERCENTILE
2023-06-21,科技,2211.836,2.2594,14.03,50.0,2011-09-20,PRICE_PERCENTILE
2023-06-26,医药,9278.167,1.0243,1.19,50.0,2019-03-26,PRICE_PERCENTILE
2023-06-26,半导体,4117.706,0.9479,66.71,50.0,2020-06-02,PRICE_PERCENTILE
2023-06-26,新能源,3082.611,1.8518,22.54,50.0,2020-04-03,PRICE_PERCENTILE
2023-06-26,沪深300,3809.696,1.3539,7.48,50.0,2009-07-10,PRICE_PERCENTILE
2023-06-26,消费,19043.944,2.4939,15.2,50.0,2015-03-24,PRICE_PERCENTILE
2023-06-26,科技,2186.253,2.2346,12.71,50.0,2011-09-20,PRICE_PERCENTILE
2023-06-27,医药,9319.866,1.0285,1.54,50.0,2019-03-26,PRICE_PERCENTILE
2023-06-27,半导体,4265.795,0.9474,77.52,50.0,2020-06-02,PRICE_PERCENTILE
2023-06-27,新能源,3074.602,1.8489,22.12,50.0,2020-04-03,PRICE_PERCENTILE
2023-06-27,沪深300,3845.433,1.3665,10.79,50.0,2009-07-10,PRICE_PERCENTILE
2023-06-27,消费,19111.602,2.5076,15.66,50.0,2015-03-24,PRICE_PERCENTILE
2023-06-27,科技,2191.828,2.2404,12.93,50.0,2011-09-20,PRICE_PERCENTILE
2023-06-28,医药,9311.663,1.0279,1.54,50.0,2019-03-26,PRICE_PERCENTILE
2023-06-28,半导体,4256.546,0.9463,76.08,50.0,2020-06-02,PRICE_PERCENTILE
2023-06-28,新能源,3079.646,1.8512,22.22,50.0,2020-04-03,PRICE_PERCENTILE
2023-06-28,沪深300,3840.799,1.3661,10.31,50.0,2009-07-10,PRICE_PERCENTILE
2023-06-28,消费,19138.662,2.5109,15.76,50.0,2015-03-24,PRICE_PERCENTILE
2023-06-28,科技,2182.095,2.231,12.68,50.0,2011-09-20,PRICE_PERCENTILE
2023-06-29,医药,9310.822,1.028,1.54,50.0,2019-03-26,PRICE_PERCENTILE
2023-06-29,半导体,4267.86,0.9437,77.85,50.0,2020-06-02,PRICE_PERCENTILE
2023-06-29,新能源,3065.371,1.8426,21.43,50.0,2020-04-03,PRICE_PERCENTILE
2023-06-29,沪深300,3821.844,1.3601,7.93,50.0,2009-07-10,PRICE_PERCENTILE
2023-06-29,消费,18933.897,2.4858,14.2,50.0,2015-03-24,PRICE_PERCENTILE
2023-06-29,科技,2180.063,2.2292,12.43,50.0,2011-09-20,PRICE_PERCENTILE
2023-06-30,医药,9395.096,1.0368,2.36,50.0,2019-03-26,PRICE_PERCENTILE
2023-06-30,半导体,4274.501,0.9509,78.55,50.0,2020-06-02,PRICE_PERCENTILE
2023-06-30,新能源,3127.915,1.8802,24.97,50.0,2020-04-03,PRICE_PERCENTILE
2023-06-30,沪深300,3842.452,1.3688,10.52,50.0,2009-07-10,PRICE_PERCENTILE
2023-06-30,消费,18897.21,2.4848,14.07,50.0,2015-03-24,PRICE_PERCENTILE
2023-06-30,科技,2215.001,2.2633,14.54,50.0,2011-09-20,PRICE_PERCENTILE
2023-07-03,医药,9424.7,1.0401,2.72,50.0,2019-03-26,PRICE_PERCENTILE
2023-07-03,半导体,4351.382,0.9559,85.68,50.0,2020-06-02,PRICE_PERCENTILE
2023-07-03,新能源,3159.216,1.8947,27.1,50.0,2020-04-03,PRICE_PERCENTILE
2023-07-03,沪深300,3892.882,1.386,14.52,50.0,2009-07-10,PRICE_PERCENTILE
2023-07-03,消费,19294.003,2.5342,17.0,50.0,2015-03-24,PRICE_PERCENTILE
2023-07-03,科技,2228.211,2.276,15.23,50.0,2011-09-20,PRICE_PERCENTILE
2023-07-04,医药,9464.58,1.0444,2.95,50.0,2019-03-26,PRICE_PERCENTILE
2023-07-04,半导体,4325.831,0.9769,83.42,50.0,2020-06-02,PRICE_PERCENTILE
2023-07-04,新能源,3177.999,1.9026,28.59,50.0,2020-04-03,PRICE_PERCENTILE
2023-07-04,沪深300,3899.013,1.388,15.21,50.0,2009-07-10,PRICE_PERCENTILE
2023-07-04,消费,19363.743,2.5428,17.33,50.0,2015-03-24,PRICE_PERCENTILE
2023-07-04,科技,2232.75,2.2803,15.45,50.0,2011-09-20,PRICE_PERCENTILE
2023-07-05,医药,9418.399,1.0396,2.71,50.0,2019-03-26,PRICE_PERCENTILE
2023-07-05,半导体,4327.207,0.9686,83.58,50.0,2020-06-02,PRICE_PERCENTILE
2023-07-05,新能源,3174.26,1.9026,28.3,50.0,2020-04-03,PRICE_PERCENTILE
2023-07-05,沪深300,3868.805,1.3784,13.43,50.0,2009-07-10,PRICE_PERCENTILE
2023-07-05,消费,19026.642,2.5012,15.19,50.0,2015-03-24,PRICE_PERCENTILE
2023-07-05,科技,2212.415,2.2607,14.49,50.0,2011-09-20,PRICE_PERCENTILE
2023-07-06,医药,9273.382,1.025,1.18,50.0,2019-03-26,PRICE_PERCENTILE
2023-07-06,半导体,4298.203,0.9679,80.93,50.0,2020-06-02,PRICE_PERCENTILE
2023-07-06,新能源,3130.018,1.8759,24.97,50.0,2020-04-03,PRICE_PERCENTILE
2023-07-06,沪深300,3842.755,1.3699,10.71,50.0,2009-07-10,PRICE_PERCENTILE
2023-07-06,消费,18900.224,2.4858,14.12,50.0,2015-03-24,PRICE_PERCENTILE
2023-07-06,科技,2192.187,2.2412,13.18,50.0,2011-09-20,PRICE_PERCENTILE
2023-07-07,医药,9263.64,1.0244,1.18,50.0,2019-03-26,PRICE_PERCENTILE
2023-07-07,半导体,4299.547,0.9515,81.36,50.0,2020-06-02,PRICE_PERCENTILE
2023-07-07,新能源,3092.826,1.856,23.29,50.0,2020-04-03,PRICE_PERCENTILE
2023-07-07,沪深300,3825.699,1.3644,8.34,50.0,2009-07-10,PRICE_PERCENTILE
2023-07-07,消费,18896.478,2.4858,13.98,50.0,2015-03-24,PRICE_PERCENTILE
2023-07-07,科技,2169.208,2.2193,11.99,50.0,2011-09-20,PRICE_PERCENTILE
2023-07-10,医药,9316.423,1.0297,2.0,50.0,2019-03-26,PRICE_PERCENTILE
2023-07-10,半导体,4335.908,0.9552,84.84,50.0,2020-06-02,PRICE_PERCENTILE
2023-07-10,新能源,3140.043,1.8811,25.66,50.0,2020-04-03,PRICE_PERCENTILE
2023-07-10,沪深300,3844.327,1.3707,11.15,50.0,2009-07-10,PRICE_PERCENTILE
2023-07-10,消费,18960.208,2.4934,14.79,50.0,2015-03-24,PRICE_PERCENTILE
2023-07-10,科技,2198.865,2.2479,13.85,50.0,2011-09-20,PRICE_PERCENTILE
2023-07-11,医药,9377.153,1.036,2.7,50.0,2019-03-26,PRICE_PERCENTILE
2023-07-11,半导体,4327.521,0.9814,83.53,50.0,2020-06-02,PRICE_PERCENTILE
2023-07-11,新能源,3176.013,1.9002,28.66,50.0,2020-04-03,PRICE_PERCENTILE
2023-07-11,沪深300,3869.486,1.3793,13.95,50.0,2009-07-10,PRICE_PERCENTILE
2023-07-11,消费,18985.727,2.4964,15.12,50.0,2015-03-24,PRICE_PERCENTILE
2023-07-11,科技,2216.779,2.2652,15.01,50.0,2011-09-20,PRICE_PERCENTILE
2023-07-12,医药,9301.91,1.0284,1.52,50.0,2019-03-26,PRICE_PERCENTILE
2023-07-12,半导体,4234.421,0.9549,73.74,50.0,2020-06-02,PRICE_PERCENTILE
2023-07-12,新能源,3155.885,1.8896,26.73,50.0,2020-04-03,PRICE_PERCENTILE
2023-07-12,沪深300,3843.437,1.372,10.89,50.0,2009-07-10,PRICE_PERCENTILE
2023-07-12,消费,18996.636,2.4982,15.22,50.0,2015-03-24,PRICE_PERCENTILE
2023-07-12,科技,2196.852,2.2461,13.82,50.0,2011-09-20,PRICE_PERCENTILE
2023-07-13,医药,9460.488,1.0448,3.63,50.0,2019-03-26,PRICE_PERCENTILE
2023-07-13,半导体,4303.944,0.9734,81.32,50.0,2020-06-02,PRICE_PERCENTILE
2023-07-13,新能源,3176.395,1.901,28.84,50.0,2020-04-03,PRICE_PERCENTILE
2023-07-13,沪深300,3898.423,1.3929,15.79,50.0,2009-07-10,PRICE_PERCENTILE
2023-07-13,消费,19452.36,2.5576,18.71,50.0,2015-03-24,PRICE_PERCENTILE
2023-07-13,科技,2237.515,2.2853,16.37,50.0,2011-09-20,PRICE_PERCENTILE
2023-07-14,医药,9406.487,1.0392,3.04,50.0,2019-03-26,PRICE_PERCENTILE
2023-07-14,半导体,4310.37,0.9748,82.01,50.0,2020-06-02,PRICE_PERCENTILE
2023-07-14,新能源,3143.21,1.8843,25.91,50.0,2020-04-03,PRICE_PERCENTILE
2023-07-14,沪深300,3899.103,1.3937,16.0,50.0,2009-07-10,PRICE_PERCENTILE
2023-07-14,消费,19345.77,2.5455,17.87,50.0,2015-03-24,PRICE_PERCENTILE
2023-07-14,科技,2224.096,2.2725,15.42,50.0,2011-09-20,PRICE_PERCENTILE
2023-07-17,医药,9332.441,1.0315,2.45,50.0,2019-03-26,PRICE_PERCENTILE
2023-07-17,半导体,4300.328,0.9665,81.11,50.0,2020-06-02,PRICE_PERCENTILE
2023-07-17,新能源,3100.27,1.8581,23.62,50.0,2020-04-03,PRICE_PERCENTILE
2023-07-17,沪深300,3867.175,1.3845,13.77,50.0,2009-07-10,PRICE_PERCENTILE
2023-07-17,消费,19218.305,2.5296,17.15,50.0,2015-03-24,PRICE_PERCENTILE
2023-07-17,科技,2207.445,2.2565,14.59,50.0,2011-09-20,PRICE_PERCENTILE
2023-07-18,医药,9327.28,1.0309,2.33,50.0,2019-03-26,PRICE_PERCENTILE
2023-07-18,半导体,4275.164,0.9649,77.7,50.0,2020-06-02,PRICE_PERCENTILE
2023-07-18,新能源,3097.741,1.8533,23.59,50.0,2020-04-03,PRICE_PERCENTILE
2023-07-18,沪深300,3854.939,1.3812,12.47,50.0,2009-07-10,PRICE_PERCENTILE
2023-07-18,消费,19128.079,2.5184,16.43,50.0,2015-03-24,PRICE_PERCENTILE
2023-07-18,科技,2200.619,2.2499,13.99,50.0,2011-09-20,PRICE_PERCENTILE
2023-07-19,医药,9290.004,1.027,1.51,50.0,2019-03-26,PRICE_PERCENTILE
2023-07-19,半导体,4294.491,0.9546,79.71,50.0,2020-06-02,PRICE_PERCENTILE
2023-07-19,新能源,3068.365,1.8381,21.55,50.0,2020-04-03,PRICE_PERCENTILE
2023-07-19,沪深300,3850.866,1.3801,12.11,50.0,2009-07-10,PRICE_PERCENTILE
2023-07-19,消费,19102.712,2.5154,16.3,50.0,2015-03-24,PRICE_PERCENTILE
2023-07-19,科技,2177.247,2.2273,12.34,50.0,2011-09-20,PRICE_PERCENTILE
2023-07-20,医药,9241.722,1.0223,1.05,50.0,2019-03-26,PRICE_PERCENTILE
2023-07-20,半导体,4240.471,0.9397,73.29,50.0,2020-06-02,PRICE_PERCENTILE
2023-07-20,新能源,3066.575,1.8389,21.28,50.0,2020-04-03,PRICE_PERCENTILE
2023-07-20,沪深300,3823.695,1.371,8.02,50.0,2009-07-10,PRICE_PERCENTILE
2023-07-20,消费,19098.976,2.5148,16.28,50.0,2015-03-24,PRICE_PERCENTILE
2023-07-20,科技,2155.647,2.2064,11.16,50.0,2011-09-20,PRICE_PERCENTILE
2023-07-21,医药,9344.874,1.0331,3.02,50.0,2019-03-26,PRICE_PERCENTILE
2023-07-21,半导体,4226.305,0.9341,72.27,50.0,2020-06-02,PRICE_PERCENTILE
2023-07-21,新能源,3047.264,1.8245,20.0,50.0,2020-04-03,PRICE_PERCENTILE
2023-07-21,沪深300,3821.91,1.3714,7.9,50.0,2009-07-10,PRICE_PERCENTILE
2023-07-21,消费,19407.614,2.5529,19.05,50.0,2015-03-24,PRICE_PERCENTILE
2023-07-21,科技,2163.117,2.2135,11.38,50.0,2011-09-20,PRICE_PERCENTILE
2023-07-24,医药,9398.432,1.0387,3.6,50.0,2019-03-26,PRICE_PERCENTILE
2023-07-24,半导体,4255.788,0.9292,74.67,50.0,2020-06-02,PRICE_PERCENTILE
2023-07-24,新能源,2995.325,1.7965,18.6,50.0,2020-04-03,PRICE_PERCENTILE
2023-07-24,沪深300,3805.221,1.3657,6.96,50.0,2009-07-10,PRICE_PERCENTILE
2023-07-24,消费,19191.62,2.526,17.17,50.0,2015-03-24,PRICE_PERCENTILE
2023-07-24,科技,2146.929,2.1979,10.56,50.0,2011-09-20,PRICE_PERCENTILE
2023-07-25,医药,9475.775,1.0467,4.75,50.0,2019-03-26,PRICE_PERCENTILE
2023-07-25,半导体,4364.812,0.9434,86.63,50.0,2020-06-02,PRICE_PERCENTILE
2023-07-25,新能源,3076.761,1.8427,22.32,50.0,2020-04-03,PRICE_PERCENTILE
2023-07-25,沪深300,3915.115,1.4032,17.61,50.0,2009-07-10,PRICE_PERCENTILE
2023-07-25,消费,19754.652,2.5956,20.74,50.0,2015-03-24,PRICE_PERCENTILE
2023-07-25,科技,2192.897,2.2423,13.67,50.0,2011-09-20,PRICE_PERCENTILE
2023-07-26,医药,9571.266,1.0566,5.32,50.0,2019-03-26,PRICE_PERCENTILE
2023-07-26,半导体,4356.735,0.9422,86.13,50.0,2020-06-02,PRICE_PERCENTILE
2023-07-26,新能源,3063.581,1.8349,21.05,50.0,2020-04-03,PRICE_PERCENTILE
2023-07-26,沪深300,3907.013,1.4006,17.01,50.0,2009-07-10,PRICE_PERCENTILE
2023-07-26,消费,19779.844,2.5986,20.95,50.0,2015-03-24,PRICE_PERCENTILE
2023-07-26,科技,2191.169,2.2407,13.43,50.0,2011-09-20,PRICE_PERCENTILE
2023-07-27,医药,9571.838,1.0567,5.43,50.0,2019-03-26,PRICE_PERCENTILE
2023-07-27,半导体,4322.602,0.9302,82.61,50.0,2020-06-02,PRICE_PERCENTILE
2023-07-27,新能源,3063.336,1.8328,21.02,50.0,2020-04-03,PRICE_PERCENTILE
2023-07-27,沪深300,3902.346,1.399,16.88,50.0,2009-07-10,PRICE_PERCENTILE
2023-07-27,消费,19917.745,2.6156,21.73,50.0,2015-03-24,PRICE_PERCENTILE
2023-07-27,科技,2184.096,2.2339,13.18,50.0,2011-09-20,PRICE_PERCENTILE
2023-07-28,医药,9686.782,1.0686,6.12,50.0,2019-03-26,PRICE_PERCENTILE
2023-07-28,半导体,4388.149,0.9364,88.51,50.0,2020-06-02,PRICE_PERCENTILE
2023-07-28,新能源,3094.593,1.8495,23.98,50.0,2020-04-03,PRICE_PERCENTILE
2023-07-28,沪深300,3992.738,1.4304,25.75,50.0,2009-07-10,PRICE_PERCENTILE
2023-07-28,消费,20279.553,2.6603,23.56,50.0,2015-03-24,PRICE_PERCENTILE
2023-07-28,科技,2219.538,2.2682,16.17,50.0,2011-09-20,PRICE_PERCENTILE
2023-07-31,医药,9469.584,1.046,4.73,50.0,2019-03-26,PRICE_PERCENTILE
2023-07-31,半导体,4494.14,0.9475,92.44,50.0,2020-06-02,PRICE_PERCENTILE
2023-07-31,新能源,3156.983,1.8809,27.92,50.0,2020-04-03,PRICE_PERCENTILE
2023-07-31,沪深300,4014.63,1.4379,28.49,50.0,2009-07-10,PRICE_PERCENTILE
2023-07-31,消费,20386.543,2.6732,24.22,50.0,2015-03-24,PRICE_PERCENTILE
2023-07-31,科技,2236.673,2.2846,17.42,50.0,2011-09-20,PRICE_PERCENTILE
2023-08-01,医药,9422.479,1.0411,4.15,50.0,2019-03-26,PRICE_PERCENTILE
2023-08-01,半导体,4497.651,0.9499,92.97,50.0,2020-06-02,PRICE_PERCENTILE
2023-08-01,新能源,3137.895,1.8712,26.39,50.0,2020-04-03,PRICE_PERCENTILE
2023-08-01,沪深300,3998.001,1.4322,26.38,50.0,2009-07-10,PRICE_PERCENTILE
2023-08-01,消费,20176.647,2.6473,22.93,50.0,2015-03-24,PRICE_PERCENTILE
2023-08-01,科技,2223.796,2.2721,16.36,50.0,2011-09-20,PRICE_PERCENTILE
2023-08-02,医药,9284.223,1.0269,1.61,50.0,2019-03-26,PRICE_PERCENTILE
2023-08-02,半导体,4461.486,0.9511,91.03,50.0,2020-06-02,PRICE_PERCENTILE
2023-08-02,新能源,3134.144,1.8699,25.99,50.0,2020-04-03,PRICE_PERCENTILE
2023-08-02,沪深300,3969.895,1.4227,23.48,50.0,2009-07-10,PRICE_PERCENTILE
2023-08-02,消费,20023.262,2.6282,22.32,50.0,2015-03-24,PRICE_PERCENTILE
2023-08-02,科技,2218.565,2.2671,16.0,50.0,2011-09-20,PRICE_PERCENTILE
2023-08-03,医药,9428.104,1.0416,4.48,50.0,2019-03-26,PRICE_PERCENTILE
2023-08-03,半导体,4481.046,0.9534,91.56,50.0,2020-06-02,PRICE_PERCENTILE
2023-08-03,新能源,3154.458,1.8815,27.44,50.0,2020-04-03,PRICE_PERCENTILE
2023-08-03,沪深300,4004.984,1.4345,27.59,50.0,2009-07-10,PRICE_PERCENTILE
2023-08-03,消费,20150.039,2.644,22.99,50.0,2015-03-24,PRICE_PERCENTILE
2023-08-03,科技,2241.983,2.2897,17.93,50.0,2011-09-20,PRICE_PERCENTILE
2023-08-04,医药,9354.178,1.034,3.21,50.0,2019-03-26,PRICE_PERCENTILE
2023-08-04,半导体,4476.74,0.9481,91.44,50.0,2020-06-02,PRICE_PERCENTILE
2023-08-04,新能源,3183.187,1.8967,30.86,50.0,2020-04-03,PRICE_PERCENTILE
2023-08-04,沪深300,4020.579,1.44,29.62,50.0,2009-07-10,PRICE_PERCENTILE
2023-08-04,消费,20165.595,2.6457,23.08,50.0,2015-03-24,PRICE_PERCENTILE
2023-08-04,科技,2263.373,2.3102,19.29,50.0,2011-09-20,PRICE_PERCENTILE
2023-08-07,医药,9061.296,1.0041,0.57,50.0,2019-03-26,PRICE_PERCENTILE
2023-08-07,半导体,4413.852,0.9418,89.12,50.0,2020-06-02,PRICE_PERCENTILE
2023-08-07,新能源,3169.609,1.888,29.47,50.0,2020-04-03,PRICE_PERCENTILE
2023-08-07,沪深300,3990.153,1.4295,25.46,50.0,2009-07-10,PRICE_PERCENTILE
2023-08-07,消费,20006.418,2.626,22.13,50.0,2015-03-24,PRICE_PERCENTILE
2023-08-07,科技,2240.775,2.2883,17.89,50.0,2011-09-20,PRICE_PERCENTILE
2023-08-08,医药,9118.604,1.01,0.92,50.0,2019-03-26,PRICE_PERCENTILE
2023-08-08,半导体,4401.149,0.9382,88.49,50.0,2020-06-02,PRICE_PERCENTILE
2023-08-08,新能源,3150.099,1.8796,27.09,50.0,2020-04-03,PRICE_PERCENTILE
2023-08-08,沪深300,3979.732,1.426,23.83,50.0,2009-07-10,PRICE_PERCENTILE
2023-08-08,消费,19979.404,2.6227,22.11,50.0,2015-03-24,PRICE_PERCENTILE
2023-08-08,科技,2228.909,2.2768,17.07,50.0,2011-09-20,PRICE_PERCENTILE
2023-08-09,医药,9230.9,1.022,1.26,50.0,2019-03-26,PRICE_PERCENTILE
2023-08-09,半导体,4393.486,0.9293,88.11,50.0,2020-06-02,PRICE_PERCENTILE
2023-08-09,新能源,3137.537,1.8723,26.32,50.0,2020-04-03,PRICE_PERCENTILE
2023-08-09,沪深300,3967.565,1.4222,22.88,50.0,2009-07-10,PRICE_PERCENTILE
2023-08-09,消费,19977.361,2.6224,22.08,50.0,2015-03-24,PRICE_PERCENTILE
2023-08-09,科技,2228.731,2.2766,17.05,50.0,2011-09-20,PRICE_PERCENTILE
2023-08-10,医药,9227.9,1.0218,1.26,50.0,2019-03-26,PRICE_PERCENTILE
2023-08-10,半导体,4387.025,0.9324,87.35,50.0,2020-06-02,PRICE_PERCENTILE
2023-08-10,新能源,3144.508,1.8759,27.03,50.0,2020-04-03,PRICE_PERCENTILE
2023-08-10,沪深300,3975.717,1.425,23.66,50.0,2009-07-10,PRICE_PERCENTILE
2023-08-10,消费,19956.14,2.6196,21.94,50.0,2015-03-24,PRICE_PERCENTILE
2023-08-10,科技,2239.306,2.2869,18.06,50.0,2011-09-20,PRICE_PERCENTILE
2023-08-11,医药,9107.733,1.0095,0.91,50.0,2019-03-26,PRICE_PERCENTILE
2023-08-11,半导体,4281.59,0.9122,77.19,50.0,2020-06-02,PRICE_PERCENTILE
2023-08-11,新能源,3075.374,1.8379,22.21,50.0,2020-04-03,PRICE_PERCENTILE
2023-08-11,沪深300,3884.254,1.3943,15.07,50.0,2009-07-10,PRICE_PERCENTILE
2023-08-11,消费,19530.494,2.5672,19.29,50.0,2015-03-24,PRICE_PERCENTILE
2023-08-11,科技,2187.036,2.2364,13.36,50.0,2011-09-20,PRICE_PERCENTILE
2023-08-14,医药,9151.836,1.014,1.25,50.0,2019-03-26,PRICE_PERCENTILE
2023-08-14,半导体,4343.763,0.9051,84.17,50.0,2020-06-02,PRICE_PERCENTILE
2023-08-14,新能源,3009.358,1.8051,18.63,50.0,2020-04-03,PRICE_PERCENTILE
2023-08-14,沪深300,3855.906,1.3846,12.77,50.0,2009-07-10,PRICE_PERCENTILE
2023-08-14,消费,19305.71,2.5394,17.9,50.0,2015-03-24,PRICE_PERCENTILE
2023-08-14,科技,2164.693,2.2147,11.52,50.0,2011-09-20,PRICE_PERCENTILE
2023-08-15,医药,9119.914,1.0107,1.14,50.0,2019-03-26,PRICE_PERCENTILE
2023-08-15,半导体,4331.353,0.8864,83.03,50.0,2020-06-02,PRICE_PERCENTILE
2023-08-15,新能源,2977.89,1.7873,17.75,50.0,2020-04-03,PRICE_PERCENTILE
2023-08-15,沪深300,3846.536,1.3814,11.85,50.0,2009-07-10,PRICE_PERCENTILE
2023-08-15,消费,19243.274,2.5315,17.43,50.0,2015-03-24,PRICE_PERCENTILE
2023-08-15,科技,2148.674,2.1993,10.48,50.0,2011-09-20,PRICE_PERCENTILE
2023-08-16,医药,9116.542,1.0103,1.02,50.0,2019-03-26,PRICE_PERCENTILE
2023-08-16,半导体,4294.099,0.8686,78.18,50.0,2020-06-02,PRICE_PERCENTILE
2023-08-16,新能源,2961.833,1.7772,17.6,50.0,2020-04-03,PRICE_PERCENTILE
2023-08-16,沪深300,3818.334,1.3719,7.51,50.0,2009-07-10,PRICE_PERCENTILE
2023-08-16,消费,19213.33,2.528,17.06,50.0,2015-03-24,PRICE_PERCENTILE
2023-08-16,科技,2132.969,2.1841,9.44,50.0,2011-09-20,PRICE_PERCENTILE
2023-08-17,医药,9142.428,1.013,1.48,50.0,2019-03-26,PRICE_PERCENTILE
2023-08-17,半导体,4318.966,0.8749,81.28,50.0,2020-06-02,PRICE_PERCENTILE
2023-08-17,新能源,2980.563,1.7863,18.07,50.0,2020-04-03,PRICE_PERCENTILE
2023-08-17,沪深300,3831.101,1.3761,9.55,50.0,2009-07-10,PRICE_PERCENTILE
2023-08-17,消费,19462.208,2.5586,19.55,50.0,2015-03-24,PRICE_PERCENTILE
2023-08-17,科技,2147.061,2.1977,10.57,50.0,2011-09-20,PRICE_PERCENTILE
2023-08-18,医药,8952.081,0.9934,0.45,50.0,2019-03-26,PRICE_PERCENTILE
2023-08-18,半导体,4228.4,0.8643,70.68,50.0,2020-06-02,PRICE_PERCENTILE
2023-08-18,新能源,2933.811,1.7593,17.32,50.0,2020-04-03,PRICE_PERCENTILE
2023-08-18,沪深300,3784.004,1.3601,5.22,50.0,2009-07-10,PRICE_PERCENTILE
2023-08-18,消费,19096.746,2.5132,15.89,50.0,2015-03-24,PRICE_PERCENTILE
2023-08-18,科技,2118.925,2.1706,8.85,50.0,2011-09-20,PRICE_PERCENTILE
2023-08-21,医药,8869.295,0.9847,0.34,50.0,2019-03-26,PRICE_PERCENTILE
2023-08-21,半导体,4220.696,0.8548,69.95,50.0,2020-06-02,PRICE_PERCENTILE
2023-08-21,新能源,2879.567,1.7296,17.17,50.0,2020-04-03,PRICE_PERCENTILE
2023-08-21,沪深300,3729.555,1.3415,3.29,50.0,2009-07-10,PRICE_PERCENTILE
2023-08-21,消费,18942.471,2.4942,14.06,50.0,2015-03-24,PRICE_PERCENTILE
2023-08-21,科技,2084.969,2.1377,7.48,50.0,2011-09-20,PRICE_PERCENTILE
2023-08-22,医药,8814.473,0.979,0.23,50.0,2019-03-26,PRICE_PERCENTILE
2023-08-22,半导体,4281.833,0.8659,76.88,50.0,2020-06-02,PRICE_PERCENTILE
2023-08-22,新能源,2863.858,1.7197,17.15,50.0,2020-04-03,PRICE_PERCENTILE
2023-08-22,沪深300,3758.227,1.3512,4.3,50.0,2009-07-10,PRICE_PERCENTILE
2023-08-22,消费,18890.264,2.4877,13.48,50.0,2015-03-24,PRICE_PERCENTILE
2023-08-22,科技,2086.941,2.1395,7.81,50.0,2011-09-20,PRICE_PERCENTILE
2023-08-23,医药,8674.885,0.9646,0.11,50.0,2019-03-26,PRICE_PERCENTILE
2023-08-23,半导体,4174.873,0.8474,65.94,50.0,2020-06-02,PRICE_PERCENTILE
2023-08-23,新能源,2792.096,1.6777,16.89,50.0,2020-04-03,PRICE_PERCENTILE
2023-08-23,沪深300,3696.634,1.3303,2.26,50.0,2009-07-10,PRICE_PERCENTILE
2023-08-23,消费,18629.981,2.4556,13.01,50.0,2015-03-24,PRICE_PERCENTILE
2023-08-23,科技,2038.976,2.0931,6.11,50.0,2011-09-20,PRICE_PERCENTILE
2023-08-24,医药,8852.479,0.9828,0.45,50.0,2019-03-26,PRICE_PERCENTILE
2023-08-24,半导体,3975.223,0.8617,51.46,50.0,2020-06-02,PRICE_PERCENTILE
2023-08-24,新能源,2810.81,1.686,16.99,50.0,2020-04-03,PRICE_PERCENTILE
2023-08-24,沪深300,3723.429,1.3392,3.16,50.0,2009-07-10,PRICE_PERCENTILE
2023-08-24,消费,19005.832,2.5021,15.25,50.0,2015-03-24,PRICE_PERCENTILE
2023-08-24,科技,2064.573,2.1178,7.01,50.0,2011-09-20,PRICE_PERCENTILE
2023-08-25,医药,8792.714,0.9766,0.23,50.0,2019-03-26,PRICE_PERCENTILE
2023-08-25,半导体,3964.05,0.8431,50.76,50.0,2020-06-02,PRICE_PERCENTILE
2023-08-25,新能源,2777.42,1.6661,16.85,50.0,2020-04-03,PRICE_PERCENTILE
2023-08-25,沪深300,3709.152,1.3352,2.48,50.0,2009-07-10,PRICE_PERCENTILE
2023-08-25,消费,18975.448,2.4986,14.79,50.0,2015-03-24,PRICE_PERCENTILE
2023-08-25,科技,2040.399,2.0943,6.21,50.0,2011-09-20,PRICE_PERCENTILE
2023-08-28,医药,8867.243,0.9843,0.79,50.0,2019-03-26,PRICE_PERCENTILE
2023-08-28,半导体,4016.937,0.8506,55.78,50.0,2020-06-02,PRICE_PERCENTILE
2023-08-28,新能源,2787.701,1.6716,16.95,50.0,2020-04-03,PRICE_PERCENTILE
2023-08-28,沪深300,3752.619,1.3503,4.17,50.0,2009-07-10,PRICE_PERCENTILE
2023-08-28,消费,18909.234,2.4945,13.98,50.0,2015-03-24,PRICE_PERCENTILE
2023-08-28,科技,2060.044,2.1132,7.1,50.0,2011-09-20,PRICE_PERCENTILE
2023-08-29,医药,9027.399,1.0008,1.24,50.0,2019-03-26,PRICE_PERCENTILE
2023-08-29,半导体,4065.258,0.8797,59.64,50.0,2020-06-02,PRICE_PERCENTILE
2023-08-29,新能源,2878.157,1.7173,17.65,50.0,2020-04-03,PRICE_PERCENTILE
2023-08-29,沪深300,3790.107,1.3631,6.53,50.0,2009-07-10,PRICE_PERCENTILE
2023-08-29,消费,19157.099,2.5251,17.34,50.0,2015-03-24,PRICE_PERCENTILE
2023-08-29,科技,2118.194,2.1695,9.46,50.0,2011-09-20,PRICE_PERCENTILE
2023-08-30,医药,9018.759,0.9999,1.24,50.0,2019-03-26,PRICE_PERCENTILE
2023-08-30,半导体,3995.403,0.8995,53.49,50.0,2020-06-02,PRICE_PERCENTILE
2023-08-30,新能源,2881.696,1.7173,17.87,50.0,2020-04-03,PRICE_PERCENTILE
2023-08-30,沪深300,3788.51,1.3626,6.41,50.0,2009-07-10,PRICE_PERCENTILE
2023-08-30,消费,19089.899,2.517,16.31,50.0,2015-03-24,PRICE_PERCENTILE
2023-08-30,科技,2117.125,2.1685,9.22,50.0,2011-09-20,PRICE_PERCENTILE
2023-08-31,医药,8982.404,0.9961,1.24,50.0,2019-03-26,PRICE_PERCENTILE
2023-08-31,半导体,3984.876,0.9044,52.66,50.0,2020-06-02,PRICE_PERCENTILE
2023-08-31,新能源,2858.263,1.7045,17.37,50.0,2020-04-03,PRICE_PERCENTILE
2023-08-31,沪深300,3765.268,1.3548,4.83,50.0,2009-07-10,PRICE_PERCENTILE
2023-08-31,消费,18984.674,2.5037,15.06,50.0,2015-03-24,PRICE_PERCENTILE
2023-08-31,科技,2102.575,2.1543,8.65,50.0,2011-09-20,PRICE_PERCENTILE
2023-09-01,医药,8940.933,0.9919,1.12,50.0,2019-03-26,PRICE_PERCENTILE
2023-09-01,半导体,4028.076,0.898,56.64,50.0,2020-06-02,PRICE_PERCENTILE
2023-09-01,新能源,2858.12,1.7042,17.35,50.0,2020-04-03,PRICE_PERCENTILE
2023-09-01,沪深300,3791.491,1.3638,6.85,50.0,2009-07-10,PRICE_PERCENTILE
2023-09-01,消费,19229.925,2.534,18.41,50.0,2015-03-24,PRICE_PERCENTILE
2023-09-01,科技,2100.258,2.152,8.53,50.0,2011-09-20,PRICE_PERCENTILE
2023-09-04,医药,8989.95,0.9969,1.46,50.0,2019-03-26,PRICE_PERCENTILE
2023-09-04,半导体,4080.336,0.9115,60.23,50.0,2020-06-02,PRICE_PERCENTILE
2023-09-04,新能源,2889.495,1.7237,18.17,50.0,2020-04-03,PRICE_PERCENTILE
2023-09-04,沪深300,3848.952,1.3834,13.34,50.0,2009-07-10,PRICE_PERCENTILE
2023-09-04,消费,19596.622,2.5795,20.96,50.0,2015-03-24,PRICE_PERCENTILE
2023-09-04,科技,2118.034,2.1691,9.64,50.0,2011-09-20,PRICE_PERCENTILE
2023-09-05,医药,8960.619,0.9939,1.34,50.0,2019-03-26,PRICE_PERCENTILE
2023-09-05,半导体,4024.75,0.9083,56.37,50.0,2020-06-02,PRICE_PERCENTILE
2023-09-05,新能源,2878.003,1.7184,17.79,50.0,2020-04-03,PRICE_PERCENTILE
2023-09-05,沪深300,3820.317,1.3736,8.96,50.0,2009-07-10,PRICE_PERCENTILE
2023-09-05,消费,19413.279,2.5566,20.27,50.0,2015-03-24,PRICE_PERCENTILE
2023-09-05,科技,2111.327,2.1626,9.18,50.0,2011-09-20,PRICE_PERCENTILE
2023-09-06,医药,8839.133,0.9812,0.56,50.0,2019-03-26,PRICE_PERCENTILE
2023-09-06,半导体,4010.201,0.9249,55.16,50.0,2020-06-02,PRICE_PERCENTILE
2023-09-06,新能源,2871.492,1.7158,17.77,50.0,2020-04-03,PRICE_PERCENTILE
2023-09-06,沪深300,3812.028,1.3708,8.5,50.0,2009-07-10,PRICE_PERCENTILE
2023-09-06,消费,19380.528,2.5525,19.69,50.0,2015-03-24,PRICE_PERCENTILE
2023-09-06,科技,2101.398,2.153,8.61,50.0,2011-09-20,PRICE_PERCENTILE
2023-09-07,医药,8711.317,0.9679,0.22,50.0,2019-03-26,PRICE_PERCENTILE
2023-09-07,半导体,3962.575,0.8903,50.06,50.0,2020-06-02,PRICE_PERCENTILE
2023-09-07,新能源,2806.08,1.6802,17.03,50.0,2020-04-03,PRICE_PERCENTILE
2023-09-07,沪深300,3758.475,1.3524,4.8,50.0,2009-07-10,PRICE_PERCENTILE
2023-09-07,消费,19126.189,2.521,16.98,50.0,2015-03-24,PRICE_PERCENTILE
2023-09-07,科技,2056.98,2.11,7.04,50.0,2011-09-20,PRICE_PERCENTILE
2023-09-08,医药,8722.358,0.969,0.33,50.0,2019-03-26,PRICE_PERCENTILE
2023-09-08,半导体,3954.254,0.8952,49.62,50.0,2020-06-02,PRICE_PERCENTILE
2023-09-08,新能源,2777.561,1.6649,16.77,50.0,2020-04-03,PRICE_PERCENTILE
2023-09-08,沪深300,3739.993,1.3461,3.91,50.0,2009-07-10,PRICE_PERCENTILE
2023-09-08,消费,19011.585,2.5068,15.51,50.0,2015-03-24,PRICE_PERCENTILE
2023-09-08,科技,2049.765,2.103,6.81,50.0,2011-09-20,PRICE_PERCENTILE
2023-09-11,医药,8935.962,0.9911,1.45,50.0,2019-03-26,PRICE_PERCENTILE
2023-09-11,半导体,3982.527,0.8949,52.32,50.0,2020-06-02,PRICE_PERCENTILE
2023-09-11,新能源,2789.985,1.6724,16.99,50.0,2020-04-03,PRICE_PERCENTILE
2023-09-11,沪深300,3767.537,1.3555,5.24,50.0,2009-07-10,PRICE_PERCENTILE
2023-09-11,消费,19182.238,2.5289,17.84,50.0,2015-03-24,PRICE_PERCENTILE
2023-09-11,科技,2063.189,2.116,7.36,50.0,2011-09-20,PRICE_PERCENTILE
2023-09-12,医药,8924.032,0.9898,1.45,50.0,2019-03-26,PRICE_PERCENTILE
2023-09-12,半导体,3983.12,0.8888,52.38,50.0,2020-06-02,PRICE_PERCENTILE
2023-09-12,新能源,2804.782,1.6839,17.2,50.0,2020-04-03,PRICE_PERCENTILE
2023-09-12,沪深300,3760.605,1.3531,5.01,50.0,2009-07-10,PRICE_PERCENTILE
2023-09-12,消费,19219.19,2.5335,18.49,50.0,2015-03-24,PRICE_PERCENTILE
2023-09-12,科技,2051.039,2.1041,6.9,50.0,2011-09-20,PRICE_PERCENTILE
2023-09-13,医药,8852.701,0.9824,1.0,50.0,2019-03-26,PRICE_PERCENTILE
2023-09-13,半导体,3970.608,0.8792,50.81,50.0,2020-06-02,PRICE_PERCENTILE
2023-09-13,新能源,2773.367,1.6642,16.59,50.0,2020-04-03,PRICE_PERCENTILE
2023-09-13,沪深300,3736.651,1.3448,3.89,50.0,2009-07-10,PRICE_PERCENTILE
2023-09-13,消费,19181.665,2.5286,17.8,50.0,2015-03-24,PRICE_PERCENTILE
2023-09-13,科技,2027.729,2.0815,5.45,50.0,2011-09-20,PRICE_PERCENTILE
2023-09-14,医药,8864.648,0.9837,1.22,50.0,2019-03-26,PRICE_PERCENTILE
2023-09-14,半导体,3970.347,0.8672,50.75,50.0,2020-06-02,PRICE_PERCENTILE
2023-09-14,新能源,2731.016,1.64,16.21,50.0,2020-04-03,PRICE_PERCENTILE
2023-09-14,沪深300,3733.508,1.3437,3.78,50.0,2009-07-10,PRICE_PERCENTILE
2023-09-14,消费,19093.609,2.5177,16.56,50.0,2015-03-24,PRICE_PERCENTILE
2023-09-14,科技,2011.883,2.0661,4.89,50.0,2011-09-20,PRICE_PERCENTILE
2023-09-15,医药,9018.823,0.9998,2.55,50.0,2019-03-26,PRICE_PERCENTILE
2023-09-15,半导体,3931.772,0.8784,47.57,50.0,2020-06-02,PRICE_PERCENTILE
2023-09-15,新能源,2703.868,1.6258,16.19,50.0,2020-04-03,PRICE_PERCENTILE
2023-09-15,沪深300,3708.777,1.3355,2.44,50.0,2009-07-10,PRICE_PERCENTILE
2023-09-15,消费,18916.599,2.4959,13.98,50.0,2015-03-24,PRICE_PERCENTILE
2023-09-15,科技,2002.728,2.0572,4.66,50.0,2011-09-20,PRICE_PERCENTILE
2023-09-18,医药,9133.606,1.0117,3.77,50.0,2019-03-26,PRICE_PERCENTILE
2023-09-18,半导体,3934.409,0.867,47.88,50.0,2020-06-02,PRICE_PERCENTILE
2023-09-18,新能源,2745.814,1.6501,16.65,50.0,2020-04-03,PRICE_PERCENTILE
2023-09-18,沪深300,3727.711,1.3419,3.55,50.0,2009-07-10,PRICE_PERCENTILE
2023-09-18,消费,19087.303,2.517,16.41,50.0,2015-03-24,PRICE_PERCENTILE
2023-09-18,科技,2020.467,2.0743,5.43,50.0,2011-09-20,PRICE_PERCENTILE
2023-09-19,医药,9110.43,1.0092,3.32,50.0,2019-03-26,PRICE_PERCENTILE
2023-09-19,半导体,3935.509,0.8629,47.95,50.0,2020-06-02,PRICE_PERCENTILE
2023-09-19,新能源,2719.442,1.6338,16.27,50.0,2020-04-03,PRICE_PERCENTILE
2023-09-19,沪深300,3720.502,1.3394,3.1,50.0,2009-07-10,PRICE_PERCENTILE
2023-09-19,消费,19033.908,2.5101,16.06,50.0,2015-03-24,PRICE_PERCENTILE
2023-09-19,科技,2002.665,2.0569,4.65,50.0,2011-09-20,PRICE_PERCENTILE
2023-09-20,医药,9060.324,1.004,2.88,50.0,2019-03-26,PRICE_PERCENTILE
2023-09-20,半导体,3921.872,0.8512,47.01,50.0,2020-06-02,PRICE_PERCENTILE
2023-09-20,新能源,2684.036,1.6135,16.13,50.0,2020-04-03,PRICE_PERCENTILE
2023-09-20,沪深300,3705.69,1.3346,2.43,50.0,2009-07-10,PRICE_PERCENTILE
2023-09-20,消费,19002.656,2.5063,15.38,50.0,2015-03-24,PRICE_PERCENTILE
2023-09-20,科技,1987.296,2.042,4.42,50.0,2011-09-20,PRICE_PERCENTILE
2023-09-21,医药,8949.556,0.9925,1.99,50.0,2019-03-26,PRICE_PERCENTILE
2023-09-21,半导体,3874.948,0.8487,44.47,50.0,2020-06-02,PRICE_PERCENTILE
2023-09-21,新能源,2656.819,1.6001,15.52,50.0,2020-04-03,PRICE_PERCENTILE
2023-09-21,沪深300,3672.445,1.3232,1.55,50.0,2009-07-10,PRICE_PERCENTILE
2023-09-21,消费,18656.187,2.4634,12.82,50.0,2015-03-24,PRICE_PERCENTILE
2023-09-21,科技,1967.607,2.0228,3.98,50.0,2011-09-20,PRICE_PERCENTILE
2023-09-22,医药,9031.84,1.0011,2.87,50.0,2019-03-26,PRICE_PERCENTILE
2023-09-22,半导体,3953.636,0.8666,49.5,50.0,2020-06-02,PRICE_PERCENTILE
2023-09-22,新能源,2702.959,1.6259,16.33,50.0,2020-04-03,PRICE_PERCENTILE
2023-09-22,沪深300,3738.933,1.3459,4.64,50.0,2009-07-10,PRICE_PERCENTILE
2023-09-22,消费,19007.484,2.507,15.67,50.0,2015-03-24,PRICE_PERCENTILE
2023-09-22,科技,2013.344,2.0672,5.52,50.0,2011-09-20,PRICE_PERCENTILE
2023-09-25,医药,9153.271,1.0137,4.52,50.0,2019-03-26,PRICE_PERCENTILE
2023-09-25,半导体,3897.608,0.859,45.6,50.0,2020-06-02,PRICE_PERCENTILE
2023-09-25,新能源,2691.122,1.6189,16.31,50.0,2020-04-03,PRICE_PERCENTILE
2023-09-25,沪深300,3714.604,1.3375,3.31,50.0,2009-07-10,PRICE_PERCENTILE
2023-09-25,消费,18916.558,2.4955,14.0,50.0,2015-03-24,PRICE_PERCENTILE
2023-09-25,科技,2005.255,2.0592,5.18,50.0,2011-09-20,PRICE_PERCENTILE
2023-09-26,医药,9106.568,1.0088,3.52,50.0,2019-03-26,PRICE_PERCENTILE
2023-09-26,半导体,3878.668,0.8503,44.68,50.0,2020-06-02,PRICE_PERCENTILE
2023-09-26,新能源,2649.04,1.5968,15.47,50.0,2020-04-03,PRICE_PERCENTILE
2023-09-26,沪深300,3692.893,1.3301,2.31,50.0,2009-07-10,PRICE_PERCENTILE
2023-09-26,消费,18783.763,2.4792,13.0,50.0,2015-03-24,PRICE_PERCENTILE
2023-09-26,科技,1989.828,2.0442,4.63,50.0,2011-09-20,PRICE_PERCENTILE
2023-09-27,医药,9284.193,1.0274,5.61,50.0,2019-03-26,PRICE_PERCENTILE
2023-09-27,半导体,3933.795,0.8518,47.96,50.0,2020-06-02,PRICE_PERCENTILE
2023-09-27,新能源,2663.066,1.6059,15.92,50.0,2020-04-03,PRICE_PERCENTILE
2023-09-27,沪深300,3700.495,1.3327,2.64,50.0,2009-07-10,PRICE_PERCENTILE
2023-09-27,消费,18790.757,2.4802,13.09,50.0,2015-03-24,PRICE_PERCENTILE
2023-09-27,科技,2006.224,2.0602,5.39,50.0,2011-09-20,PRICE_PERCENTILE
2023-09-28,医药,9222.52,1.0209,4.84,50.0,2019-03-26,PRICE_PERCENTILE
2023-09-28,半导体,3947.365,0.8613,49.01,50.0,2020-06-02,PRICE_PERCENTILE
2023-09-28,新能源,2661.805,1.6019,15.9,50.0,2020-04-03,PRICE_PERCENTILE
2023-09-28,沪深300,3689.517,1.329,2.31,50.0,2009-07-10,PRICE_PERCENTILE
2023-09-28,消费,18542.767,2.4492,12.31,50.0,2015-03-24,PRICE_PERCENTILE
2023-09-28,科技,2003.908,2.058,5.27,50.0,2011-09-20,PRICE_PERCENTILE
2023-10-09,医药,9271.608,1.0259,5.49,50.0,2019-03-26,PRICE_PERCENTILE
2023-10-09,半导体,3922.903,0.8678,47.23,50.0,2020-06-02,PRICE_PERCENTILE
2023-10-09,新能源,2646.841,1.5934,15.41,50.0,2020-04-03,PRICE_PERCENTILE
2023-10-09,沪深300,3684.727,1.3272,1.98,50.0,2009-07-10,PRICE_PERCENTILE
2023-10-09,消费,18400.795,2.4311,11.96,50.0,2015-03-24,PRICE_PERCENTILE
2023-10-09,科技,1998.607,2.0526,4.94,50.0,2011-09-20,PRICE_PERCENTILE
2023-10-10,医药,9125.769,1.0106,4.17,50.0,2019-03-26,PRICE_PERCENTILE
2023-10-10,半导体,3757.826,0.8761,34.61,50.0,2020-06-02,PRICE_PERCENTILE
2023-10-10,新能源,2638.894,1.5921,14.92,50.0,2020-04-03,PRICE_PERCENTILE
2023-10-10,沪深300,3657.126,1.3177,1.54,50.0,2009-07-10,PRICE_PERCENTILE
2023-10-10,消费,18362.575,2.4265,11.62,50.0,2015-03-24,PRICE_PERCENTILE
2023-10-10,科技,1987.938,2.0422,4.61,50.0,2011-09-20,PRICE_PERCENTILE
2023-10-11,医药,9313.139,1.0301,6.79,50.0,2019-03-26,PRICE_PERCENTILE
2023-10-11,半导体,3762.63,0.886,35.42,50.0,2020-06-02,PRICE_PERCENTILE
2023-10-11,新能源,2636.135,1.5884,14.91,50.0,2020-04-03,PRICE_PERCENTILE
2023-10-11,沪深300,3667.548,1.3212,1.64,50.0,2009-07-10,PRICE_PERCENTILE
2023-10-11,消费,18400.633,2.4311,12.05,50.0,2015-03-24,PRICE_PERCENTILE
2023-10-11,科技,2003.902,2.0577,5.48,50.0,2011-09-20,PRICE_PERCENTILE
2023-10-12,医药,9345.259,1.0334,7.66,50.0,2019-03-26,PRICE_PERCENTILE
2023-10-12,半导体,3816.895,0.89,39.31,50.0,2020-06-02,PRICE_PERCENTILE
2023-10-12,新能源,2704.54,1.6323,17.23,50.0,2020-04-03,PRICE_PERCENTILE
2023-10-12,沪深300,3702.382,1.3331,3.17,50.0,2009-07-10,PRICE_PERCENTILE
2023-10-12,消费,18429.869,2.4347,12.36,50.0,2015-03-24,PRICE_PERCENTILE
2023-10-12,科技,2019.102,2.0725,6.56,50.0,2011-09-20,PRICE_PERCENTILE
2023-10-13,医药,9365.338,1.0356,7.98,50.0,2019-03-26,PRICE_PERCENTILE
2023-10-13,半导体,3761.266,0.8882,35.09,50.0,2020-06-02,PRICE_PERCENTILE
2023-10-13,新能源,2659.319,1.605,15.93,50.0,2020-04-03,PRICE_PERCENTILE
2023-10-13,沪深300,3663.41,1.3199,1.64,50.0,2009-07-10,PRICE_PERCENTILE
2023-10-13,消费,18138.752,2.3986,10.71,50.0,2015-03-24,PRICE_PERCENTILE
2023-10-13,科技,1996.601,2.0506,4.92,50.0,2011-09-20,PRICE_PERCENTILE
2023-10-16,医药,9224.103,1.0206,5.02,50.0,2019-03-26,PRICE_PERCENTILE
2023-10-16,半导体,3748.674,0.8645,33.95,50.0,2020-06-02,PRICE_PERCENTILE
2023-10-16,新能源,2605.705,1.5709,14.74,50.0,2020-04-03,PRICE_PERCENTILE
2023-10-16,沪深300,3626.597,1.3072,0.66,50.0,2009-07-10,PRICE_PERCENTILE
2023-10-16,消费,17870.102,2.3651,9.72,50.0,2015-03-24,PRICE_PERCENTILE
2023-10-16,科技,1956.723,2.0117,3.71,50.0,2011-09-20,PRICE_PERCENTILE
2023-10-17,医药,9194.129,1.0173,4.91,50.0,2019-03-26,PRICE_PERCENTILE
2023-10-17,半导体,3754.754,0.8733,34.52,50.0,2020-06-02,PRICE_PERCENTILE
2023-10-17,新能源,2618.581,1.5776,14.84,50.0,2020-04-03,PRICE_PERCENTILE
2023-10-17,沪深300,3639.402,1.3116,1.31,50.0,2009-07-10,PRICE_PERCENTILE
2023-10-17,消费,17930.82,2.3727,10.25,50.0,2015-03-24,PRICE_PERCENTILE
2023-10-17,科技,1961.886,2.0168,3.82,50.0,2011-09-20,PRICE_PERCENTILE
2023-10-18,医药,9034.367,1.0006,2.94,50.0,2019-03-26,PRICE_PERCENTILE
2023-10-18,半导体,3695.397,0.863,27.38,50.0,2020-06-02,PRICE_PERCENTILE
2023-10-18,新能源,2609.655,1.5674,14.82,50.0,2020-04-03,PRICE_PERCENTILE
2023-10-18,沪深300,3610.577,1.3017,0.54,50.0,2009-07-10,PRICE_PERCENTILE
2023-10-18,消费,17887.608,2.3674,9.91,50.0,2015-03-24,PRICE_PERCENTILE
2023-10-18,科技,1938.435,1.9939,3.49,50.0,2011-09-20,PRICE_PERCENTILE
2023-10-19,医药,8889.468,0.9856,1.52,50.0,2019-03-26,PRICE_PERCENTILE
2023-10-19,半导体,3641.949,0.8692,22.34,50.0,2020-06-02,PRICE_PERCENTILE
2023-10-19,新能源,2558.255,1.537,14.22,50.0,2020-04-03,PRICE_PERCENTILE
2023-10-19,沪深300,3533.545,1.2753,0.33,50.0,2009-07-10,PRICE_PERCENTILE
2023-10-19,消费,17320.492,2.2967,7.94,50.0,2015-03-24,PRICE_PERCENTILE
2023-10-19,科技,1913.702,1.9698,2.18,50.0,2011-09-20,PRICE_PERCENTILE
2023-10-20,医药,8758.398,0.972,0.43,50.0,2019-03-26,PRICE_PERCENTILE
2023-10-20,半导体,3625.915,0.854,20.24,50.0,2020-06-02,PRICE_PERCENTILE
2023-10-20,新能源,2575.282,1.5508,14.44,50.0,2020-04-03,PRICE_PERCENTILE
2023-10-20,沪深300,3510.589,1.2674,0.22,50.0,2009-07-10,PRICE_PERCENTILE
2023-10-20,消费,17243.931,2.287,7.83,50.0,2015-03-24,PRICE_PERCENTILE
2023-10-20,科技,1896.946,1.9534,1.63,50.0,2011-09-20,PRICE_PERCENTILE
2023-10-23,医药,8719.934,0.9681,0.33,50.0,2019-03-26,PRICE_PERCENTILE
2023-10-23,半导体,3539.804,0.8356,10.72,50.0,2020-06-02,PRICE_PERCENTILE
2023-10-23,新能源,2515.288,1.5143,13.95,50.0,2020-04-03,PRICE_PERCENTILE
2023-10-23,沪深300,3474.244,1.255,0.11,50.0,2009-07-10,PRICE_PERCENTILE
2023-10-23,消费,17174.219,2.2783,7.82,50.0,2015-03-24,PRICE_PERCENTILE
2023-10-23,科技,1864.909,1.9222,0.98,50.0,2011-09-20,PRICE_PERCENTILE
2023-10-24,医药,8779.748,0.9742,0.65,50.0,2019-03-26,PRICE_PERCENTILE
2023-10-24,半导体,3592.357,0.8478,17.4,50.0,2020-06-02,PRICE_PERCENTILE
2023-10-24,新能源,2521.798,1.5256,14.17,50.0,2020-04-03,PRICE_PERCENTILE
2023-10-24,沪深300,3487.13,1.2595,0.22,50.0,2009-07-10,PRICE_PERCENTILE
2023-10-24,消费,17274.964,2.2908,8.13,50.0,2015-03-24,PRICE_PERCENTILE
2023-10-24,科技,1880.814,1.9377,1.3,50.0,2011-09-20,PRICE_PERCENTILE
2023-10-25,医药,8685.855,0.9646,0.22,50.0,2019-03-26,PRICE_PERCENTILE
2023-10-25,半导体,3671.333,0.8499,25.39,50.0,2020-06-02,PRICE_PERCENTILE
2023-10-25,新能源,2518.073,1.5227,14.15,50.0,2020-04-03,PRICE_PERCENTILE
2023-10-25,沪深300,3504.458,1.266,0.33,50.0,2009-07-10,PRICE_PERCENTILE
2023-10-25,消费,17654.123,2.3379,9.21,50.0,2015-03-24,PRICE_PERCENTILE
2023-10-25,科技,1863.796,1.921,0.87,50.0,2011-09-20,PRICE_PERCENTILE
2023-10-26,医药,8764.094,0.9726,0.76,50.0,2019-03-26,PRICE_PERCENTILE
2023-10-26,半导体,3657.667,0.8494,24.27,50.0,2020-06-02,PRICE_PERCENTILE
2023-10-26,新能源,2532.708,1.5278,14.37,50.0,2020-04-03,PRICE_PERCENTILE
2023-10-26,沪深300,3514.145,1.2693,0.65,50.0,2009-07-10,PRICE_PERCENTILE
2023-10-26,消费,17773.214,2.3526,9.85,50.0,2015-03-24,PRICE_PERCENTILE
2023-10-26,科技,1875.858,1.9328,1.3,50.0,2011-09-20,PRICE_PERCENTILE
2023-10-27,医药,9112.051,1.009,4.54,50.0,2019-03-26,PRICE_PERCENTILE
2023-10-27,半导体,3675.095,0.8686,26.3,50.0,2020-06-02,PRICE_PERCENTILE
2023-10-27,新能源,2611.207,1.5782,15.51,50.0,2020-04-03,PRICE_PERCENTILE
2023-10-27,沪深300,3562.385,1.286,1.08,50.0,2009-07-10,PRICE_PERCENTILE
2023-10-27,消费,18160.353,2.4004,11.68,50.0,2015-03-24,PRICE_PERCENTILE
2023-10-27,科技,1929.909,1.9856,3.68,50.0,2011-09-20,PRICE_PERCENTILE
2023-10-30,医药,9334.563,1.0321,8.42,50.0,2019-03-26,PRICE_PERCENTILE
2023-10-30,半导体,3639.856,0.9056,22.4,50.0,2020-06-02,PRICE_PERCENTILE
2023-10-30,新能源,2640.67,1.596,16.07,50.0,2020-04-03,PRICE_PERCENTILE
2023-10-30,沪深300,3583.772,1.2933,1.19,50.0,2009-07-10,PRICE_PERCENTILE
2023-10-30,消费,18374.609,2.4271,12.96,50.0,2015-03-24,PRICE_PERCENTILE
2023-10-30,科技,1977.686,2.0317,5.29,50.0,2011-09-20,PRICE_PERCENTILE
2023-10-31,医药,9325.016,1.0312,8.09,50.0,2019-03-26,PRICE_PERCENTILE
2023-10-31,半导体,3623.821,0.9043,20.31,50.0,2020-06-02,PRICE_PERCENTILE
2023-10-31,新能源,2601.124,1.5743,15.13,50.0,2020-04-03,PRICE_PERCENTILE
2023-10-31,沪深300,3572.506,1.2894,1.19,50.0,2009-07-10,PRICE_PERCENTILE
2023-10-31,消费,18429.131,2.4337,13.48,50.0,2015-03-24,PRICE_PERCENTILE
2023-10-31,科技,1968.226,2.0225,5.07,50.0,2011-09-20,PRICE_PERCENTILE
2023-11-01,医药,9294.324,1.028,7.22,50.0,2019-03-26,PRICE_PERCENTILE
2023-11-01,半导体,3599.532,0.8984,18.36,50.0,2020-06-02,PRICE_PERCENTILE
2023-11-01,新能源,2586.016,1.5635,14.88,50.0,2020-04-03,PRICE_PERCENTILE
2023-11-01,沪深300,3571.027,1.2889,1.19,50.0,2009-07-10,PRICE_PERCENTILE
2023-11-01,消费,18640.022,2.46,14.44,50.0,2015-03-24,PRICE_PERCENTILE
2023-11-01,科技,1959.127,2.0136,4.63,50.0,2011-09-20,PRICE_PERCENTILE
2023-11-02,医药,9264.45,1.0249,6.57,50.0,2019-03-26,PRICE_PERCENTILE
2023-11-02,半导体,3572.229,0.8884,15.2,50.0,2020-06-02,PRICE_PERCENTILE
2023-11-02,新能源,2548.635,1.5422,14.4,50.0,2020-04-03,PRICE_PERCENTILE
2023-11-02,沪深300,3554.189,1.2831,1.08,50.0,2009-07-10,PRICE_PERCENTILE
2023-11-02,消费,18446.46,2.4358,13.78,50.0,2015-03-24,PRICE_PERCENTILE
2023-11-02,科技,1939.705,1.9947,4.41,50.0,2011-09-20,PRICE_PERCENTILE
2023-11-03,医药,9289.266,1.0274,7.2,50.0,2019-03-26,PRICE_PERCENTILE
2023-11-03,半导体,3583.785,0.9078,16.63,50.0,2020-06-02,PRICE_PERCENTILE
2023-11-03,新能源,2590.77,1.5635,15.19,50.0,2020-04-03,PRICE_PERCENTILE
2023-11-03,沪深300,3584.136,1.2933,1.61,50.0,2009-07-10,PRICE_PERCENTILE
2023-11-03,消费,18615.95,2.457,14.41,50.0,2015-03-24,PRICE_PERCENTILE
2023-11-03,科技,1968.213,2.0224,5.27,50.0,2011-09-20,PRICE_PERCENTILE
2023-11-06,医药,9487.887,1.0482,11.6,50.0,2019-03-26,PRICE_PERCENTILE
2023-11-06,半导体,3635.811,0.926,22.14,50.0,2020-06-02,PRICE_PERCENTILE
2023-11-06,新能源,2685.773,1.6156,18.39,50.0,2020-04-03,PRICE_PERCENTILE
2023-11-06,沪深300,3632.608,1.3098,2.36,50.0,2009-07-10,PRICE_PERCENTILE
2023-11-06,消费,18589.948,2.4536,14.29,50.0,2015-03-24,PRICE_PERCENTILE
2023-11-06,科技,2032.335,2.0847,9.24,50.0,2011-09-20,PRICE_PERCENTILE
2023-11-07,医药,9435.346,1.0427,10.73,50.0,2019-03-26,PRICE_PERCENTILE
2023-11-07,半导体,3617.031,0.9284,20.07,50.0,2020-06-02,PRICE_PERCENTILE
2023-11-07,新能源,2666.569,1.6061,17.91,50.0,2020-04-03,PRICE_PERCENTILE
2023-11-07,沪深300,3619.759,1.3054,1.93,50.0,2009-07-10,PRICE_PERCENTILE
2023-11-07,消费,18530.354,2.4462,13.95,50.0,2015-03-24,PRICE_PERCENTILE
2023-11-07,科技,2022.766,2.0754,8.48,50.0,2011-09-20,PRICE_PERCENTILE
2023-11-08,医药,9527.617,1.0524,11.9,50.0,2019-03-26,PRICE_PERCENTILE
2023-11-08,半导体,3600.9,0.93,18.73,50.0,2020-06-02,PRICE_PERCENTILE
2023-11-08,新能源,2663.476,1.6027,17.89,50.0,2020-04-03,PRICE_PERCENTILE
2023-11-08,沪深300,3611.072,1.3024,1.93,50.0,2009-07-10,PRICE_PERCENTILE
2023-11-08,消费,18481.434,2.4401,13.93,50.0,2015-03-24,PRICE_PERCENTILE
2023-11-08,科技,2023.13,2.0757,8.57,50.0,2011-09-20,PRICE_PERCENTILE
2023-11-09,医药,9423.933,1.0415,10.49,50.0,2019-03-26,PRICE_PERCENTILE
2023-11-09,半导体,3605.382,0.9181,18.94,50.0,2020-06-02,PRICE_PERCENTILE
2023-11-09,新能源,2663.175,1.6037,17.87,50.0,2020-04-03,PRICE_PERCENTILE
2023-11-09,沪深300,3612.826,1.303,2.03,50.0,2009-07-10,PRICE_PERCENTILE
2023-11-09,消费,18495.167,2.4417,14.03,50.0,2015-03-24,PRICE_PERCENTILE
2023-11-09,科技,2018.385,2.0711,8.03,50.0,2011-09-20,PRICE_PERCENTILE
2023-11-10,医药,9436.16,1.0428,10.91,50.0,2019-03-26,PRICE_PERCENTILE
2023-11-10,半导体,3569.78,0.9134,15.09,50.0,2020-06-02,PRICE_PERCENTILE
2023-11-10,新能源,2638.691,1.5917,16.25,50.0,2020-04-03,PRICE_PERCENTILE
2023-11-10,沪深300,3586.489,1.2939,1.71,50.0,2009-07-10,PRICE_PERCENTILE
2023-11-10,消费,18368.334,2.4258,12.62,50.0,2015-03-24,PRICE_PERCENTILE
2023-11-10,科技,2005.235,2.0582,7.27,50.0,2011-09-20,PRICE_PERCENTILE
2023-11-13,医药,9343.827,1.0331,8.97,50.0,2019-03-26,PRICE_PERCENTILE
2023-11-13,半导体,3609.774,0.9147,19.5,50.0,2020-06-02,PRICE_PERCENTILE
2023-11-13,新能源,2635.033,1.5898,16.11,50.0,2020-04-03,PRICE_PERCENTILE
2023-11-13,沪深300,3579.414,1.2915,1.5,50.0,2009-07-10,PRICE_PERCENTILE
2023-11-13,消费,18245.346,2.4105,12.18,50.0,2015-03-24,PRICE_PERCENTILE
2023-11-13,科技,2009.214,2.062,7.69,50.0,2011-09-20,PRICE_PERCENTILE
2023-11-14,医药,9352.052,1.0339,9.28,50.0,2019-03-26,PRICE_PERCENTILE
2023-11-14,半导体,3616.56,0.9225,20.43,50.0,2020-06-02,PRICE_PERCENTILE
2023-11-14,新能源,2616.428,1.5807,15.87,50.0,2020-04-03,PRICE_PERCENTILE
2023-11-14,沪深300,3582.058,1.2924,1.6,50.0,2009-07-10,PRICE_PERCENTILE
2023-11-14,消费,18260.051,2.4123,12.27,50.0,2015-03-24,PRICE_PERCENTILE
2023-11-14,科技,2004.813,2.0577,7.26,50.0,2011-09-20,PRICE_PERCENTILE
2023-11-15,医药,9416.456,1.0406,10.45,50.0,2019-03-26,PRICE_PERCENTILE
2023-11-15,半导体,3630.572,0.9199,22.08,50.0,2020-06-02,PRICE_PERCENTILE
2023-11-15,新能源,2649.955,1.6032,17.45,50.0,2020-04-03,PRICE_PERCENTILE
2023-11-15,沪深300,3607.245,1.301,2.13,50.0,2009-07-10,PRICE_PERCENTILE
2023-11-15,消费,18354.532,2.424,12.69,50.0,2015-03-24,PRICE_PERCENTILE
2023-11-15,科技,2015.364,2.068,8.21,50.0,2011-09-20,PRICE_PERCENTILE
2023-11-16,医药,9297.326,1.0282,7.45,50.0,2019-03-26,PRICE_PERCENTILE
2023-11-16,半导体,3594.338,0.9046,17.88,50.0,2020-06-02,PRICE_PERCENTILE
2023-11-16,新能源,2603.535,1.5756,15.38,50.0,2020-04-03,PRICE_PERCENTILE
2023-11-16,沪深300,3572.364,1.2891,1.38,50.0,2009-07-10,PRICE_PERCENTILE
2023-11-16,消费,18179.067,2.4021,11.71,50.0,2015-03-24,PRICE_PERCENTILE
2023-11-16,科技,1978.118,2.0317,5.75,50.0,2011-09-20,PRICE_PERCENTILE
2023-11-17,医药,9351.209,1.0338,9.36,50.0,2019-03-26,PRICE_PERCENTILE
2023-11-17,半导体,3593.049,0.9076,17.74,50.0,2020-06-02,PRICE_PERCENTILE
2023-11-17,新能源,2612.131,1.5836,15.93,50.0,2020-04-03,PRICE_PERCENTILE
2023-11-17,沪深300,3568.069,1.2876,1.28,50.0,2009-07-10,PRICE_PERCENTILE
2023-11-17,消费,18083.791,2.3901,11.28,50.0,2015-03-24,PRICE_PERCENTILE
2023-11-17,科技,1986.526,2.0398,6.06,50.0,2011-09-20,PRICE_PERCENTILE
2023-11-20,医药,9458.149,1.0448,11.48,50.0,2019-03-26,PRICE_PERCENTILE
2023-11-20,半导体,3598.221,0.9015,18.43,50.0,2020-06-02,PRICE_PERCENTILE
2023-11-20,新能源,2612.725,1.5839,16.02,50.0,2020-04-03,PRICE_PERCENTILE
2023-11-20,沪深300,3576.323,1.2904,1.7,50.0,2009-07-10,PRICE_PERCENTILE
2023-11-20,消费,18232.237,2.4084,12.33,50.0,2015-03-24,PRICE_PERCENTILE
2023-11-20,科技,1992.97,2.046,6.48,50.0,2011-09-20,PRICE_PERCENTILE
2023-11-21,医药,9459.967,1.045,11.68,50.0,2019-03-26,PRICE_PERCENTILE
2023-11-21,半导体,3610.51,0.8937,19.95,50.0,2020-06-02,PRICE_PERCENTILE
2023-11-21,新能源,2591.631,1.5714,15.1,50.0,2020-04-03,PRICE_PERCENTILE
2023-11-21,沪深300,3581.067,1.2921,1.91,50.0,2009-07-10,PRICE_PERCENTILE
2023-11-21,消费,18420.365,2.4319,14.01,50.0,2015-03-24,PRICE_PERCENTILE
2023-11-21,科技,1984.271,2.0375,5.94,50.0,2011-09-20,PRICE_PERCENTILE
2023-11-22,医药,9341.603,1.0336,9.01,50.0,2019-03-26,PRICE_PERCENTILE
2023-11-22,半导体,3584.419,0.8808,16.73,50.0,2020-06-02,PRICE_PERCENTILE
2023-11-22,新能源,2532.809,1.5388,14.17,50.0,2020-04-03,PRICE_PERCENTILE
2023-11-22,沪深300,3544.416,1.2796,1.06,50.0,2009-07-10,PRICE_PERCENTILE
2023-11-22,消费,18326.964,2.4204,12.73,50.0,2015-03-24,PRICE_PERCENTILE
2023-11-22,科技,1950.008,2.0056,4.56,50.0,2011-09-20,PRICE_PERCENTILE
2023-11-23,医药,9391.752,1.0389,10.17,50.0,2019-03-26,PRICE_PERCENTILE
2023-11-23,半导体,3605.051,0.8883,19.31,50.0,2020-06-02,PRICE_PERCENTILE
2023-11-23,新能源,2550.177,1.5487,14.38,50.0,2020-04-03,PRICE_PERCENTILE
2023-11-23,沪深300,3561.52,1.2855,1.27,50.0,2009-07-10,PRICE_PERCENTILE
2023-11-23,消费,18325.451,2.4202,12.71,50.0,2015-03-24,PRICE_PERCENTILE
2023-11-23,科技,1961.351,2.0166,4.87,50.0,2011-09-20,PRICE_PERCENTILE
2023-11-24,医药,9392.076,1.0389,10.26,50.0,2019-03-26,PRICE_PERCENTILE
2023-11-24,半导体,3569.869,0.8771,15.03,50.0,2020-06-02,PRICE_PERCENTILE
2023-11-24,新能源,2501.938,1.5245,13.46,50.0,2020-04-03,PRICE_PERCENTILE
2023-11-24,沪深300,3538.009,1.2774,0.95,50.0,2009-07-10,PRICE_PERCENTILE
2023-11-24,消费,18344.482,2.4225,13.02,50.0,2015-03-24,PRICE_PERCENTILE
2023-11-24,科技,1937.94,1.9937,4.13,50.0,2011-09-20,PRICE_PERCENTILE
2023-11-27,医药,9317.593,1.0311,8.25,50.0,2019-03-26,PRICE_PERCENTILE
2023-11-27,半导体,3532.727,0.8871,9.1,50.0,2020-06-02,PRICE_PERCENTILE
2023-11-27,新能源,2465.346,1.5043,12.54,50.0,2020-04-03,PRICE_PERCENTILE
2023-11-27,沪深300,3511.942,1.2684,0.63,50.0,2009-07-10,PRICE_PERCENTILE
2023-11-27,消费,18175.175,2.4013,11.73,50.0,2015-03-24,PRICE_PERCENTILE
2023-11-27,科技,1926.201,1.9822,3.38,50.0,2011-09-20,PRICE_PERCENTILE
2023-11-28,医药,9467.888,1.0467,12.35,50.0,2019-03-26,PRICE_PERCENTILE
2023-11-28,半导体,3533.537,0.8853,9.33,50.0,2020-06-02,PRICE_PERCENTILE
2023-11-28,新能源,2488.432,1.5163,13.43,50.0,2020-04-03,PRICE_PERCENTILE
2023-11-28,沪深300,3518.523,1.2706,0.84,50.0,2009-07-10,PRICE_PERCENTILE
2023-11-28,消费,18156.324,2.399,11.51,50.0,2015-03-24,PRICE_PERCENTILE
2023-11-28,科技,1938.423,1.9942,4.33,50.0,2011-09-20,PRICE_PERCENTILE
2023-11-29,医药,9394.294,1.039,10.44,50.0,2019-03-26,PRICE_PERCENTILE
2023-11-29,半导体,3484.742,0.8853,5.54,50.0,2020-06-02,PRICE_PERCENTILE
2023-11-29,新能源,2447.438,1.4964,11.84,50.0,2020-04-03,PRICE_PERCENTILE
2023-11-29,沪深300,3488.307,1.2604,0.32,50.0,2009-07-10,PRICE_PERCENTILE
2023-11-29,消费,18105.132,2.3926,11.39,50.0,2015-03-24,PRICE_PERCENTILE
2023-11-29,科技,1917.903,1.9742,3.06,50.0,2011-09-20,PRICE_PERCENTILE
2023-11-30,医药,9464.612,1.0463,12.43,50.0,2019-03-26,PRICE_PERCENTILE
2023-11-30,半导体,3491.5,0.8844,5.89,50.0,2020-06-02,PRICE_PERCENTILE
2023-11-30,新能源,2438.766,1.4908,11.26,50.0,2020-04-03,PRICE_PERCENTILE
2023-11-30,沪深300,3496.203,1.2631,0.42,50.0,2009-07-10,PRICE_PERCENTILE
2023-11-30,消费,18226.629,2.4077,12.43,50.0,2015-03-24,PRICE_PERCENTILE
2023-11-30,科技,1922.591,1.9787,3.27,50.0,2011-09-20,PRICE_PERCENTILE
2023-12-01,医药,9433.604,1.0431,11.68,50.0,2019-03-26,PRICE_PERCENTILE
2023-12-01,半导体,3521.082,0.8874,7.88,50.0,2020-06-02,PRICE_PERCENTILE
2023-12-01,新能源,2418.609,1.4815,10.46,50.0,2020-04-03,PRICE_PERCENTILE
2023-12-01,沪深300,3482.881,1.2586,0.21,50.0,2009-07-10,PRICE_PERCENTILE
2023-12-01,消费,17959.201,2.3742,10.84,50.0,2015-03-24,PRICE_PERCENTILE
2023-12-01,科技,1926.284,1.9823,3.68,50.0,2011-09-20,PRICE_PERCENTILE
2023-12-04,医药,9235.705,1.0225,6.1,50.0,2019-03-26,PRICE_PERCENTILE
2023-12-04,半导体,3524.695,0.8763,8.46,50.0,2020-06-02,PRICE_PERCENTILE
2023-12-04,新能源,2403.501,1.4743,9.66,50.0,2020-04-03,PRICE_PERCENTILE
2023-12-04,沪深300,3460.138,1.2509,0.11,50.0,2009-07-10,PRICE_PERCENTILE
2023-12-04,消费,17808.417,2.3553,9.67,50.0,2015-03-24,PRICE_PERCENTILE
2023-12-04,科技,1908.917,1.9653,2.42,50.0,2011-09-20,PRICE_PERCENTILE
2023-12-05,医药,9105.946,1.0091,4.1,50.0,2019-03-26,PRICE_PERCENTILE
2023-12-05,半导体,3459.371,0.8533,4.69,50.0,2020-06-02,PRICE_PERCENTILE
2023-12-05,新能源,2374.959,1.4608,8.53,50.0,2020-04-03,PRICE_PERCENTILE
2023-12-05,沪深300,3394.257,1.2283,0.11,50.0,2009-07-10,PRICE_PERCENTILE
2023-12-05,消费,17497.544,2.3165,8.51,50.0,2015-03-24,PRICE_PERCENTILE
2023-12-05,科技,1871.096,1.9284,1.16,50.0,2011-09-20,PRICE_PERCENTILE
2023-12-06,医药,9111.822,1.0097,4.51,50.0,2019-03-26,PRICE_PERCENTILE
2023-12-06,半导体,3458.69,0.8524,4.69,50.0,2020-06-02,PRICE_PERCENTILE
2023-12-06,新能源,2425.349,1.4932,10.87,50.0,2020-04-03,PRICE_PERCENTILE
2023-12-06,沪深300,3399.598,1.23,0.21,50.0,2009-07-10,PRICE_PERCENTILE
2023-12-06,消费,17615.854,2.3313,8.92,50.0,2015-03-24,PRICE_PERCENTILE
2023-12-06,科技,1881.942,1.939,1.68,50.0,2011-09-20,PRICE_PERCENTILE
2023-12-07,医药,9033.869,1.0016,3.46,50.0,2019-03-26,PRICE_PERCENTILE
2023-12-07,半导体,3444.888,0.8423,3.86,50.0,2020-06-02,PRICE_PERCENTILE
2023-12-07,新能源,2411.696,1.4833,10.08,50.0,2020-04-03,PRICE_PERCENTILE
2023-12-07,沪深300,3391.282,1.2272,0.1,50.0,2009-07-10,PRICE_PERCENTILE
2023-12-07,消费,17570.767,2.3257,8.81,50.0,2015-03-24,PRICE_PERCENTILE
2023-12-07,科技,1877.212,1.9341,1.57,50.0,2011-09-20,PRICE_PERCENTILE
2023-12-08,医药,9137.22,1.0108,5.45,50.0,2019-03-26,PRICE_PERCENTILE
2023-12-08,半导体,3429.668,0.8619,3.16,50.0,2020-06-02,PRICE_PERCENTILE
2023-12-08,新能源,2401.387,1.478,9.51,50.0,2020-04-03,PRICE_PERCENTILE
2023-12-08,沪深300,3399.462,1.2311,0.31,50.0,2009-07-10,PRICE_PERCENTILE
2023-12-08,消费,17529.939,2.3203,8.69,50.0,2015-03-24,PRICE_PERCENTILE
2023-12-08,科技,1892.178,1.9487,2.09,50.0,2011-09-20,PRICE_PERCENTILE
2023-12-11,医药,9203.589,1.0177,6.07,50.0,2019-03-26,PRICE_PERCENTILE
2023-12-11,半导体,3449.57,0.8726,4.44,50.0,2020-06-02,PRICE_PERCENTILE
2023-12-11,新能源,2411.109,1.4796,10.17,50.0,2020-04-03,PRICE_PERCENTILE
2023-12-11,沪深300,3419.455,1.2379,0.52,50.0,2009-07-10,PRICE_PERCENTILE
2023-12-11,消费,17438.471,2.3088,8.16,50.0,2015-03-24,PRICE_PERCENTILE
2023-12-11,科技,1915.737,1.9715,3.35,50.0,2011-09-20,PRICE_PERCENTILE
2023-12-12,医药,9150.579,1.0122,5.64,50.0,2019-03-26,PRICE_PERCENTILE
2023-12-12,半导体,3478.915,0.8706,5.95,50.0,2020-06-02,PRICE_PERCENTILE
2023-12-12,新能源,2394.539,1.4709,9.15,50.0,2020-04-03,PRICE_PERCENTILE
2023-12-12,沪深300,3426.803,1.2404,0.63,50.0,2009-07-10,PRICE_PERCENTILE
2023-12-12,消费,17507.949,2.3175,8.78,50.0,2015-03-24,PRICE_PERCENTILE
2023-12-12,科技,1903.871,1.9598,2.51,50.0,2011-09-20,PRICE_PERCENTILE
2023-12-13,医药,9100.545,1.0069,4.07,50.0,2019-03-26,PRICE_PERCENTILE
2023-12-13,半导体,3432.675,0.8609,3.26,50.0,2020-06-02,PRICE_PERCENTILE
2023-12-13,新能源,2345.349,1.4431,7.58,50.0,2020-04-03,PRICE_PERCENTILE
2023-12-13,沪深300,3369.605,1.2208,0.1,50.0,2009-07-10,PRICE_PERCENTILE
2023-12-13,消费,17011.121,2.2554,7.2,50.0,2015-03-24,PRICE_PERCENTILE
2023-12-13,科技,1872.341,1.9291,1.36,50.0,2011-09-20,PRICE_PERCENTILE
2023-12-14,医药,9065.163,1.0033,3.96,50.0,2019-03-26,PRICE_PERCENTILE
2023-12-14,半导体,3433.85,0.8591,3.61,50.0,2020-06-02,PRICE_PERCENTILE
2023-12-14,新能源,2325.058,1.4321,7.35,50.0,2020-04-03,PRICE_PERCENTILE
2023-12-14,沪深300,3351.964,1.2147,0.1,50.0,2009-07-10,PRICE_PERCENTILE
2023-12-14,消费,16793.503,2.2283,6.36,50.0,2015-03-24,PRICE_PERCENTILE
2023-12-14,科技,1860.513,1.9175,0.73,50.0,2011-09-20,PRICE_PERCENTILE
2023-12-15,医药,8927.115,0.9889,2.29,50.0,2019-03-26,PRICE_PERCENTILE
2023-12-15,半导体,3426.587,0.8534,3.02,50.0,2020-06-02,PRICE_PERCENTILE
2023-12-15,新能源,2326.648,1.4326,7.45,50.0,2020-04-03,PRICE_PERCENTILE
2023-12-15,沪深300,3341.552,1.2111,0.1,50.0,2009-07-10,PRICE_PERCENTILE
2023-12-15,消费,16805.535,2.2299,6.46,50.0,2015-03-24,PRICE_PERCENTILE
2023-12-15,科技,1848.501,1.9058,0.52,50.0,2011-09-20,PRICE_PERCENTILE
2023-12-18,医药,8939.425,0.9902,2.5,50.0,2019-03-26,PRICE_PERCENTILE
2023-12-18,半导体,3390.537,0.8437,1.63,50.0,2020-06-02,PRICE_PERCENTILE
2023-12-18,新能源,2269.436,1.4025,6.78,50.0,2020-04-03,PRICE_PERCENTILE
2023-12-18,沪深300,3329.366,1.2068,0.1,50.0,2009-07-10,PRICE_PERCENTILE
2023-12-18,消费,16794.422,2.2283,6.45,50.0,2015-03-24,PRICE_PERCENTILE
2023-12-18,科技,1819.995,1.8779,0.21,50.0,2011-09-20,PRICE_PERCENTILE
2023-12-19,医药,8867.576,0.9827,1.87,50.0,2019-03-26,PRICE_PERCENTILE
2023-12-19,半导体,3372.808,0.8542,1.28,50.0,2020-06-02,PRICE_PERCENTILE
2023-12-19,新能源,2277.539,1.4057,6.88,50.0,2020-04-03,PRICE_PERCENTILE
2023-12-19,沪深300,3334.041,1.2084,0.21,50.0,2009-07-10,PRICE_PERCENTILE
2023-12-19,消费,16760.903,2.224,6.13,50.0,2015-03-24,PRICE_PERCENTILE
2023-12-19,科技,1827.672,1.8854,0.42,50.0,2011-09-20,PRICE_PERCENTILE
2023-12-20,医药,8818.208,0.9776,1.25,50.0,2019-03-26,PRICE_PERCENTILE
2023-12-20,半导体,3353.299,0.8449,1.04,50.0,2020-06-02,PRICE_PERCENTILE
2023-12-20,新能源,2245.798,1.3865,6.65,50.0,2020-04-03,PRICE_PERCENTILE
2023-12-20,沪深300,3297.502,1.1969,0.1,50.0,2009-07-10,PRICE_PERCENTILE
2023-12-20,消费,16562.947,2.2017,5.61,50.0,2015-03-24,PRICE_PERCENTILE
2023-12-20,科技,1802.881,1.8611,0.21,50.0,2011-09-20,PRICE_PERCENTILE
2023-12-21,医药,8865.075,0.9825,1.87,50.0,2019-03-26,PRICE_PERCENTILE
2023-12-21,半导体,3384.917,0.8532,1.74,50.0,2020-06-02,PRICE_PERCENTILE
2023-12-21,新能源,2292.422,1.4112,7.2,50.0,2020-04-03,PRICE_PERCENTILE
2023-12-21,沪深300,3330.87,1.2084,0.31,50.0,2009-07-10,PRICE_PERCENTILE
2023-12-21,消费,16752.872,2.2255,6.22,50.0,2015-03-24,PRICE_PERCENTILE
2023-12-21,科技,1832.616,1.8901,0.62,50.0,2011-09-20,PRICE_PERCENTILE
2023-12-22,医药,8795.461,0.9752,1.04,50.0,2019-03-26,PRICE_PERCENTILE
2023-12-22,半导体,3388.175,0.845,1.97,50.0,2020-06-02,PRICE_PERCENTILE
2023-12-22,新能源,2324.992,1.4311,7.74,50.0,2020-04-03,PRICE_PERCENTILE
2023-12-22,沪深300,3337.228,1.2106,0.52,50.0,2009-07-10,PRICE_PERCENTILE
2023-12-22,消费,16783.892,2.2294,6.42,50.0,2015-03-24,PRICE_PERCENTILE
2023-12-22,科技,1825.842,1.8835,0.41,50.0,2011-09-20,PRICE_PERCENTILE
2023-12-25,医药,8837.892,0.9794,1.45,50.0,2019-03-26,PRICE_PERCENTILE
2023-12-25,半导体,3365.69,0.8379,1.27,50.0,2020-06-02,PRICE_PERCENTILE
2023-12-25,新能源,2339.794,1.4399,8.07,50.0,2020-04-03,PRICE_PERCENTILE
2023-12-25,沪深300,3347.451,1.2141,0.72,50.0,2009-07-10,PRICE_PERCENTILE
2023-12-25,消费,16907.406,2.2445,7.56,50.0,2015-03-24,PRICE_PERCENTILE
2023-12-25,科技,1831.569,1.889,0.72,50.0,2011-09-20,PRICE_PERCENTILE
2023-12-26,医药,8762.755,0.9717,0.72,50.0,2019-03-26,PRICE_PERCENTILE
2023-12-26,半导体,3338.523,0.8212,0.81,50.0,2020-06-02,PRICE_PERCENTILE
2023-12-26,新能源,2322.708,1.4306,7.73,50.0,2020-04-03,PRICE_PERCENTILE
2023-12-26,沪深300,3324.79,1.2063,0.21,50.0,2009-07-10,PRICE_PERCENTILE
2023-12-26,消费,16801.278,2.2314,6.93,50.0,2015-03-24,PRICE_PERCENTILE
2023-12-26,科技,1808.5,1.8666,0.31,50.0,2011-09-20,PRICE_PERCENTILE
2023-12-27,医药,8804.981,0.9761,1.24,50.0,2019-03-26,PRICE_PERCENTILE
2023-12-27,半导体,3360.984,0.8328,1.38,50.0,2020-06-02,PRICE_PERCENTILE
2023-12-27,新能源,2309.852,1.4225,7.5,50.0,2020-04-03,PRICE_PERCENTILE
2023-12-27,沪深300,3336.357,1.2103,0.62,50.0,2009-07-10,PRICE_PERCENTILE
2023-12-27,消费,16932.372,2.2476,7.85,50.0,2015-03-24,PRICE_PERCENTILE
2023-12-27,科技,1809.832,1.8679,0.41,50.0,2011-09-20,PRICE_PERCENTILE
2023-12-28,医药,8930.48,0.9891,3.1,50.0,2019-03-26,PRICE_PERCENTILE
2023-12-28,半导体,3429.937,0.8504,4.26,50.0,2020-06-02,PRICE_PERCENTILE
2023-12-28,新能源,2422.323,1.4906,12.22,50.0,2020-04-03,PRICE_PERCENTILE
2023-12-28,沪深300,3414.54,1.2372,1.65,50.0,2009-07-10,PRICE_PERCENTILE
2023-12-28,消费,17415.797,2.308,9.18,50.0,2015-03-24,PRICE_PERCENTILE
2023-12-28,科技,1879.496,1.9361,2.79,50.0,2011-09-20,PRICE_PERCENTILE
2023-12-29,医药,8999.747,0.9962,4.02,50.0,2019-03-26,PRICE_PERCENTILE
2023-12-29,半导体,3436.898,0.8522,4.94,50.0,2020-06-02,PRICE_PERCENTILE
2023-12-29,新能源,2430.744,1.4958,12.76,50.0,2020-04-03,PRICE_PERCENTILE
2023-12-29,沪深300,3431.11,1.2429,1.96,50.0,2009-07-10,PRICE_PERCENTILE
2023-12-29,消费,17426.77,2.3096,9.28,50.0,2015-03-24,PRICE_PERCENTILE
2023-12-29,科技,1891.366,1.9476,3.3,50.0,2011-09-20,PRICE_PERCENTILE
2024-01-02,医药,8942.427,0.9902,3.5,50.0,2019-03-26,PRICE_PERCENTILE
2024-01-02,半导体,3429.179,0.8373,4.13,50.0,2020-06-02,PRICE_PERCENTILE
2024-01-02,新能源,2373.876,1.4627,9.56,50.0,2020-04-03,PRICE_PERCENTILE
2024-01-02,沪深300,3386.352,1.2274,1.24,50.0,2009-07-10,PRICE_PERCENTILE
2024-01-02,消费,17106.311,2.2694,8.55,50.0,2015-03-24,PRICE_PERCENTILE
2024-01-02,科技,1855.922,1.9129,1.44,50.0,2011-09-20,PRICE_PERCENTILE
2024-01-03,医药,8930.687,0.989,3.19,50.0,2019-03-26,PRICE_PERCENTILE
2024-01-03,半导体,3454.446,0.8218,6.31,50.0,2020-06-02,PRICE_PERCENTILE
2024-01-03,新能源,2362.06,1.4561,9.22,50.0,2020-04-03,PRICE_PERCENTILE
2024-01-03,沪深300,3378.297,1.2246,1.23,50.0,2009-07-10,PRICE_PERCENTILE
2024-01-03,消费,17000.171,2.256,8.13,50.0,2015-03-24,PRICE_PERCENTILE
2024-01-03,科技,1834.732,1.8922,1.23,50.0,2011-09-20,PRICE_PERCENTILE
2024-01-04,医药,8851.481,0.9807,1.85,50.0,2019-03-26,PRICE_PERCENTILE
2024-01-04,半导体,3428.724,0.8092,4.12,50.0,2020-06-02,PRICE_PERCENTILE
2024-01-04,新能源,2318.987,1.4329,7.79,50.0,2020-04-03,PRICE_PERCENTILE
2024-01-04,沪深300,3347.052,1.2139,0.92,50.0,2009-07-10,PRICE_PERCENTILE
2024-01-04,消费,16725.152,2.2215,5.96,50.0,2015-03-24,PRICE_PERCENTILE
2024-01-04,科技,1801.761,1.86,0.21,50.0,2011-09-20,PRICE_PERCENTILE
2024-01-05,医药,8679.163,0.9627,0.21,50.0,2019-03-26,PRICE_PERCENTILE
2024-01-05,半导体,3426.452,0.798,3.89,50.0,2020-06-02,PRICE_PERCENTILE
2024-01-05,新能源,2303.448,1.4245,7.45,50.0,2020-04-03,PRICE_PERCENTILE
2024-01-05,沪深300,3329.111,1.2077,0.31,50.0,2009-07-10,PRICE_PERCENTILE
2024-01-05,消费,16607.573,2.2069,5.65,50.0,2015-03-24,PRICE_PERCENTILE
2024-01-05,科技,1775.577,1.8344,0.1,50.0,2011-09-20,PRICE_PERCENTILE
2024-01-08,医药,8551.591,0.9495,0.1,50.0,2019-03-26,PRICE_PERCENTILE
2024-01-08,半导体,3369.417,0.7738,1.6,50.0,2020-06-02,PRICE_PERCENTILE
2024-01-08,新能源,2267.353,1.401,6.78,50.0,2020-04-03,PRICE_PERCENTILE
2024-01-08,沪深300,3286.056,1.1928,0.1,50.0,2009-07-10,PRICE_PERCENTILE
2024-01-08,消费,16337.794,2.1729,4.31,50.0,2015-03-24,PRICE_PERCENTILE
2024-01-08,科技,1744.411,1.8039,0.1,50.0,2011-09-20,PRICE_PERCENTILE
2024-01-09,医药,8564.206,0.9507,0.2,50.0,2019-03-26,PRICE_PERCENTILE
2024-01-09,半导体,3380.879,0.774,1.94,50.0,2020-06-02,PRICE_PERCENTILE
2024-01-09,新能源,2284.979,1.4119,7.21,50.0,2020-04-03,PRICE_PERCENTILE
2024-01-09,沪深300,3292.499,1.195,0.2,50.0,2009-07-10,PRICE_PERCENTILE
2024-01-09,消费,16327.274,2.1716,4.2,50.0,2015-03-24,PRICE_PERCENTILE
2024-01-09,科技,1750.775,1.8101,0.2,50.0,2011-09-20,PRICE_PERCENTILE
2024-01-10,医药,8503.003,0.9443,0.1,50.0,2019-03-26,PRICE_PERCENTILE
2024-01-10,半导体,3351.609,0.7661,1.14,50.0,2020-06-02,PRICE_PERCENTILE
2024-01-10,新能源,2284.474,1.4108,7.21,50.0,2020-04-03,PRICE_PERCENTILE
2024-01-10,沪深300,3277.129,1.1897,0.1,50.0,2009-07-10,PRICE_PERCENTILE
2024-01-10,消费,16373.858,2.1775,4.61,50.0,2015-03-24,PRICE_PERCENTILE
2024-01-10,科技,1743.198,1.8027,0.1,50.0,2011-09-20,PRICE_PERCENTILE
2024-01-11,医药,8563.261,0.9506,0.31,50.0,2019-03-26,PRICE_PERCENTILE
2024-01-11,半导体,3354.973,0.7752,1.37,50.0,2020-06-02,PRICE_PERCENTILE
2024-01-11,新能源,2355.905,1.4554,9.6,50.0,2020-04-03,PRICE_PERCENTILE
2024-01-11,沪深300,3295.672,1.1961,0.41,50.0,2009-07-10,PRICE_PERCENTILE
2024-01-11,消费,16482.667,2.1911,5.11,50.0,2015-03-24,PRICE_PERCENTILE
2024-01-11,科技,1777.272,1.836,0.51,50.0,2011-09-20,PRICE_PERCENTILE
2024-01-12,医药,8456.989,0.9395,0.1,50.0,2019-03-26,PRICE_PERCENTILE
2024-01-12,半导体,3372.089,0.7613,2.05,50.0,2020-06-02,PRICE_PERCENTILE
2024-01-12,新能源,2342.312,1.4469,8.93,50.0,2020-04-03,PRICE_PERCENTILE
2024-01-12,沪深300,3284.167,1.1921,0.2,50.0,2009-07-10,PRICE_PERCENTILE
2024-01-12,消费,16484.914,2.1913,5.21,50.0,2015-03-24,PRICE_PERCENTILE
2024-01-12,科技,1761.16,1.8202,0.41,50.0,2011-09-20,PRICE_PERCENTILE
2024-01-15,医药,8470.694,0.9409,0.2,50.0,2019-03-26,PRICE_PERCENTILE
2024-01-15,半导体,3388.176,0.7638,2.95,50.0,2020-06-02,PRICE_PERCENTILE
2024-01-15,新能源,2308.809,1.4232,7.83,50.0,2020-04-03,PRICE_PERCENTILE
2024-01-15,沪深300,3280.92,1.1909,0.2,50.0,2009-07-10,PRICE_PERCENTILE
2024-01-15,消费,16339.016,2.1729,4.49,50.0,2015-03-24,PRICE_PERCENTILE
2024-01-15,科技,1745.609,1.805,0.31,50.0,2011-09-20,PRICE_PERCENTILE
2024-01-16,医药,8455.705,0.9393,0.1,50.0,2019-03-26,PRICE_PERCENTILE
2024-01-16,半导体,3384.038,0.7651,2.61,50.0,2020-06-02,PRICE_PERCENTILE
2024-01-16,新能源,2330.24,1.4335,8.8,50.0,2020-04-03,PRICE_PERCENTILE
2024-01-16,沪深300,3300.876,1.1978,0.82,50.0,2009-07-10,PRICE_PERCENTILE
2024-01-16,消费,16416.166,2.1826,4.99,50.0,2015-03-24,PRICE_PERCENTILE
2024-01-16,科技,1752.23,1.8114,0.51,50.0,2011-09-20,PRICE_PERCENTILE
2024-01-17,医药,8233.242,0.916,0.1,50.0,2019-03-26,PRICE_PERCENTILE
2024-01-17,半导体,3316.281,0.7487,0.45,50.0,2020-06-02,PRICE_PERCENTILE
2024-01-17,新能源,2249.249,1.3857,6.62,50.0,2020-04-03,PRICE_PERCENTILE
2024-01-17,沪深300,3229.082,1.173,0.1,50.0,2009-07-10,PRICE_PERCENTILE
2024-01-17,消费,15979.762,2.1277,2.44,50.0,2015-03-24,PRICE_PERCENTILE
2024-01-17,科技,1699.62,1.7599,0.1,50.0,2011-09-20,PRICE_PERCENTILE
2024-01-18,医药,8318.455,0.925,0.2,50.0,2019-03-26,PRICE_PERCENTILE
2024-01-18,半导体,3295.738,0.7648,0.45,50.0,2020-06-02,PRICE_PERCENTILE
2024-01-18,新能源,2284.6,1.4067,7.38,50.0,2020-04-03,PRICE_PERCENTILE
2024-01-18,沪深300,3274.729,1.1886,0.2,50.0,2009-07-10,PRICE_PERCENTILE
2024-01-18,消费,16201.579,2.1557,3.76,50.0,2015-03-24,PRICE_PERCENTILE
2024-01-18,科技,1732.358,1.792,0.2,50.0,2011-09-20,PRICE_PERCENTILE
2024-01-19,医药,8296.744,0.9227,0.2,50.0,2019-03-26,PRICE_PERCENTILE
2024-01-19,半导体,3281.044,0.7641,0.34,50.0,2020-06-02,PRICE_PERCENTILE
2024-01-19,新能源,2263.917,1.3969,6.83,50.0,2020-04-03,PRICE_PERCENTILE
2024-01-19,沪深300,3269.776,1.1869,0.2,50.0,2009-07-10,PRICE_PERCENTILE
2024-01-19,消费,16225.501,2.1585,3.96,50.0,2015-03-24,PRICE_PERCENTILE
2024-01-19,科技,1715.436,1.7755,0.2,50.0,2011-09-20,PRICE_PERCENTILE
2024-01-22,医药,8038.533,0.8955,0.1,50.0,2019-03-26,PRICE_PERCENTILE
2024-01-22,半导体,3176.168,0.7437,0.11,50.0,2020-06-02,PRICE_PERCENTILE
2024-01-22,新能源,2187.858,1.3476,6.39,50.0,2020-04-03,PRICE_PERCENTILE
2024-01-22,沪深300,3218.902,1.1693,0.1,50.0,2009-07-10,PRICE_PERCENTILE
2024-01-22,消费,15893.709,2.1168,2.44,50.0,2015-03-24,PRICE_PERCENTILE
2024-01-22,科技,1666.88,1.7278,0.1,50.0,2011-09-20,PRICE_PERCENTILE
2024-01-23,医药,8086.349,0.9007,0.2,50.0,2019-03-26,PRICE_PERCENTILE
2024-01-23,半导体,3195.613,0.7466,0.23,50.0,2020-06-02,PRICE_PERCENTILE
2024-01-23,新能源,2201.553,1.3557,6.49,50.0,2020-04-03,PRICE_PERCENTILE
2024-01-23,沪深300,3231.933,1.1739,0.3,50.0,2009-07-10,PRICE_PERCENTILE
2024-01-23,消费,15871.181,2.1141,2.43,50.0,2015-03-24,PRICE_PERCENTILE
2024-01-23,科技,1687.614,1.7481,0.2,50.0,2011-09-20,PRICE_PERCENTILE
2024-01-24,医药,8153.168,0.9076,0.3,50.0,2019-03-26,PRICE_PERCENTILE
2024-01-24,半导体,3356.294,0.7429,2.03,50.0,2020-06-02,PRICE_PERCENTILE
2024-01-24,新能源,2198.607,1.3538,6.48,50.0,2020-04-03,PRICE_PERCENTILE
2024-01-24,沪深300,3277.109,1.1893,0.61,50.0,2009-07-10,PRICE_PERCENTILE
2024-01-24,消费,15941.01,2.1229,2.63,50.0,2015-03-24,PRICE_PERCENTILE
2024-01-24,科技,1696.188,1.7565,0.3,50.0,2011-09-20,PRICE_PERCENTILE
2024-01-25,医药,8271.378,0.92,0.51,50.0,2019-03-26,PRICE_PERCENTILE
2024-01-25,半导体,3552.78,0.7583,16.55,50.0,2020-06-02,PRICE_PERCENTILE
2024-01-25,新能源,2223.031,1.3682,6.8,50.0,2020-04-03,PRICE_PERCENTILE
2024-01-25,沪深300,3342.919,1.2121,2.33,50.0,2009-07-10,PRICE_PERCENTILE
2024-01-25,消费,16209.36,2.1563,4.25,50.0,2015-03-24,PRICE_PERCENTILE
2024-01-25,科技,1720.783,1.7806,0.61,50.0,2011-09-20,PRICE_PERCENTILE
2024-01-26,医药,8089.551,0.9009,0.3,50.0,2019-03-26,PRICE_PERCENTILE
2024-01-26,半导体,3580.165,0.7338,20.25,50.0,2020-06-02,PRICE_PERCENTILE
2024-01-26,新能源,2177.955,1.344,6.36,50.0,2020-04-03,PRICE_PERCENTILE
2024-01-26,沪深300,3333.821,1.2088,1.92,50.0,2009-07-10,PRICE_PERCENTILE
2024-01-26,消费,16201.055,2.1553,3.94,50.0,2015-03-24,PRICE_PERCENTILE
2024-01-26,科技,1682.478,1.7431,0.2,50.0,2011-09-20,PRICE_PERCENTILE
2024-01-29,医药,7897.951,0.8807,0.1,50.0,2019-03-26,PRICE_PERCENTILE
2024-01-29,半导体,3600.456,0.7172,23.03,50.0,2020-06-02,PRICE_PERCENTILE
2024-01-29,新能源,2102.049,1.2979,5.49,50.0,2020-04-03,PRICE_PERCENTILE
2024-01-29,沪深300,3303.96,1.1985,1.52,50.0,2009-07-10,PRICE_PERCENTILE
2024-01-29,消费,16254.568,2.162,4.65,50.0,2015-03-24,PRICE_PERCENTILE
2024-01-29,科技,1623.812,1.6856,0.1,50.0,2011-09-20,PRICE_PERCENTILE
2024-01-30,医药,7719.636,0.8618,0.1,50.0,2019-03-26,PRICE_PERCENTILE
2024-01-30,半导体,3558.749,0.6888,17.4,50.0,2020-06-02,PRICE_PERCENTILE
2024-01-30,新能源,2037.324,1.2621,4.62,50.0,2020-04-03,PRICE_PERCENTILE
2024-01-30,沪深300,3245.039,1.1781,0.4,50.0,2009-07-10,PRICE_PERCENTILE
2024-01-30,消费,15870.927,2.1139,2.42,50.0,2015-03-24,PRICE_PERCENTILE
2024-01-30,科技,1583.771,1.6462,0.1,50.0,2011-09-20,PRICE_PERCENTILE
2024-01-31,医药,7472.6,0.8357,0.1,50.0,2019-03-26,PRICE_PERCENTILE
2024-01-31,半导体,3484.482,0.6753,9.3,50.0,2020-06-02,PRICE_PERCENTILE
2024-01-31,新能源,2025.414,1.2444,4.4,50.0,2020-04-03,PRICE_PERCENTILE
2024-01-31,沪深300,3215.352,1.1678,0.1,50.0,2009-07-10,PRICE_PERCENTILE
2024-01-31,消费,15678.01,2.0895,1.81,50.0,2015-03-24,PRICE_PERCENTILE
2024-01-31,科技,1573.372,1.6358,0.1,50.0,2011-09-20,PRICE_PERCENTILE
2024-02-01,医药,7505.482,0.8392,0.2,50.0,2019-03-26,PRICE_PERCENTILE
2024-02-01,半导体,3395.652,0.6829,4.14,50.0,2020-06-02,PRICE_PERCENTILE
2024-02-01,新能源,2019.217,1.2408,4.4,50.0,2020-04-03,PRICE_PERCENTILE
2024-02-01,沪深300,3217.711,1.1687,0.2,50.0,2009-07-10,PRICE_PERCENTILE
2024-02-01,消费,15739.177,2.0972,2.11,50.0,2015-03-24,PRICE_PERCENTILE
2024-02-01,科技,1589.037,1.6512,0.3,50.0,2011-09-20,PRICE_PERCENTILE
2024-02-02,医药,7282.294,0.8155,0.1,50.0,2019-03-26,PRICE_PERCENTILE
2024-02-02,半导体,3366.95,0.66,2.46,50.0,2020-06-02,PRICE_PERCENTILE
2024-02-02,新能源,1961.822,1.2055,3.97,50.0,2020-04-03,PRICE_PERCENTILE
2024-02-02,沪深300,3179.628,1.1554,0.1,50.0,2009-07-10,PRICE_PERCENTILE
2024-02-02,消费,15694.124,2.0916,2.01,50.0,2015-03-24,PRICE_PERCENTILE
2024-02-02,科技,1550.374,1.6132,0.1,50.0,2011-09-20,PRICE_PERCENTILE
2024-02-05,医药,7366.72,0.8243,0.2,50.0,2019-03-26,PRICE_PERCENTILE
2024-02-05,半导体,3239.052,0.6566,0.34,50.0,2020-06-02,PRICE_PERCENTILE
2024-02-05,新能源,1942.33,1.1855,3.85,50.0,2020-04-03,PRICE_PERCENTILE
2024-02-05,沪深300,3200.422,1.1625,0.2,50.0,2009-07-10,PRICE_PERCENTILE
2024-02-05,消费,15892.94,2.1165,2.91,50.0,2015-03-24,PRICE_PERCENTILE
2024-02-05,科技,1562.61,1.6252,0.2,50.0,2011-09-20,PRICE_PERCENTILE
2024-02-06,医药,7920.557,0.883,0.7,50.0,2019-03-26,PRICE_PERCENTILE
2024-02-06,半导体,3350.503,0.6975,1.67,50.0,2020-06-02,PRICE_PERCENTILE
2024-02-06,新能源,2062.48,1.2575,5.56,50.0,2020-04-03,PRICE_PERCENTILE
2024-02-06,沪深300,3311.692,1.201,2.11,50.0,2009-07-10,PRICE_PERCENTILE
2024-02-06,消费,16492.586,2.1918,6.93,50.0,2015-03-24,PRICE_PERCENTILE
2024-02-06,科技,1667.445,1.7222,0.8,50.0,2011-09-20,PRICE_PERCENTILE
2024-02-07,医药,8237.992,0.9165,1.3,50.0,2019-03-26,PRICE_PERCENTILE
2024-02-07,半导体,3427.567,0.7059,6.02,50.0,2020-06-02,PRICE_PERCENTILE
2024-02-07,新能源,2134.99,1.3009,6.2,50.0,2020-04-03,PRICE_PERCENTILE
2024-02-07,沪深300,3343.63,1.212,3.21,50.0,2009-07-10,PRICE_PERCENTILE
2024-02-07,消费,16874.541,2.2397,9.63,50.0,2015-03-24,PRICE_PERCENTILE
2024-02-07,科技,1707.02,1.7566,1.3,50.0,2011-09-20,PRICE_PERCENTILE
2024-02-08,医药,8196.256,0.9122,1.2,50.0,2019-03-26,PRICE_PERCENTILE
2024-02-08,半导体,3456.286,0.7268,8.69,50.0,2020-06-02,PRICE_PERCENTILE
2024-02-08,新能源,2172.219,1.3243,7.04,50.0,2020-04-03,PRICE_PERCENTILE
2024-02-08,沪深300,3364.93,1.2195,3.61,50.0,2009-07-10,PRICE_PERCENTILE
2024-02-08,消费,16834.219,2.2348,9.52,50.0,2015-03-24,PRICE_PERCENTILE
2024-02-08,科技,1726.859,1.7734,1.6,50.0,2011-09-20,PRICE_PERCENTILE
2024-02-19,医药,8146.485,0.9067,1.1,50.0,2019-03-26,PRICE_PERCENTILE
2024-02-19,半导体,3488.686,0.7432,10.34,50.0,2020-06-02,PRICE_PERCENTILE
2024-02-19,新能源,2155.967,1.3141,6.61,50.0,2020-04-03,PRICE_PERCENTILE
2024-02-19,沪深300,3403.808,1.2326,4.4,50.0,2009-07-10,PRICE_PERCENTILE
2024-02-19,消费,16798.226,2.2296,9.11,50.0,2015-03-24,PRICE_PERCENTILE
2024-02-19,科技,1746.422,1.7919,2.1,50.0,2011-09-20,PRICE_PERCENTILE
2024-02-20,医药,8193.549,0.9116,1.3,50.0,2019-03-26,PRICE_PERCENTILE
2024-02-20,半导体,3499.979,0.7384,10.89,50.0,2020-06-02,PRICE_PERCENTILE
2024-02-20,新能源,2143.107,1.3078,6.39,50.0,2020-04-03,PRICE_PERCENTILE
2024-02-20,沪深300,3410.854,1.235,4.5,50.0,2009-07-10,PRICE_PERCENTILE
2024-02-20,消费,16799.05,2.2299,9.2,50.0,2015-03-24,PRICE_PERCENTILE
2024-02-20,科技,1746.176,1.7916,2.1,50.0,2011-09-20,PRICE_PERCENTILE
2024-02-21,医药,8227.382,0.9151,1.5,50.0,2019-03-26,PRICE_PERCENTILE
2024-02-21,半导体,3556.019,0.7408,17.65,50.0,2020-06-02,PRICE_PERCENTILE
2024-02-21,新能源,2170.369,1.3241,7.23,50.0,2020-04-03,PRICE_PERCENTILE
2024-02-21,沪深300,3456.871,1.251,5.0,50.0,2009-07-10,PRICE_PERCENTILE
2024-02-21,消费,17255.27,2.2869,11.59,50.0,2015-03-24,PRICE_PERCENTILE
2024-02-21,科技,1752.478,1.7977,2.5,50.0,2011-09-20,PRICE_PERCENTILE
2024-02-22,医药,8234.387,0.9159,1.7,50.0,2019-03-26,PRICE_PERCENTILE
2024-02-22,半导体,3578.471,0.7525,20.95,50.0,2020-06-02,PRICE_PERCENTILE
2024-02-22,新能源,2175.028,1.3266,7.55,50.0,2020-04-03,PRICE_PERCENTILE
2024-02-22,沪深300,3486.675,1.2611,5.39,50.0,2009-07-10,PRICE_PERCENTILE
2024-02-22,消费,17338.264,2.2974,11.88,50.0,2015-03-24,PRICE_PERCENTILE
2024-02-22,科技,1757.869,1.8029,2.59,50.0,2011-09-20,PRICE_PERCENTILE
2024-02-23,医药,8220.431,0.9144,1.5,50.0,2019-03-26,PRICE_PERCENTILE
2024-02-23,半导体,3595.985,0.7542,23.26,50.0,2020-06-02,PRICE_PERCENTILE
2024-02-23,新能源,2190.233,1.3359,7.86,50.0,2020-04-03,PRICE_PERCENTILE
2024-02-23,沪深300,3489.742,1.2622,5.68,50.0,2009-07-10,PRICE_PERCENTILE
2024-02-23,消费,17347.011,2.2984,11.96,50.0,2015-03-24,PRICE_PERCENTILE
2024-02-23,科技,1758.193,1.8032,2.69,50.0,2011-09-20,PRICE_PERCENTILE
2024-02-26,医药,8221.74,0.9145,1.59,50.0,2019-03-26,PRICE_PERCENTILE
2024-02-26,半导体,3531.429,0.7574,13.94,50.0,2020-06-02,PRICE_PERCENTILE
2024-02-26,新能源,2194.097,1.339,7.95,50.0,2020-04-03,PRICE_PERCENTILE
2024-02-26,沪深300,3453.359,1.2497,4.98,50.0,2009-07-10,PRICE_PERCENTILE
2024-02-26,消费,17155.484,2.2743,11.25,50.0,2015-03-24,PRICE_PERCENTILE
2024-02-26,科技,1751.703,1.7967,2.39,50.0,2011-09-20,PRICE_PERCENTILE
2024-02-27,医药,8298.953,0.9226,2.29,50.0,2019-03-26,PRICE_PERCENTILE
2024-02-27,半导体,3570.382,0.7916,20.22,50.0,2020-06-02,PRICE_PERCENTILE
2024-02-27,新能源,2239.839,1.3638,8.47,50.0,2020-04-03,PRICE_PERCENTILE
2024-02-27,沪深300,3494.787,1.2639,5.87,50.0,2009-07-10,PRICE_PERCENTILE
2024-02-27,消费,17206.299,2.2805,11.44,50.0,2015-03-24,PRICE_PERCENTILE
2024-02-27,科技,1793.979,1.8378,3.18,50.0,2011-09-20,PRICE_PERCENTILE
2024-02-28,医药,8198.193,0.912,1.49,50.0,2019-03-26,PRICE_PERCENTILE
2024-02-28,半导体,3535.751,0.7602,14.79,50.0,2020-06-02,PRICE_PERCENTILE
2024-02-28,新能源,2194.333,1.3402,8.04,50.0,2020-04-03,PRICE_PERCENTILE
2024-02-28,沪深300,3450.26,1.2487,4.97,50.0,2009-07-10,PRICE_PERCENTILE
2024-02-28,消费,17060.566,2.2623,10.93,50.0,2015-03-24,PRICE_PERCENTILE
2024-02-28,科技,1748.97,1.7939,2.29,50.0,2011-09-20,PRICE_PERCENTILE
2024-02-29,医药,8347.887,0.9277,2.58,50.0,2019-03-26,PRICE_PERCENTILE
2024-02-29,半导体,3588.768,0.8054,22.71,50.0,2020-06-02,PRICE_PERCENTILE
2024-02-29,新能源,2277.927,1.3896,9.41,50.0,2020-04-03,PRICE_PERCENTILE
2024-02-29,沪深300,3516.083,1.2713,6.65,50.0,2009-07-10,PRICE_PERCENTILE
2024-02-29,消费,17319.801,2.2948,12.02,50.0,2015-03-24,PRICE_PERCENTILE
2024-02-29,科技,1807.034,1.8504,3.67,50.0,2011-09-20,PRICE_PERCENTILE
2024-03-01,医药,8333.942,0.9262,2.58,50.0,2019-03-26,PRICE_PERCENTILE
2024-03-01,半导体,3587.048,0.8214,22.47,50.0,2020-06-02,PRICE_PERCENTILE
2024-03-01,新能源,2292.25,1.3965,9.93,50.0,2020-04-03,PRICE_PERCENTILE
2024-03-01,沪深300,3537.804,1.2789,7.04,50.0,2009-07-10,PRICE_PERCENTILE
2024-03-01,消费,17276.302,2.2892,12.0,50.0,2015-03-24,PRICE_PERCENTILE
2024-03-01,科技,1824.035,1.8669,4.07,50.0,2011-09-20,PRICE_PERCENTILE
2024-03-04,医药,8476.315,0.9411,3.07,50.0,2019-03-26,PRICE_PERCENTILE
2024-03-04,半导体,3552.613,0.8257,17.27,50.0,2020-06-02,PRICE_PERCENTILE
2024-03-04,新能源,2282.728,1.3904,9.6,50.0,2020-04-03,PRICE_PERCENTILE
2024-03-04,沪深300,3540.869,1.2798,7.23,50.0,2009-07-10,PRICE_PERCENTILE
2024-03-04,消费,17137.053,2.2718,11.3,50.0,2015-03-24,PRICE_PERCENTILE
2024-03-04,科技,1834.833,1.8775,4.86,50.0,2011-09-20,PRICE_PERCENTILE
2024-03-05,医药,8442.521,0.9375,2.77,50.0,2019-03-26,PRICE_PERCENTILE
2024-03-05,半导体,3572.138,0.8248,20.44,50.0,2020-06-02,PRICE_PERCENTILE
2024-03-05,新能源,2269.988,1.3768,9.27,50.0,2020-04-03,PRICE_PERCENTILE
2024-03-05,沪深300,3565.514,1.2882,7.82,50.0,2009-07-10,PRICE_PERCENTILE
2024-03-05,消费,17378.583,2.302,12.57,50.0,2015-03-24,PRICE_PERCENTILE
2024-03-05,科技,1833.661,1.8763,4.75,50.0,2011-09-20,PRICE_PERCENTILE
2024-03-06,医药,8377.608,0.9307,2.77,50.0,2019-03-26,PRICE_PERCENTILE
2024-03-06,半导体,3566.71,0.8137,19.54,50.0,2020-06-02,PRICE_PERCENTILE
2024-03-06,新能源,2273.718,1.3788,9.37,50.0,2020-04-03,PRICE_PERCENTILE
2024-03-06,沪深300,3551.048,1.2833,7.52,50.0,2009-07-10,PRICE_PERCENTILE
2024-03-06,消费,17171.09,2.2759,11.47,50.0,2015-03-24,PRICE_PERCENTILE
2024-03-06,科技,1832.58,1.8752,4.55,50.0,2011-09-20,PRICE_PERCENTILE
2024-03-07,医药,8118.593,0.9034,1.09,50.0,2019-03-26,PRICE_PERCENTILE
2024-03-07,半导体,3552.677,0.7969,17.32,50.0,2020-06-02,PRICE_PERCENTILE
2024-03-07,新能源,2234.385,1.3565,8.52,50.0,2020-04-03,PRICE_PERCENTILE
2024-03-07,沪深300,3529.72,1.2758,6.82,50.0,2009-07-10,PRICE_PERCENTILE
2024-03-07,消费,17138.802,2.2718,11.36,50.0,2015-03-24,PRICE_PERCENTILE
2024-03-07,科技,1789.936,1.8339,3.26,50.0,2011-09-20,PRICE_PERCENTILE
2024-03-08,医药,8125.162,0.9041,1.18,50.0,2019-03-26,PRICE_PERCENTILE
2024-03-08,半导体,3583.974,0.8141,22.34,50.0,2020-06-02,PRICE_PERCENTILE
2024-03-08,新能源,2235.874,1.3584,8.61,50.0,2020-04-03,PRICE_PERCENTILE
2024-03-08,沪深300,3544.91,1.2811,7.6,50.0,2009-07-10,PRICE_PERCENTILE
2024-03-08,消费,17040.804,2.2595,10.86,50.0,2015-03-24,PRICE_PERCENTILE
2024-03-08,科技,1807.294,1.8506,3.85,50.0,2011-09-20,PRICE_PERCENTILE
2024-03-11,医药,8341.154,0.9267,2.86,50.0,2019-03-26,PRICE_PERCENTILE
2024-03-11,半导体,3602.277,0.8231,25.38,50.0,2020-06-02,PRICE_PERCENTILE
2024-03-11,新能源,2391.138,1.4444,14.06,50.0,2020-04-03,PRICE_PERCENTILE
2024-03-11,沪深300,3589.264,1.2963,9.37,50.0,2009-07-10,PRICE_PERCENTILE
2024-03-11,消费,17362.208,2.2997,12.82,50.0,2015-03-24,PRICE_PERCENTILE
2024-03-11,科技,1890.41,1.931,7.4,50.0,2011-09-20,PRICE_PERCENTILE
2024-03-12,医药,8493.907,0.9428,3.65,50.0,2019-03-26,PRICE_PERCENTILE
2024-03-12,半导体,3575.784,0.8261,21.31,50.0,2020-06-02,PRICE_PERCENTILE
2024-03-12,新能源,2411.588,1.4545,15.51,50.0,2020-04-03,PRICE_PERCENTILE
2024-03-12,沪深300,3597.494,1.2993,9.46,50.0,2009-07-10,PRICE_PERCENTILE
2024-03-12,消费,17876.171,2.3637,15.86,50.0,2015-03-24,PRICE_PERCENTILE
2024-03-12,科技,1906.037,1.946,8.28,50.0,2011-09-20,PRICE_PERCENTILE
2024-03-13,医药,8422.294,0.9352,3.15,50.0,2019-03-26,PRICE_PERCENTILE
2024-03-13,半导体,3542.534,0.8237,16.05,50.0,2020-06-02,PRICE_PERCENTILE
2024-03-13,新能源,2407.865,1.4507,15.29,50.0,2020-04-03,PRICE_PERCENTILE
2024-03-13,沪深300,3572.361,1.2907,8.37,50.0,2009-07-10,PRICE_PERCENTILE
2024-03-13,消费,17681.833,2.3394,14.67,50.0,2015-03-24,PRICE_PERCENTILE
2024-03-13,科技,1895.147,1.9355,7.87,50.0,2011-09-20,PRICE_PERCENTILE
2024-03-14,医药,8450.722,0.9382,3.34,50.0,2019-03-26,PRICE_PERCENTILE
2024-03-14,半导体,3574.264,0.8118,21.37,50.0,2020-06-02,PRICE_PERCENTILE
2024-03-14,新能源,2388.719,1.4381,14.02,50.0,2020-04-03,PRICE_PERCENTILE
2024-03-14,沪深300,3562.223,1.2871,7.96,50.0,2009-07-10,PRICE_PERCENTILE
2024-03-14,消费,17615.535,2.3312,14.36,50.0,2015-03-24,PRICE_PERCENTILE
2024-03-14,科技,1883.021,1.9237,7.28,50.0,2011-09-20,PRICE_PERCENTILE
2024-03-15,医药,8423.461,0.9353,3.24,50.0,2019-03-26,PRICE_PERCENTILE
2024-03-15,半导体,3581.985,0.8122,22.22,50.0,2020-06-02,PRICE_PERCENTILE
2024-03-15,新能源,2390.849,1.443,14.11,50.0,2020-04-03,PRICE_PERCENTILE
2024-03-15,沪深300,3569.993,1.2898,8.35,50.0,2009-07-10,PRICE_PERCENTILE
2024-03-15,消费,17694.967,2.3409,15.03,50.0,2015-03-24,PRICE_PERCENTILE
2024-03-15,科技,1884.088,1.9236,7.37,50.0,2011-09-20,PRICE_PERCENTILE
2024-03-18,医药,8488.461,0.9421,3.93,50.0,2019-03-26,PRICE_PERCENTILE
2024-03-18,半导体,3646.673,0.8342,31.12,50.0,2020-06-02,PRICE_PERCENTILE
2024-03-18,新能源,2463.075,1.4788,18.89,50.0,2020-04-03,PRICE_PERCENTILE
2024-03-18,沪深300,3603.528,1.3013,9.81,50.0,2009-07-10,PRICE_PERCENTILE
2024-03-18,消费,17750.71,2.3478,15.31,50.0,2015-03-24,PRICE_PERCENTILE
2024-03-18,科技,1926.396,1.9661,10.21,50.0,2011-09-20,PRICE_PERCENTILE
2024-03-19,医药,8364.556,0.9291,3.04,50.0,2019-03-26,PRICE_PERCENTILE
2024-03-19,半导体,3606.918,0.8229,26.09,50.0,2020-06-02,PRICE_PERCENTILE
2024-03-19,新能源,2434.983,1.463,17.62,50.0,2020-04-03,PRICE_PERCENTILE
2024-03-19,沪深300,3577.63,1.2924,8.92,50.0,2009-07-10,PRICE_PERCENTILE
2024-03-19,消费,17974.259,2.3757,17.16,50.0,2015-03-24,PRICE_PERCENTILE
2024-03-19,科技,1906.938,1.9473,8.73,50.0,2011-09-20,PRICE_PERCENTILE
2024-03-20,医药,8341.214,0.9266,2.94,50.0,2019-03-26,PRICE_PERCENTILE
2024-03-20,半导体,3622.927,0.8205,27.69,50.0,2020-06-02,PRICE_PERCENTILE
2024-03-20,新能源,2440.407,1.4641,17.81,50.0,2020-04-03,PRICE_PERCENTILE
2024-03-20,沪深300,3585.384,1.295,9.5,50.0,2009-07-10,PRICE_PERCENTILE
2024-03-20,消费,17942.646,2.3718,16.75,50.0,2015-03-24,PRICE_PERCENTILE
2024-03-20,科技,1909.245,1.9495,8.91,50.0,2011-09-20,PRICE_PERCENTILE
2024-03-21,医药,8274.437,0.9196,2.45,50.0,2019-03-26,PRICE_PERCENTILE
2024-03-21,半导体,3614.75,0.8205,26.9,50.0,2020-06-02,PRICE_PERCENTILE
2024-03-21,新能源,2420.925,1.4494,16.55,50.0,2020-04-03,PRICE_PERCENTILE
2024-03-21,沪深300,3581.09,1.2936,9.2,50.0,2009-07-10,PRICE_PERCENTILE
2024-03-21,消费,18073.053,2.388,17.42,50.0,2015-03-24,PRICE_PERCENTILE
2024-03-21,科技,1897.094,1.9377,8.22,50.0,2011-09-20,PRICE_PERCENTILE
2024-03-22,医药,8152.257,0.9068,1.37,50.0,2019-03-26,PRICE_PERCENTILE
2024-03-22,半导体,3556.81,0.8131,18.09,50.0,2020-06-02,PRICE_PERCENTILE
2024-03-22,新能源,2367.808,1.4155,13.31,50.0,2020-04-03,PRICE_PERCENTILE
2024-03-22,沪深300,3545.002,1.2811,7.62,50.0,2009-07-10,PRICE_PERCENTILE
2024-03-22,消费,17731.174,2.3453,15.25,50.0,2015-03-24,PRICE_PERCENTILE
2024-03-22,科技,1869.175,1.9106,6.26,50.0,2011-09-20,PRICE_PERCENTILE
2024-03-25,医药,8083.605,0.8996,0.88,50.0,2019-03-26,PRICE_PERCENTILE
2024-03-25,半导体,3547.89,0.7957,16.88,50.0,2020-06-02,PRICE_PERCENTILE
2024-03-25,新能源,2323.04,1.3878,11.42,50.0,2020-04-03,PRICE_PERCENTILE
2024-03-25,沪深300,3525.763,1.2744,6.74,50.0,2009-07-10,PRICE_PERCENTILE
2024-03-25,消费,17589.819,2.3276,14.16,50.0,2015-03-24,PRICE_PERCENTILE
2024-03-25,科技,1833.441,1.8759,4.98,50.0,2011-09-20,PRICE_PERCENTILE
2024-03-26,医药,8054.171,0.8965,0.88,50.0,2019-03-26,PRICE_PERCENTILE
2024-03-26,半导体,3568.72,0.7863,20.32,50.0,2020-06-02,PRICE_PERCENTILE
2024-03-26,新能源,2381.636,1.4203,14.11,50.0,2020-04-03,PRICE_PERCENTILE
2024-03-26,沪深300,3543.747,1.2806,7.51,50.0,2009-07-10,PRICE_PERCENTILE
2024-03-26,消费,17795.9,2.3532,15.71,50.0,2015-03-24,PRICE_PERCENTILE
2024-03-26,科技,1841.535,1.8838,5.46,50.0,2011-09-20,PRICE_PERCENTILE
2024-03-27,医药,7970.803,0.8878,0.78,50.0,2019-03-26,PRICE_PERCENTILE
2024-03-27,半导体,3512.627,0.7662,11.56,50.0,2020-06-02,PRICE_PERCENTILE
2024-03-27,新能源,2303.739,1.3751,10.78,50.0,2020-04-03,PRICE_PERCENTILE
2024-03-27,沪深300,3502.787,1.2665,6.04,50.0,2009-07-10,PRICE_PERCENTILE
2024-03-27,消费,17574.183,2.3256,14.13,50.0,2015-03-24,PRICE_PERCENTILE
2024-03-27,科技,1789.819,1.8336,3.22,50.0,2011-09-20,PRICE_PERCENTILE
2024-03-28,医药,7994.587,0.8903,0.88,50.0,2019-03-26,PRICE_PERCENTILE
2024-03-28,半导体,3542.344,0.7774,15.97,50.0,2020-06-02,PRICE_PERCENTILE
2024-03-28,新能源,2321.888,1.3844,11.39,50.0,2020-04-03,PRICE_PERCENTILE
2024-03-28,沪深300,3520.965,1.2727,6.82,50.0,2009-07-10,PRICE_PERCENTILE
2024-03-28,消费,17529.023,2.3199,13.83,50.0,2015-03-24,PRICE_PERCENTILE
2024-03-28,科技,1806.897,1.8502,3.8,50.0,2011-09-20,PRICE_PERCENTILE
2024-03-29,医药,7997.778,0.8906,0.97,50.0,2019-03-26,PRICE_PERCENTILE
2024-03-29,半导体,3582.455,0.7755,22.63,50.0,2020-06-02,PRICE_PERCENTILE
2024-03-29,新能源,2338.092,1.3937,12.1,50.0,2020-04-03,PRICE_PERCENTILE
2024-03-29,沪深300,3537.484,1.2784,7.3,50.0,2009-07-10,PRICE_PERCENTILE
2024-03-29,消费,17633.285,2.3327,14.79,50.0,2015-03-24,PRICE_PERCENTILE
2024-03-29,科技,1818.203,1.8615,4.28,50.0,2011-09-20,PRICE_PERCENTILE
2024-04-01,医药,8119.657,0.9033,1.65,50.0,2019-03-26,PRICE_PERCENTILE
2024-04-01,半导体,3657.686,0.7854,32.72,50.0,2020-06-02,PRICE_PERCENTILE
2024-04-01,新能源,2421.437,1.443,17.15,50.0,2020-04-03,PRICE_PERCENTILE
2024-04-01,沪深300,3595.647,1.2983,10.5,50.0,2009-07-10,PRICE_PERCENTILE
2024-04-01,消费,18014.145,2.3803,17.88,50.0,2015-03-24,PRICE_PERCENTILE
2024-04-01,科技,1872.118,1.9134,7.0,50.0,2011-09-20,PRICE_PERCENTILE
2024-04-02,医药,8027.389,0.8937,1.07,50.0,2019-03-26,PRICE_PERCENTILE
2024-04-02,半导体,3641.907,0.7719,30.97,50.0,2020-06-02,PRICE_PERCENTILE
2024-04-02,新能源,2452.876,1.4645,19.4,50.0,2020-04-03,PRICE_PERCENTILE
2024-04-02,沪深300,3580.676,1.2932,9.61,50.0,2009-07-10,PRICE_PERCENTILE
2024-04-02,消费,17888.852,2.3645,16.8,50.0,2015-03-24,PRICE_PERCENTILE
2024-04-02,科技,1860.494,1.9022,6.21,50.0,2011-09-20,PRICE_PERCENTILE
2024-04-03,医药,8000.942,0.8909,1.07,50.0,2019-03-26,PRICE_PERCENTILE
2024-04-03,半导体,3651.133,0.7656,32.01,50.0,2020-06-02,PRICE_PERCENTILE
2024-04-03,新能源,2434.216,1.4576,18.25,50.0,2020-04-03,PRICE_PERCENTILE
2024-04-03,沪深300,3567.803,1.2888,8.73,50.0,2009-07-10,PRICE_PERCENTILE
2024-04-03,消费,17952.198,2.3724,17.46,50.0,2015-03-24,PRICE_PERCENTILE
2024-04-03,科技,1840.412,1.8827,5.72,50.0,2011-09-20,PRICE_PERCENTILE
2024-04-08,医药,7856.056,0.8757,0.58,50.0,2019-03-26,PRICE_PERCENTILE
2024-04-08,半导体,3615.187,0.7488,27.36,50.0,2020-06-02,PRICE_PERCENTILE
2024-04-08,新能源,2393.313,1.4307,14.83,50.0,2020-04-03,PRICE_PERCENTILE
2024-04-08,沪深300,3536.408,1.2779,7.27,50.0,2009-07-10,PRICE_PERCENTILE
2024-04-08,消费,17483.29,2.3138,13.47,50.0,2015-03-24,PRICE_PERCENTILE
2024-04-08,科技,1807.048,1.8504,3.97,50.0,2011-09-20,PRICE_PERCENTILE
2024-04-09,医药,7977.418,0.8884,0.97,50.0,2019-03-26,PRICE_PERCENTILE
2024-04-09,半导体,3584.229,0.7547,23.04,50.0,2020-06-02,PRICE_PERCENTILE
2024-04-09,新能源,2455.615,1.4723,19.65,50.0,2020-04-03,PRICE_PERCENTILE
2024-04-09,沪深300,3533.487,1.2768,7.16,50.0,2009-07-10,PRICE_PERCENTILE
2024-04-09,消费,17442.041,2.3085,13.17,50.0,2015-03-24,PRICE_PERCENTILE
2024-04-09,科技,1827.579,1.8702,4.84,50.0,2011-09-20,PRICE_PERCENTILE
2024-04-10,医药,7877.448,0.8779,0.68,50.0,2019-03-26,PRICE_PERCENTILE
2024-04-10,半导体,3540.375,0.7354,15.42,50.0,2020-06-02,PRICE_PERCENTILE
2024-04-10,新能源,2417.169,1.4501,16.75,50.0,2020-04-03,PRICE_PERCENTILE
2024-04-10,沪深300,3504.709,1.2669,6.19,50.0,2009-07-10,PRICE_PERCENTILE
2024-04-10,消费,17232.511,2.2823,11.7,50.0,2015-03-24,PRICE_PERCENTILE
2024-04-10,科技,1789.941,1.8337,3.38,50.0,2011-09-20,PRICE_PERCENTILE
2024-04-11,医药,7830.821,0.873,0.58,50.0,2019-03-26,PRICE_PERCENTILE
2024-04-11,半导体,3580.934,0.738,22.46,50.0,2020-06-02,PRICE_PERCENTILE
2024-04-11,新能源,2411.099,1.4442,16.12,50.0,2020-04-03,PRICE_PERCENTILE
2024-04-11,沪深300,3504.245,1.2667,6.09,50.0,2009-07-10,PRICE_PERCENTILE
2024-04-11,消费,17161.243,2.2734,11.4,50.0,2015-03-24,PRICE_PERCENTILE
2024-04-11,科技,1782.085,1.826,3.19,50.0,2011-09-20,PRICE_PERCENTILE
2024-04-12,医药,7768.059,0.8664,0.58,50.0,2019-03-26,PRICE_PERCENTILE
2024-04-12,半导体,3534.87,0.7427,14.32,50.0,2020-06-02,PRICE_PERCENTILE
2024-04-12,新能源,2357.058,1.4105,13.13,50.0,2020-04-03,PRICE_PERCENTILE
2024-04-12,沪深300,3475.839,1.257,5.31,50.0,2009-07-10,PRICE_PERCENTILE
2024-04-12,消费,16877.782,2.2381,9.65,50.0,2015-03-24,PRICE_PERCENTILE
2024-04-12,科技,1762.877,1.8074,2.99,50.0,2011-09-20,PRICE_PERCENTILE
2024-04-15,医药,7858.613,0.8759,0.87,50.0,2019-03-26,PRICE_PERCENTILE
2024-04-15,半导体,3686.66,0.7554,35.86,50.0,2020-06-02,PRICE_PERCENTILE
2024-04-15,新能源,2400.606,1.4275,15.47,50.0,2020-04-03,PRICE_PERCENTILE
2024-04-15,沪深300,3549.076,1.282,8.58,50.0,2009-07-10,PRICE_PERCENTILE
2024-04-15,消费,17305.467,2.2913,12.44,50.0,2015-03-24,PRICE_PERCENTILE
2024-04-15,科技,1795.518,1.8389,3.76,50.0,2011-09-20,PRICE_PERCENTILE
2024-04-16,医药,7746.665,0.8641,0.58,50.0,2019-03-26,PRICE_PERCENTILE
2024-04-16,半导体,3632.496,0.7366,29.96,50.0,2020-06-02,PRICE_PERCENTILE
2024-04-16,新能源,2328.094,1.3813,11.87,50.0,2020-04-03,PRICE_PERCENTILE
2024-04-16,沪深300,3511.115,1.269,6.65,50.0,2009-07-10,PRICE_PERCENTILE
2024-04-16,消费,17162.648,2.2734,11.56,50.0,2015-03-24,PRICE_PERCENTILE
2024-04-16,科技,1760.2,1.8047,2.89,50.0,2011-09-20,PRICE_PERCENTILE
2024-04-17,医药,7869.262,0.8769,1.06,50.0,2019-03-26,PRICE_PERCENTILE
2024-04-17,半导体,3743.804,0.7609,41.64,50.0,2020-06-02,PRICE_PERCENTILE
2024-04-17,新能源,2376.455,1.4121,14.11,50.0,2020-04-03,PRICE_PERCENTILE
2024-04-17,沪深300,3565.403,1.2875,9.24,50.0,2009-07-10,PRICE_PERCENTILE
2024-04-17,消费,17241.535,2.2833,12.03,50.0,2015-03-24,PRICE_PERCENTILE
2024-04-17,科技,1797.311,1.8406,4.04,50.0,2011-09-20,PRICE_PERCENTILE
2024-04-18,医药,7814.12,0.8718,0.77,50.0,2019-03-26,PRICE_PERCENTILE
2024-04-18,半导体,3736.097,0.7514,41.17,50.0,2020-06-02,PRICE_PERCENTILE
2024-04-18,新能源,2380.029,1.4157,14.4,50.0,2020-04-03,PRICE_PERCENTILE
2024-04-18,沪深300,3569.802,1.2891,9.62,50.0,2009-07-10,PRICE_PERCENTILE
2024-04-18,消费,17357.514,2.2977,13.08,50.0,2015-03-24,PRICE_PERCENTILE
2024-04-18,科技,1787.489,1.831,3.46,50.0,2011-09-20,PRICE_PERCENTILE
2024-04-19,医药,7757.931,0.8658,0.67,50.0,2019-03-26,PRICE_PERCENTILE
2024-04-19,半导体,3754.705,0.7309,43.04,50.0,2020-06-02,PRICE_PERCENTILE
2024-04-19,新能源,2332.531,1.3878,12.04,50.0,2020-04-03,PRICE_PERCENTILE
2024-04-19,沪深300,3541.662,1.2794,8.26,50.0,2009-07-10,PRICE_PERCENTILE
2024-04-19,消费,17200.511,2.278,11.82,50.0,2015-03-24,PRICE_PERCENTILE
2024-04-19,科技,1756.001,1.8005,2.69,50.0,2011-09-20,PRICE_PERCENTILE
2024-04-22,医药,7803.098,0.8705,0.86,50.0,2019-03-26,PRICE_PERCENTILE
2024-04-22,半导体,3707.512,0.731,37.9,50.0,2020-06-02,PRICE_PERCENTILE
2024-04-22,新能源,2304.063,1.3717,10.7,50.0,2020-04-03,PRICE_PERCENTILE
2024-04-22,沪深300,3530.905,1.2759,7.49,50.0,2009-07-10,PRICE_PERCENTILE
2024-04-22,消费,17516.255,2.3186,14.59,50.0,2015-03-24,PRICE_PERCENTILE
2024-04-22,科技,1750.463,1.7957,2.3,50.0,2011-09-20,PRICE_PERCENTILE
2024-04-23,医药,7860.969,0.8766,1.34,50.0,2019-03-26,PRICE_PERCENTILE
2024-04-23,半导体,3629.244,0.7249,29.48,50.0,2020-06-02,PRICE_PERCENTILE
2024-04-23,新能源,2279.17,1.3548,9.67,50.0,2020-04-03,PRICE_PERCENTILE
2024-04-23,沪深300,3506.225,1.2674,6.42,50.0,2009-07-10,PRICE_PERCENTILE
2024-04-23,消费,17627.395,2.3325,15.63,50.0,2015-03-24,PRICE_PERCENTILE
2024-04-23,科技,1753.161,1.7986,2.78,50.0,2011-09-20,PRICE_PERCENTILE
2024-04-24,医药,7825.585,0.8728,1.05,50.0,2019-03-26,PRICE_PERCENTILE
2024-04-24,半导体,3664.059,0.7378,33.9,50.0,2020-06-02,PRICE_PERCENTILE
2024-04-24,新能源,2271.154,1.3452,9.26,50.0,2020-04-03,PRICE_PERCENTILE
2024-04-24,沪深300,3521.622,1.2727,7.28,50.0,2009-07-10,PRICE_PERCENTILE
2024-04-24,消费,17622.008,2.3317,15.61,50.0,2015-03-24,PRICE_PERCENTILE
2024-04-24,科技,1765.41,1.8104,3.45,50.0,2011-09-20,PRICE_PERCENTILE
2024-04-25,医药,7877.204,0.8782,1.63,50.0,2019-03-26,PRICE_PERCENTILE
2024-04-25,半导体,3657.615,0.7381,33.02,50.0,2020-06-02,PRICE_PERCENTILE
2024-04-25,新能源,2277.094,1.3493,9.45,50.0,2020-04-03,PRICE_PERCENTILE
2024-04-25,沪深300,3530.281,1.2756,7.56,50.0,2009-07-10,PRICE_PERCENTILE
2024-04-25,消费,17585.738,2.3273,15.12,50.0,2015-03-24,PRICE_PERCENTILE
2024-04-25,科技,1764.727,1.8097,3.44,50.0,2011-09-20,PRICE_PERCENTILE
2024-04-26,医药,8022.03,0.8934,2.49,50.0,2019-03-26,PRICE_PERCENTILE
2024-04-26,半导体,3689.64,0.7587,36.36,50.0,2020-06-02,PRICE_PERCENTILE
2024-04-26,新能源,2338.085,1.38,12.49,50.0,2020-04-03,PRICE_PERCENTILE
2024-04-26,沪深300,3584.269,1.2942,11.47,50.0,2009-07-10,PRICE_PERCENTILE
2024-04-26,消费,17815.958,2.3572,17.21,50.0,2015-03-24,PRICE_PERCENTILE
2024-04-26,科技,1823.741,1.8671,5.64,50.0,2011-09-20,PRICE_PERCENTILE
2024-04-29,医药,8187.674,0.9109,3.72,50.0,2019-03-26,PRICE_PERCENTILE
2024-04-29,半导体,3706.756,0.7844,38.01,50.0,2020-06-02,PRICE_PERCENTILE
2024-04-29,新能源,2421.824,1.4311,18.36,50.0,2020-04-03,PRICE_PERCENTILE
2024-04-29,沪深300,3623.912,1.3079,12.7,50.0,2009-07-10,PRICE_PERCENTILE
2024-04-29,消费,17906.666,2.3685,18.05,50.0,2015-03-24,PRICE_PERCENTILE
2024-04-29,科技,1887.571,1.9288,9.65,50.0,2011-09-20,PRICE_PERCENTILE
2024-04-30,医药,8187.714,0.9108,3.82,50.0,2019-03-26,PRICE_PERCENTILE
2024-04-30,半导体,3633.043,0.7738,29.85,50.0,2020-06-02,PRICE_PERCENTILE
2024-04-30,新能源,2374.297,1.4099,14.49,50.0,2020-04-03,PRICE_PERCENTILE
2024-04-30,沪深300,3604.394,1.3021,12.21,50.0,2009-07-10,PRICE_PERCENTILE
2024-04-30,消费,17929.029,2.3713,18.42,50.0,2015-03-24,PRICE_PERCENTILE
2024-04-30,科技,1858.393,1.9089,7.44,50.0,2011-09-20,PRICE_PERCENTILE
2024-05-06,医药,8396.524,0.9327,5.82,50.0,2019-03-26,PRICE_PERCENTILE
2024-05-06,半导体,3690.236,0.7808,36.56,50.0,2020-06-02,PRICE_PERCENTILE
2024-05-06,新能源,2450.929,1.4522,20.55,50.0,2020-04-03,PRICE_PERCENTILE
2024-05-06,沪深300,3657.877,1.3203,14.11,50.0,2009-07-10,PRICE_PERCENTILE
2024-05-06,消费,18302.685,2.4176,21.16,50.0,2015-03-24,PRICE_PERCENTILE
2024-05-06,科技,1895.208,1.9445,10.39,50.0,2011-09-20,PRICE_PERCENTILE
2024-05-07,医药,8406.411,0.9337,5.9,50.0,2019-03-26,PRICE_PERCENTILE
2024-05-07,半导体,3687.513,0.7753,36.0,50.0,2020-06-02,PRICE_PERCENTILE
2024-05-07,新能源,2458.876,1.4561,21.23,50.0,2020-04-03,PRICE_PERCENTILE
2024-05-07,沪深300,3659.008,1.3206,14.19,50.0,2009-07-10,PRICE_PERCENTILE
2024-05-07,消费,18355.506,2.4239,21.9,50.0,2015-03-24,PRICE_PERCENTILE
2024-05-07,科技,1892.539,1.9419,10.1,50.0,2011-09-20,PRICE_PERCENTILE
2024-05-08,医药,8320.879,0.9248,5.23,50.0,2019-03-26,PRICE_PERCENTILE
2024-05-08,半导体,3645.668,0.7647,31.65,50.0,2020-06-02,PRICE_PERCENTILE
2024-05-08,新能源,2411.929,1.4282,17.47,50.0,2020-04-03,PRICE_PERCENTILE
2024-05-08,沪深300,3630.223,1.3107,13.13,50.0,2009-07-10,PRICE_PERCENTILE
2024-05-08,消费,18356.311,2.4242,21.98,50.0,2015-03-24,PRICE_PERCENTILE
2024-05-08,科技,1865.108,1.9154,8.28,50.0,2011-09-20,PRICE_PERCENTILE
2024-05-09,医药,8406.218,0.9338,5.99,50.0,2019-03-26,PRICE_PERCENTILE
2024-05-09,半导体,3704.695,0.7815,38.13,50.0,2020-06-02,PRICE_PERCENTILE
2024-05-09,新能源,2476.772,1.4673,22.1,50.0,2020-04-03,PRICE_PERCENTILE
2024-05-09,沪深300,3664.561,1.3226,14.45,50.0,2009-07-10,PRICE_PERCENTILE
2024-05-09,消费,18430.014,2.4333,23.19,50.0,2015-03-24,PRICE_PERCENTILE
2024-05-09,科技,1900.009,1.9492,10.84,50.0,2011-09-20,PRICE_PERCENTILE
2024-05-10,医药,8322.808,0.9258,5.32,50.0,2019-03-26,PRICE_PERCENTILE
2024-05-10,半导体,3730.116,0.7663,40.92,50.0,2020-06-02,PRICE_PERCENTILE
2024-05-10,新能源,2437.386,1.4438,19.76,50.0,2020-04-03,PRICE_PERCENTILE
2024-05-10,沪深300,3666.277,1.3232,14.53,50.0,2009-07-10,PRICE_PERCENTILE
2024-05-10,消费,18391.723,2.4285,22.6,50.0,2015-03-24,PRICE_PERCENTILE
2024-05-10,科技,1878.165,1.9281,9.12,50.0,2011-09-20,PRICE_PERCENTILE
2024-05-13,医药,8307.594,0.9242,5.12,50.0,2019-03-26,PRICE_PERCENTILE
2024-05-13,半导体,3763.645,0.7601,44.97,50.0,2020-06-02,PRICE_PERCENTILE
2024-05-13,新能源,2393.69,1.415,15.81,50.0,2020-04-03,PRICE_PERCENTILE
2024-05-13,沪深300,3664.691,1.3226,14.52,50.0,2009-07-10,PRICE_PERCENTILE
2024-05-13,消费,18241.381,2.4096,20.87,50.0,2015-03-24,PRICE_PERCENTILE
2024-05-13,科技,1860.366,1.9107,7.59,50.0,2011-09-20,PRICE_PERCENTILE
2024-05-14,医药,8384.11,0.9321,6.07,50.0,2019-03-26,PRICE_PERCENTILE
2024-05-14,半导体,3763.853,0.7606,45.03,50.0,2020-06-02,PRICE_PERCENTILE
2024-05-14,新能源,2387.69,1.4109,15.19,50.0,2020-04-03,PRICE_PERCENTILE
2024-05-14,沪深300,3657.045,1.3201,14.03,50.0,2009-07-10,PRICE_PERCENTILE
2024-05-14,消费,18256.558,2.4114,21.04,50.0,2015-03-24,PRICE_PERCENTILE
2024-05-14,科技,1855.598,1.9061,7.3,50.0,2011-09-20,PRICE_PERCENTILE
2024-05-15,医药,8263.608,0.9196,4.73,50.0,2019-03-26,PRICE_PERCENTILE
2024-05-15,半导体,3729.663,0.7516,40.79,50.0,2020-06-02,PRICE_PERCENTILE
2024-05-15,新能源,2357.266,1.3961,13.67,50.0,2020-04-03,PRICE_PERCENTILE
2024-05-15,沪深300,3626.056,1.3105,12.88,50.0,2009-07-10,PRICE_PERCENTILE
2024-05-15,消费,18102.685,2.3923,19.6,50.0,2015-03-24,PRICE_PERCENTILE
2024-05-15,科技,1838.887,1.8901,7.01,50.0,2011-09-20,PRICE_PERCENTILE
2024-05-16,医药,8225.221,0.9156,4.35,50.0,2019-03-26,PRICE_PERCENTILE
2024-05-16,半导体,3777.853,0.7523,45.77,50.0,2020-06-02,PRICE_PERCENTILE
2024-05-16,新能源,2342.572,1.3899,12.85,50.0,2020-04-03,PRICE_PERCENTILE
2024-05-16,沪深300,3640.359,1.3154,13.81,50.0,2009-07-10,PRICE_PERCENTILE
2024-05-16,消费,18163.565,2.3999,20.06,50.0,2015-03-24,PRICE_PERCENTILE
2024-05-16,科技,1844.211,1.8953,7.28,50.0,2011-09-20,PRICE_PERCENTILE
2024-05-17,医药,8210.585,0.9141,4.16,50.0,2019-03-26,PRICE_PERCENTILE
2024-05-17,半导体,3837.133,0.7601,49.9,50.0,2020-06-02,PRICE_PERCENTILE
2024-05-17,新能源,2381.572,1.4144,15.25,50.0,2020-04-03,PRICE_PERCENTILE
2024-05-17,沪深300,3677.97,1.3283,15.41,50.0,2009-07-10,PRICE_PERCENTILE
2024-05-17,消费,18408.62,2.4303,23.16,50.0,2015-03-24,PRICE_PERCENTILE
2024-05-17,科技,1864.939,1.9154,8.6,50.0,2011-09-20,PRICE_PERCENTILE
2024-05-20,医药,8201.348,0.9131,4.15,50.0,2019-03-26,PRICE_PERCENTILE
2024-05-20,半导体,3825.234,0.7615,49.01,50.0,2020-06-02,PRICE_PERCENTILE
2024-05-20,新能源,2389.603,1.4188,15.63,50.0,2020-04-03,PRICE_PERCENTILE
2024-05-20,沪深300,3690.962,1.3328,15.96,50.0,2009-07-10,PRICE_PERCENTILE
2024-05-20,消费,18591.774,2.453,24.65,50.0,2015-03-24,PRICE_PERCENTILE
2024-05-20,科技,1875.928,1.9261,9.35,50.0,2011-09-20,PRICE_PERCENTILE
2024-05-21,医药,8139.14,0.9065,3.4,50.0,2019-03-26,PRICE_PERCENTILE
2024-05-21,半导体,3803.334,0.757,47.29,50.0,2020-06-02,PRICE_PERCENTILE
2024-05-21,新能源,2358.417,1.4002,13.81,50.0,2020-04-03,PRICE_PERCENTILE
2024-05-21,沪深300,3676.161,1.3279,15.28,50.0,2009-07-10,PRICE_PERCENTILE
2024-05-21,消费,18591.143,2.4527,24.62,50.0,2015-03-24,PRICE_PERCENTILE
2024-05-21,科技,1861.481,1.9124,8.21,50.0,2011-09-20,PRICE_PERCENTILE
2024-05-22,医药,8091.809,0.9016,3.11,50.0,2019-03-26,PRICE_PERCENTILE
2024-05-22,半导体,3833.173,0.7618,49.74,50.0,2020-06-02,PRICE_PERCENTILE
2024-05-22,新能源,2381.605,1.4149,15.4,50.0,2020-04-03,PRICE_PERCENTILE
2024-05-22,沪深300,3684.451,1.331,15.55,50.0,2009-07-10,PRICE_PERCENTILE
2024-05-22,消费,18448.753,2.4351,23.85,50.0,2015-03-24,PRICE_PERCENTILE
2024-05-22,科技,1877.927,1.9289,9.71,50.0,2011-09-20,PRICE_PERCENTILE
2024-05-23,医药,7991.32,0.8913,2.17,50.0,2019-03-26,PRICE_PERCENTILE
2024-05-23,半导体,3758.224,0.7503,43.87,50.0,2020-06-02,PRICE_PERCENTILE
2024-05-23,新能源,2338.836,1.3876,12.49,50.0,2020-04-03,PRICE_PERCENTILE
2024-05-23,沪深300,3641.792,1.3163,13.84,50.0,2009-07-10,PRICE_PERCENTILE
2024-05-23,消费,18215.597,2.406,20.62,50.0,2015-03-24,PRICE_PERCENTILE
2024-05-23,科技,1852.067,1.9039,7.44,50.0,2011-09-20,PRICE_PERCENTILE
2024-05-24,医药,7911.874,0.883,1.88,50.0,2019-03-26,PRICE_PERCENTILE
2024-05-24,半导体,3731.515,0.7316,41.02,50.0,2020-06-02,PRICE_PERCENTILE
2024-05-24,新能源,2296.198,1.3644,10.48,50.0,2020-04-03,PRICE_PERCENTILE
2024-05-24,沪深300,3601.475,1.3026,11.95,50.0,2009-07-10,PRICE_PERCENTILE
2024-05-24,消费,18036.429,2.384,19.19,50.0,2015-03-24,PRICE_PERCENTILE
2024-05-24,科技,1818.562,1.8715,5.46,50.0,2011-09-20,PRICE_PERCENTILE
2024-05-27,医药,7944.662,0.8865,2.07,50.0,2019-03-26,PRICE_PERCENTILE
2024-05-27,半导体,3756.765,0.7522,43.67,50.0,2020-06-02,PRICE_PERCENTILE
2024-05-27,新能源,2305.447,1.3697,10.97,50.0,2020-04-03,PRICE_PERCENTILE
2024-05-27,沪深300,3635.708,1.3143,13.63,50.0,2009-07-10,PRICE_PERCENTILE
2024-05-27,消费,18106.75,2.3927,19.74,50.0,2015-03-24,PRICE_PERCENTILE
2024-05-27,科技,1830.958,1.8839,6.2,50.0,2011-09-20,PRICE_PERCENTILE
2024-05-28,医药,7878.082,0.8801,1.78,50.0,2019-03-26,PRICE_PERCENTILE
2024-05-28,半导体,3721.115,0.7522,39.79,50.0,2020-06-02,PRICE_PERCENTILE
2024-05-28,新能源,2279.242,1.3552,9.76,50.0,2020-04-03,PRICE_PERCENTILE
2024-05-28,沪深300,3609.172,1.3053,12.3,50.0,2009-07-10,PRICE_PERCENTILE
2024-05-28,消费,17907.903,2.3682,17.84,50.0,2015-03-24,PRICE_PERCENTILE
2024-05-28,科技,1806.255,1.8606,4.79,50.0,2011-09-20,PRICE_PERCENTILE
2024-05-29,医药,7856.732,0.8791,1.31,50.0,2019-03-26,PRICE_PERCENTILE
2024-05-29,半导体,3717.715,0.7486,39.13,50.0,2020-06-02,PRICE_PERCENTILE
2024-05-29,新能源,2323.371,1.3817,11.94,50.0,2020-04-03,PRICE_PERCENTILE
2024-05-29,沪深300,3613.522,1.307,12.66,50.0,2009-07-10,PRICE_PERCENTILE
2024-05-29,消费,17902.391,2.3677,17.73,50.0,2015-03-24,PRICE_PERCENTILE
2024-05-29,科技,1811.068,1.8658,5.44,50.0,2011-09-20,PRICE_PERCENTILE
2024-05-30,医药,7826.067,0.8758,1.12,50.0,2019-03-26,PRICE_PERCENTILE
2024-05-30,半导体,3689.588,0.7622,35.78,50.0,2020-06-02,PRICE_PERCENTILE
2024-05-30,新能源,2327.668,1.3823,12.33,50.0,2020-04-03,PRICE_PERCENTILE
2024-05-30,沪深300,3594.312,1.3006,11.72,50.0,2009-07-10,PRICE_PERCENTILE
2024-05-30,消费,17679.39,2.3398,15.75,50.0,2015-03-24,PRICE_PERCENTILE
2024-05-30,科技,1813.155,1.8687,5.53,50.0,2011-09-20,PRICE_PERCENTILE
2024-05-31,医药,7798.641,0.873,0.84,50.0,2019-03-26,PRICE_PERCENTILE
2024-05-31,半导体,3684.64,0.7589,35.33,50.0,2020-06-02,PRICE_PERCENTILE
2024-05-31,新能源,2324.426,1.3809,12.02,50.0,2020-04-03,PRICE_PERCENTILE
2024-05-31,沪深300,3579.925,1.2956,10.67,50.0,2009-07-10,PRICE_PERCENTILE
2024-05-31,消费,17615.213,2.3317,15.07,50.0,2015-03-24,PRICE_PERCENTILE
2024-05-31,科技,1805.109,1.8614,4.78,50.0,2011-09-20,PRICE_PERCENTILE
2024-06-03,医药,7773.867,0.8704,0.84,50.0,2019-03-26,PRICE_PERCENTILE
2024-06-03,半导体,3668.896,0.7721,33.54,50.0,2020-06-02,PRICE_PERCENTILE
2024-06-03,新能源,2333.035,1.3814,12.8,50.0,2020-04-03,PRICE_PERCENTILE
2024-06-03,沪深300,3588.748,1.2986,11.6,50.0,2009-07-10,PRICE_PERCENTILE
2024-06-03,消费,17673.732,2.3391,15.81,50.0,2015-03-24,PRICE_PERCENTILE
2024-06-03,科技,1819.455,1.8753,5.89,50.0,2011-09-20,PRICE_PERCENTILE
2024-06-04,医药,7912.576,0.885,2.43,50.0,2019-03-26,PRICE_PERCENTILE
2024-06-04,半导体,3713.875,0.7726,39.07,50.0,2020-06-02,PRICE_PERCENTILE
2024-06-04,新能源,2364.516,1.3984,14.77,50.0,2020-04-03,PRICE_PERCENTILE
2024-06-04,沪深300,3615.671,1.308,12.99,50.0,2009-07-10,PRICE_PERCENTILE
2024-06-04,消费,17827.337,2.358,17.29,50.0,2015-03-24,PRICE_PERCENTILE
2024-06-04,科技,1843.592,1.8993,7.85,50.0,2011-09-20,PRICE_PERCENTILE
2024-06-05,医药,7904.533,0.8843,2.33,50.0,2019-03-26,PRICE_PERCENTILE
2024-06-05,半导体,3665.282,0.7767,33.47,50.0,2020-06-02,PRICE_PERCENTILE
2024-06-05,新能源,2358.064,1.3965,14.46,50.0,2020-04-03,PRICE_PERCENTILE
2024-06-05,沪深300,3594.794,1.3014,11.95,50.0,2009-07-10,PRICE_PERCENTILE
2024-06-05,消费,17563.411,2.3363,14.57,50.0,2015-03-24,PRICE_PERCENTILE
2024-06-05,科技,1833.55,1.8895,7.19,50.0,2011-09-20,PRICE_PERCENTILE
2024-06-06,医药,7832.37,0.8771,1.49,50.0,2019-03-26,PRICE_PERCENTILE
2024-06-06,半导体,3627.906,0.7732,28.19,50.0,2020-06-02,PRICE_PERCENTILE
2024-06-06,新能源,2333.238,1.3803,12.86,50.0,2020-04-03,PRICE_PERCENTILE
2024-06-06,沪深300,3592.245,1.3009,11.85,50.0,2009-07-10,PRICE_PERCENTILE
2024-06-06,消费,17420.79,2.3197,13.25,50.0,2015-03-24,PRICE_PERCENTILE
2024-06-06,科技,1820.448,1.8778,6.06,50.0,2011-09-20,PRICE_PERCENTILE
2024-06-07,医药,7770.036,0.8712,0.84,50.0,2019-03-26,PRICE_PERCENTILE
2024-06-07,半导体,3649.778,0.7729,31.55,50.0,2020-06-02,PRICE_PERCENTILE
2024-06-07,新能源,2275.984,1.3525,9.19,50.0,2020-04-03,PRICE_PERCENTILE
2024-06-07,沪深300,3574.114,1.2953,10.34,50.0,2009-07-10,PRICE_PERCENTILE
2024-06-07,消费,17275.635,2.3013,12.21,50.0,2015-03-24,PRICE_PERCENTILE
2024-06-07,科技,1781.07,1.8395,3.73,50.0,2011-09-20,PRICE_PERCENTILE
2024-06-11,医药,7826.88,0.8771,1.49,50.0,2019-03-26,PRICE_PERCENTILE
2024-06-11,半导体,3582.49,0.798,21.97,50.0,2020-06-02,PRICE_PERCENTILE
2024-06-11,新能源,2281.023,1.3574,9.87,50.0,2020-04-03,PRICE_PERCENTILE
2024-06-11,沪深300,3542.877,1.2848,8.47,50.0,2009-07-10,PRICE_PERCENTILE
2024-06-11,消费,16981.114,2.2651,9.96,50.0,2015-03-24,PRICE_PERCENTILE
2024-06-11,科技,1787.302,1.8456,3.91,50.0,2011-09-20,PRICE_PERCENTILE
2024-06-12,医药,7804.568,0.8751,1.21,50.0,2019-03-26,PRICE_PERCENTILE
2024-06-12,半导体,3590.722,0.7949,23.38,50.0,2020-06-02,PRICE_PERCENTILE
2024-06-12,新能源,2269.06,1.3517,8.78,50.0,2020-04-03,PRICE_PERCENTILE
2024-06-12,沪深300,3544.123,1.2854,8.65,50.0,2009-07-10,PRICE_PERCENTILE
2024-06-12,消费,16976.879,2.2654,9.95,50.0,2015-03-24,PRICE_PERCENTILE
2024-06-12,科技,1779.418,1.8379,3.72,50.0,2011-09-20,PRICE_PERCENTILE
2024-06-13,医药,7721.397,0.8666,0.56,50.0,2019-03-26,PRICE_PERCENTILE
2024-06-13,半导体,3551.922,0.8011,16.7,50.0,2020-06-02,PRICE_PERCENTILE
2024-06-13,新能源,2280.912,1.3566,9.95,50.0,2020-04-03,PRICE_PERCENTILE
2024-06-13,沪深300,3526.131,1.2798,7.25,50.0,2009-07-10,PRICE_PERCENTILE
2024-06-13,消费,16678.529,2.2281,7.43,50.0,2015-03-24,PRICE_PERCENTILE
2024-06-13,科技,1777.791,1.8378,3.72,50.0,2011-09-20,PRICE_PERCENTILE
2024-06-14,医药,7668.05,0.8615,0.46,50.0,2019-03-26,PRICE_PERCENTILE
2024-06-14,半导体,3566.897,0.7978,19.34,50.0,2020-06-02,PRICE_PERCENTILE
2024-06-14,新能源,2282.751,1.3544,10.24,50.0,2020-04-03,PRICE_PERCENTILE
2024-06-14,沪深300,3541.533,1.2858,8.45,50.0,2009-07-10,PRICE_PERCENTILE
2024-06-14,消费,16806.333,2.2434,8.91,50.0,2015-03-24,PRICE_PERCENTILE
2024-06-14,科技,1791.362,1.849,4.55,50.0,2011-09-20,PRICE_PERCENTILE
2024-06-17,医药,7676.736,0.8625,0.56,50.0,2019-03-26,PRICE_PERCENTILE
2024-06-17,半导体,3543.641,0.8166,15.85,50.0,2020-06-02,PRICE_PERCENTILE
2024-06-17,新能源,2325.733,1.3756,12.68,50.0,2020-04-03,PRICE_PERCENTILE
2024-06-17,沪深300,3536.199,1.2839,7.88,50.0,2009-07-10,PRICE_PERCENTILE
2024-06-17,消费,16716.477,2.2319,7.61,50.0,2015-03-24,PRICE_PERCENTILE
2024-06-17,科技,1806.193,1.8634,5.29,50.0,2011-09-20,PRICE_PERCENTILE
2024-06-18,医药,7617.49,0.8566,0.46,50.0,2019-03-26,PRICE_PERCENTILE
2024-06-18,半导体,3610.139,0.817,26.56,50.0,2020-06-02,PRICE_PERCENTILE
2024-06-18,新能源,2325.378,1.3742,12.67,50.0,2020-04-03,PRICE_PERCENTILE
2024-06-18,沪深300,3545.59,1.2872,9.27,50.0,2009-07-10,PRICE_PERCENTILE
2024-06-18,消费,16508.266,2.2061,6.58,50.0,2015-03-24,PRICE_PERCENTILE
2024-06-18,科技,1811.365,1.8685,6.12,50.0,2011-09-20,PRICE_PERCENTILE
2024-06-19,医药,7538.227,0.8483,0.46,50.0,2019-03-26,PRICE_PERCENTILE
2024-06-19,半导体,3617.597,0.8167,27.86,50.0,2020-06-02,PRICE_PERCENTILE
2024-06-19,新能源,2283.058,1.348,10.3,50.0,2020-04-03,PRICE_PERCENTILE
2024-06-19,沪深300,3528.749,1.2833,7.31,50.0,2009-07-10,PRICE_PERCENTILE
2024-06-19,消费,16350.863,2.1939,5.46,50.0,2015-03-24,PRICE_PERCENTILE
2024-06-19,科技,1788.496,1.8466,4.26,50.0,2011-09-20,PRICE_PERCENTILE
2024-06-20,医药,7422.522,0.8361,0.28,50.0,2019-03-26,PRICE_PERCENTILE
2024-06-20,半导体,3565.111,0.8168,18.96,50.0,2020-06-02,PRICE_PERCENTILE
2024-06-20,新能源,2237.694,1.3171,8.14,50.0,2020-04-03,PRICE_PERCENTILE
2024-06-20,沪深300,3503.282,1.2747,5.92,50.0,2009-07-10,PRICE_PERCENTILE
2024-06-20,消费,16175.133,2.1727,3.98,50.0,2015-03-24,PRICE_PERCENTILE
2024-06-20,科技,1762.701,1.8214,3.24,50.0,2011-09-20,PRICE_PERCENTILE
2024-06-21,医药,7415.69,0.8354,0.28,50.0,2019-03-26,PRICE_PERCENTILE
2024-06-21,半导体,3598.234,0.8183,25.05,50.0,2020-06-02,PRICE_PERCENTILE
2024-06-21,新能源,2221.071,1.3066,7.74,50.0,2020-04-03,PRICE_PERCENTILE
2024-06-21,沪深300,3495.62,1.2723,5.73,50.0,2009-07-10,PRICE_PERCENTILE
2024-06-21,消费,16039.273,2.1555,3.14,50.0,2015-03-24,PRICE_PERCENTILE
2024-06-21,科技,1755.876,1.8148,2.77,50.0,2011-09-20,PRICE_PERCENTILE
2024-06-24,医药,7325.713,0.8261,0.18,50.0,2019-03-26,PRICE_PERCENTILE
2024-06-24,半导体,3530.598,0.7991,12.82,50.0,2020-06-02,PRICE_PERCENTILE
2024-06-24,新能源,2185.921,1.2826,7.14,50.0,2020-04-03,PRICE_PERCENTILE
2024-06-24,沪深300,3476.81,1.266,5.17,50.0,2009-07-10,PRICE_PERCENTILE
2024-06-24,消费,16018.777,2.153,3.14,50.0,2015-03-24,PRICE_PERCENTILE
2024-06-24,科技,1731.515,1.7908,1.57,50.0,2011-09-20,PRICE_PERCENTILE
2024-06-25,医药,7282.013,0.8214,0.09,50.0,2019-03-26,PRICE_PERCENTILE
2024-06-25,半导体,3517.218,0.7706,11.28,50.0,2020-06-02,PRICE_PERCENTILE
2024-06-25,新能源,2173.791,1.2741,6.94,50.0,2020-04-03,PRICE_PERCENTILE
2024-06-25,沪深300,3457.902,1.2594,4.89,50.0,2009-07-10,PRICE_PERCENTILE
2024-06-25,消费,16008.605,2.1517,3.14,50.0,2015-03-24,PRICE_PERCENTILE
2024-06-25,科技,1700.025,1.76,1.2,50.0,2011-09-20,PRICE_PERCENTILE
2024-06-26,医药,7381.792,0.8331,0.46,50.0,2019-03-26,PRICE_PERCENTILE
2024-06-26,半导体,3537.977,0.7867,14.52,50.0,2020-06-02,PRICE_PERCENTILE
2024-06-26,新能源,2202.094,1.2992,7.91,50.0,2020-04-03,PRICE_PERCENTILE
2024-06-26,沪深300,3480.265,1.2679,5.35,50.0,2009-07-10,PRICE_PERCENTILE
2024-06-26,消费,16009.193,2.1555,3.23,50.0,2015-03-24,PRICE_PERCENTILE
2024-06-26,科技,1730.642,1.7904,1.66,50.0,2011-09-20,PRICE_PERCENTILE
2024-06-27,医药,7254.475,0.82,0.09,50.0,2019-03-26,PRICE_PERCENTILE
2024-06-27,半导体,3497.397,0.7774,9.84,50.0,2020-06-02,PRICE_PERCENTILE
2024-06-27,新能源,2160.377,1.273,6.34,50.0,2020-04-03,PRICE_PERCENTILE
2024-06-27,沪深300,3454.118,1.2595,4.79,50.0,2009-07-10,PRICE_PERCENTILE
2024-06-27,消费,15889.723,2.1401,2.67,50.0,2015-03-24,PRICE_PERCENTILE
2024-06-27,科技,1703.201,1.7638,1.29,50.0,2011-09-20,PRICE_PERCENTILE
2024-06-28,医药,7186.553,0.8131,0.09,50.0,2019-03-26,PRICE_PERCENTILE
2024-06-28,半导体,3547.189,0.7793,16.72,50.0,2020-06-02,PRICE_PERCENTILE
2024-06-28,新能源,2144.03,1.2611,5.95,50.0,2020-04-03,PRICE_PERCENTILE
2024-06-28,沪深300,3461.657,1.263,5.15,50.0,2009-07-10,PRICE_PERCENTILE
2024-06-28,消费,15722.701,2.119,2.02,50.0,2015-03-24,PRICE_PERCENTILE
2024-06-28,科技,1683.43,1.7445,0.92,50.0,2011-09-20,PRICE_PERCENTILE
2024-07-01,医药,7221.22,0.8168,0.18,50.0,2019-03-26,PRICE_PERCENTILE
2024-07-01,半导体,3589.536,0.7773,23.99,50.0,2020-06-02,PRICE_PERCENTILE
2024-07-01,新能源,2122.802,1.2512,5.65,50.0,2020-04-03,PRICE_PERCENTILE
2024-07-01,沪深300,3478.183,1.2687,5.51,50.0,2009-07-10,PRICE_PERCENTILE
2024-07-01,消费,15775.434,2.1257,2.39,50.0,2015-03-24,PRICE_PERCENTILE
2024-07-01,科技,1682.692,1.7439,0.92,50.0,2011-09-20,PRICE_PERCENTILE
2024-07-02,医药,7142.862,0.8083,0.09,50.0,2019-03-26,PRICE_PERCENTILE
2024-07-02,半导体,3569.167,0.764,20.42,50.0,2020-06-02,PRICE_PERCENTILE
2024-07-02,新能源,2104.676,1.2441,5.64,50.0,2020-04-03,PRICE_PERCENTILE
2024-07-02,沪深300,3471.786,1.2664,5.23,50.0,2009-07-10,PRICE_PERCENTILE
2024-07-02,消费,15817.101,2.1308,2.57,50.0,2015-03-24,PRICE_PERCENTILE
2024-07-02,科技,1665.035,1.7266,0.64,50.0,2011-09-20,PRICE_PERCENTILE
2024-07-03,医药,7084.012,0.8019,0.09,50.0,2019-03-26,PRICE_PERCENTILE
2024-07-03,半导体,3550.0,0.7727,17.07,50.0,2020-06-02,PRICE_PERCENTILE
2024-07-03,新能源,2111.688,1.2479,5.73,50.0,2020-04-03,PRICE_PERCENTILE
2024-07-03,沪深300,3463.414,1.2637,5.23,50.0,2009-07-10,PRICE_PERCENTILE
2024-07-03,消费,15732.579,2.12,2.11,50.0,2015-03-24,PRICE_PERCENTILE
2024-07-03,科技,1660.124,1.722,0.64,50.0,2011-09-20,PRICE_PERCENTILE
2024-07-04,医药,6973.149,0.7903,0.09,50.0,2019-03-26,PRICE_PERCENTILE
2024-07-04,半导体,3508.907,0.7626,10.6,50.0,2020-06-02,PRICE_PERCENTILE
2024-07-04,新能源,2096.545,1.2369,5.44,50.0,2020-04-03,PRICE_PERCENTILE
2024-07-04,沪深300,3445.813,1.2577,4.58,50.0,2009-07-10,PRICE_PERCENTILE
2024-07-04,消费,15556.129,2.0989,1.28,50.0,2015-03-24,PRICE_PERCENTILE
2024-07-04,科技,1647.22,1.7092,0.64,50.0,2011-09-20,PRICE_PERCENTILE
2024-07-05,医药,7152.892,0.8096,0.37,50.0,2019-03-26,PRICE_PERCENTILE
2024-07-05,半导体,3495.594,0.7638,9.68,50.0,2020-06-02,PRICE_PERCENTILE
2024-07-05,新能源,2083.574,1.2297,5.33,50.0,2020-04-03,PRICE_PERCENTILE
2024-07-05,沪深300,3431.061,1.2528,4.49,50.0,2009-07-10,PRICE_PERCENTILE
2024-07-05,消费,15453.525,2.0886,1.28,50.0,2015-03-24,PRICE_PERCENTILE
2024-07-05,科技,1655.594,1.7175,0.73,50.0,2011-09-20,PRICE_PERCENTILE
2024-07-08,医药,6980.243,0.7914,0.18,50.0,2019-03-26,PRICE_PERCENTILE
2024-07-08,半导体,3414.901,0.7642,4.73,50.0,2020-06-02,PRICE_PERCENTILE
2024-07-08,新能源,2049.404,1.205,4.84,50.0,2020-04-03,PRICE_PERCENTILE
2024-07-08,沪深300,3401.76,1.2433,4.03,50.0,2009-07-10,PRICE_PERCENTILE
2024-07-08,消费,15233.574,2.0605,0.82,50.0,2015-03-24,PRICE_PERCENTILE
2024-07-08,科技,1628.758,1.6911,0.64,50.0,2011-09-20,PRICE_PERCENTILE
2024-07-09,医药,6993.542,0.7931,0.27,50.0,2019-03-26,PRICE_PERCENTILE
2024-07-09,半导体,3434.399,0.7923,6.44,50.0,2020-06-02,PRICE_PERCENTILE
2024-07-09,新能源,2080.906,1.2214,5.42,50.0,2020-04-03,PRICE_PERCENTILE
2024-07-09,沪深300,3439.811,1.2577,4.75,50.0,2009-07-10,PRICE_PERCENTILE
2024-07-09,消费,15220.962,2.059,0.73,50.0,2015-03-24,PRICE_PERCENTILE
2024-07-09,科技,1652.117,1.7142,0.82,50.0,2011-09-20,PRICE_PERCENTILE
2024-07-10,医药,6996.114,0.7934,0.37,50.0,2019-03-26,PRICE_PERCENTILE
2024-07-10,半导体,3377.333,0.7922,2.91,50.0,2020-06-02,PRICE_PERCENTILE
2024-07-10,新能源,2082.688,1.2281,5.51,50.0,2020-04-03,PRICE_PERCENTILE
2024-07-10,沪深300,3428.966,1.2553,4.57,50.0,2009-07-10,PRICE_PERCENTILE
2024-07-10,消费,15263.49,2.0644,1.1,50.0,2015-03-24,PRICE_PERCENTILE
2024-07-10,科技,1651.11,1.7133,0.82,50.0,2011-09-20,PRICE_PERCENTILE
2024-07-11,医药,7168.433,0.8117,0.73,50.0,2019-03-26,PRICE_PERCENTILE
2024-07-11,半导体,3442.256,0.7985,6.93,50.0,2020-06-02,PRICE_PERCENTILE
2024-07-11,新能源,2134.796,1.2639,6.38,50.0,2020-04-03,PRICE_PERCENTILE
2024-07-11,沪深300,3468.169,1.2714,5.75,50.0,2009-07-10,PRICE_PERCENTILE
2024-07-11,消费,15571.889,2.1036,1.73,50.0,2015-03-24,PRICE_PERCENTILE
2024-07-11,科技,1685.118,1.7467,1.73,50.0,2011-09-20,PRICE_PERCENTILE
2024-07-12,医药,7174.042,0.8129,0.82,50.0,2019-03-26,PRICE_PERCENTILE
2024-07-12,半导体,3424.664,0.8038,5.12,50.0,2020-06-02,PRICE_PERCENTILE
2024-07-12,新能源,2141.611,1.2631,6.66,50.0,2020-04-03,PRICE_PERCENTILE
2024-07-12,沪深300,3472.401,1.2746,5.93,50.0,2009-07-10,PRICE_PERCENTILE
2024-07-12,消费,15517.805,2.1039,1.64,50.0,2015-03-24,PRICE_PERCENTILE
2024-07-12,科技,1683.629,1.7455,1.73,50.0,2011-09-20,PRICE_PERCENTILE
2024-07-15,医药,7117.629,0.8072,0.55,50.0,2019-03-26,PRICE_PERCENTILE
2024-07-15,半导体,3423.595,0.8101,5.11,50.0,2020-06-02,PRICE_PERCENTILE
2024-07-15,新能源,2118.772,1.2481,6.27,50.0,2020-04-03,PRICE_PERCENTILE
2024-07-15,沪深300,3476.247,1.2761,6.19,50.0,2009-07-10,PRICE_PERCENTILE
2024-07-15,消费,15620.133,2.1167,2.0,50.0,2015-03-24,PRICE_PERCENTILE
2024-07-15,科技,1673.007,1.735,1.46,50.0,2011-09-20,PRICE_PERCENTILE
2024-07-16,医药,7132.245,0.8088,0.64,50.0,2019-03-26,PRICE_PERCENTILE
2024-07-16,半导体,3411.798,0.8352,4.8,50.0,2020-06-02,PRICE_PERCENTILE
2024-07-16,新能源,2141.883,1.2581,6.84,50.0,2020-04-03,PRICE_PERCENTILE
2024-07-16,沪深300,3498.283,1.2851,7.28,50.0,2009-07-10,PRICE_PERCENTILE
2024-07-16,消费,15619.415,2.1178,2.0,50.0,2015-03-24,PRICE_PERCENTILE
2024-07-16,科技,1696.336,1.7578,2.18,50.0,2011-09-20,PRICE_PERCENTILE
2024-07-17,医药,7265.663,0.823,1.36,50.0,2019-03-26,PRICE_PERCENTILE
2024-07-17,半导体,3409.713,0.827,4.7,50.0,2020-06-02,PRICE_PERCENTILE
2024-07-17,新能源,2132.791,1.2534,6.45,50.0,2020-04-03,PRICE_PERCENTILE
2024-07-17,沪深300,3501.584,1.2866,7.36,50.0,2009-07-10,PRICE_PERCENTILE
2024-07-17,消费,15911.389,2.155,4.09,50.0,2015-03-24,PRICE_PERCENTILE
2024-07-17,科技,1696.451,1.7579,2.27,50.0,2011-09-20,PRICE_PERCENTILE
2024-07-18,医药,7329.929,0.83,1.73,50.0,2019-03-26,PRICE_PERCENTILE
2024-07-18,半导体,3420.257,0.8285,5.19,50.0,2020-06-02,PRICE_PERCENTILE
2024-07-18,新能源,2162.157,1.2662,7.79,50.0,2020-04-03,PRICE_PERCENTILE
2024-07-18,沪深300,3520.931,1.2937,8.63,50.0,2009-07-10,PRICE_PERCENTILE
2024-07-18,消费,15970.113,2.1625,4.27,50.0,2015-03-24,PRICE_PERCENTILE
2024-07-18,科技,1717.709,1.7787,2.82,50.0,2011-09-20,PRICE_PERCENTILE
2024-07-19,医药,7368.552,0.8342,1.91,50.0,2019-03-26,PRICE_PERCENTILE
2024-07-19,半导体,3413.157,0.8493,4.99,50.0,2020-06-02,PRICE_PERCENTILE
2024-07-19,新能源,2174.743,1.2719,8.45,50.0,2020-04-03,PRICE_PERCENTILE
2024-07-19,沪深300,3539.016,1.301,10.16,50.0,2009-07-10,PRICE_PERCENTILE
2024-07-19,消费,16164.218,2.1871,5.54,50.0,2015-03-24,PRICE_PERCENTILE
2024-07-19,科技,1725.487,1.7863,2.99,50.0,2011-09-20,PRICE_PERCENTILE
2024-07-22,医药,7406.885,0.8384,2.09,50.0,2019-03-26,PRICE_PERCENTILE
2024-07-22,半导体,3393.883,0.8501,4.09,50.0,2020-06-02,PRICE_PERCENTILE
2024-07-22,新能源,2166.964,1.2647,8.06,50.0,2020-04-03,PRICE_PERCENTILE
2024-07-22,沪深300,3514.925,1.2926,8.43,50.0,2009-07-10,PRICE_PERCENTILE
2024-07-22,消费,15898.132,2.1532,4.08,50.0,2015-03-24,PRICE_PERCENTILE
2024-07-22,科技,1723.914,1.7847,2.99,50.0,2011-09-20,PRICE_PERCENTILE
2024-07-23,医药,7160.152,0.8114,0.91,50.0,2019-03-26,PRICE_PERCENTILE
2024-07-23,半导体,3337.295,0.8115,1.29,50.0,2020-06-02,PRICE_PERCENTILE
2024-07-23,新能源,2095.33,1.2253,5.75,50.0,2020-04-03,PRICE_PERCENTILE
2024-07-23,沪深300,3439.878,1.2665,4.89,50.0,2009-07-10,PRICE_PERCENTILE
2024-07-23,消费,15340.353,2.0821,1.27,50.0,2015-03-24,PRICE_PERCENTILE
2024-07-23,科技,1671.443,1.7332,1.45,50.0,2011-09-20,PRICE_PERCENTILE
2024-07-24,医药,7084.341,0.8032,0.54,50.0,2019-03-26,PRICE_PERCENTILE
2024-07-24,半导体,3345.901,0.8048,1.49,50.0,2020-06-02,PRICE_PERCENTILE
2024-07-24,新能源,2057.069,1.2025,5.08,50.0,2020-04-03,PRICE_PERCENTILE
2024-07-24,沪深300,3418.166,1.2591,4.34,50.0,2009-07-10,PRICE_PERCENTILE
2024-07-24,消费,15154.913,2.0584,0.63,50.0,2015-03-24,PRICE_PERCENTILE
2024-07-24,科技,1650.908,1.7131,0.81,50.0,2011-09-20,PRICE_PERCENTILE
2024-07-25,医药,7074.202,0.8021,0.45,50.0,2019-03-26,PRICE_PERCENTILE
2024-07-25,半导体,3337.299,0.7971,1.39,50.0,2020-06-02,PRICE_PERCENTILE
2024-07-25,新能源,2070.619,1.2116,5.26,50.0,2020-04-03,PRICE_PERCENTILE
2024-07-25,沪深300,3399.272,1.2525,3.8,50.0,2009-07-10,PRICE_PERCENTILE
2024-07-25,消费,15158.005,2.0589,0.72,50.0,2015-03-24,PRICE_PERCENTILE
2024-07-25,科技,1644.454,1.7067,0.72,50.0,2011-09-20,PRICE_PERCENTILE
2024-07-26,医药,7079.463,0.8027,0.54,50.0,2019-03-26,PRICE_PERCENTILE
2024-07-26,半导体,3347.903,0.8035,1.79,50.0,2020-06-02,PRICE_PERCENTILE
2024-07-26,新能源,2115.634,1.2364,6.5,50.0,2020-04-03,PRICE_PERCENTILE
2024-07-26,沪深300,3409.293,1.2576,4.25,50.0,2009-07-10,PRICE_PERCENTILE
2024-07-26,消费,15165.675,2.0597,0.81,50.0,2015-03-24,PRICE_PERCENTILE
2024-07-26,科技,1659.534,1.7215,1.26,50.0,2011-09-20,PRICE_PERCENTILE
2024-07-29,医药,6963.674,0.7903,0.09,50.0,2019-03-26,PRICE_PERCENTILE
2024-07-29,半导体,3387.524,0.7903,3.97,50.0,2020-06-02,PRICE_PERCENTILE
2024-07-29,新能源,2062.829,1.2075,5.25,50.0,2020-04-03,PRICE_PERCENTILE
2024-07-29,沪深300,3390.742,1.2512,3.61,50.0,2009-07-10,PRICE_PERCENTILE
2024-07-29,消费,14906.964,2.0266,0.54,50.0,2015-03-24,PRICE_PERCENTILE
2024-07-29,科技,1635.675,1.698,0.72,50.0,2011-09-20,PRICE_PERCENTILE
2024-07-30,医药,6934.039,0.7872,0.09,50.0,2019-03-26,PRICE_PERCENTILE
2024-07-30,半导体,3399.709,0.7981,4.96,50.0,2020-06-02,PRICE_PERCENTILE
2024-07-30,新能源,2054.776,1.2045,5.06,50.0,2020-04-03,PRICE_PERCENTILE
2024-07-30,沪深300,3369.382,1.244,3.34,50.0,2009-07-10,PRICE_PERCENTILE
2024-07-30,消费,14886.273,2.0251,0.45,50.0,2015-03-24,PRICE_PERCENTILE
2024-07-30,科技,1630.951,1.6934,0.72,50.0,2011-09-20,PRICE_PERCENTILE
2024-07-31,医药,7259.411,0.8218,1.89,50.0,2019-03-26,PRICE_PERCENTILE
2024-07-31,半导体,3435.501,0.826,7.92,50.0,2020-06-02,PRICE_PERCENTILE
2024-07-31,新能源,2119.989,1.244,6.86,50.0,2020-04-03,PRICE_PERCENTILE
2024-07-31,沪深300,3442.084,1.2696,5.41,50.0,2009-07-10,PRICE_PERCENTILE
2024-07-31,消费,15358.121,2.0851,1.89,50.0,2015-03-24,PRICE_PERCENTILE
2024-07-31,科技,1688.142,1.7494,2.61,50.0,2011-09-20,PRICE_PERCENTILE
2024-08-01,医药,7189.502,0.8144,1.71,50.0,2019-03-26,PRICE_PERCENTILE
2024-08-01,半导体,3463.169,0.8294,9.99,50.0,2020-06-02,PRICE_PERCENTILE
2024-08-01,新能源,2086.758,1.2241,6.0,50.0,2020-04-03,PRICE_PERCENTILE
2024-08-01,沪深300,3419.267,1.2616,4.77,50.0,2009-07-10,PRICE_PERCENTILE
2024-08-01,消费,15046.936,2.0453,0.72,50.0,2015-03-24,PRICE_PERCENTILE
2024-08-01,科技,1665.973,1.7277,1.71,50.0,2011-09-20,PRICE_PERCENTILE
2024-08-02,医药,7244.966,0.8203,1.89,50.0,2019-03-26,PRICE_PERCENTILE
2024-08-02,半导体,3443.157,0.8089,8.4,50.0,2020-06-02,PRICE_PERCENTILE
2024-08-02,新能源,2047.651,1.2053,4.76,50.0,2020-04-03,PRICE_PERCENTILE
2024-08-02,沪深300,3384.392,1.2493,3.6,50.0,2009-07-10,PRICE_PERCENTILE
2024-08-02,消费,15065.541,2.0476,0.9,50.0,2015-03-24,PRICE_PERCENTILE
2024-08-02,科技,1638.304,1.7005,0.9,50.0,2011-09-20,PRICE_PERCENTILE
2024-08-05,医药,7237.679,0.8195,1.89,50.0,2019-03-26,PRICE_PERCENTILE
2024-08-05,半导体,3391.364,0.7749,4.44,50.0,2020-06-02,PRICE_PERCENTILE
2024-08-05,新能源,2014.853,1.1881,3.99,50.0,2020-04-03,PRICE_PERCENTILE
2024-08-05,沪深300,3343.321,1.2348,2.88,50.0,2009-07-10,PRICE_PERCENTILE
2024-08-05,消费,15181.159,2.0623,1.26,50.0,2015-03-24,PRICE_PERCENTILE
2024-08-05,科技,1607.288,1.67,0.54,50.0,2011-09-20,PRICE_PERCENTILE
2024-08-06,医药,7323.625,0.8287,2.51,50.0,2019-03-26,PRICE_PERCENTILE
2024-08-06,半导体,3393.795,0.7783,4.64,50.0,2020-06-02,PRICE_PERCENTILE
2024-08-06,新能源,2029.171,1.2,4.56,50.0,2020-04-03,PRICE_PERCENTILE
2024-08-06,沪深300,3342.979,1.2346,2.87,50.0,2009-07-10,PRICE_PERCENTILE
2024-08-06,消费,15241.436,2.07,1.71,50.0,2015-03-24,PRICE_PERCENTILE
2024-08-06,科技,1627.355,1.6896,0.72,50.0,2011-09-20,PRICE_PERCENTILE
2024-08-07,医药,7275.575,0.8237,2.33,50.0,2019-03-26,PRICE_PERCENTILE
2024-08-07,半导体,3382.366,0.7698,3.65,50.0,2020-06-02,PRICE_PERCENTILE
2024-08-07,新能源,2025.796,1.1961,4.36,50.0,2020-04-03,PRICE_PERCENTILE
2024-08-07,沪深300,3341.489,1.2341,2.69,50.0,2009-07-10,PRICE_PERCENTILE
2024-08-07,消费,15216.116,2.0666,1.43,50.0,2015-03-24,PRICE_PERCENTILE
2024-08-07,科技,1620.332,1.6827,0.63,50.0,2011-09-20,PRICE_PERCENTILE
2024-08-08,医药,7306.228,0.8272,2.6,50.0,2019-03-26,PRICE_PERCENTILE
2024-08-08,半导体,3375.75,0.7725,3.25,50.0,2020-06-02,PRICE_PERCENTILE
2024-08-08,新能源,2011.851,1.19,3.98,50.0,2020-04-03,PRICE_PERCENTILE
2024-08-08,沪深300,3342.937,1.2347,2.96,50.0,2009-07-10,PRICE_PERCENTILE
2024-08-08,消费,15438.602,2.0952,2.51,50.0,2015-03-24,PRICE_PERCENTILE
2024-08-08,科技,1611.509,1.6746,0.63,50.0,2011-09-20,PRICE_PERCENTILE
2024-08-09,医药,7187.183,0.8147,1.7,50.0,2019-03-26,PRICE_PERCENTILE
2024-08-09,半导体,3382.665,0.7741,3.83,50.0,2020-06-02,PRICE_PERCENTILE
2024-08-09,新能源,1999.496,1.1795,3.98,50.0,2020-04-03,PRICE_PERCENTILE
2024-08-09,沪深300,3331.627,1.2311,2.33,50.0,2009-07-10,PRICE_PERCENTILE
2024-08-09,消费,15324.904,2.0808,2.15,50.0,2015-03-24,PRICE_PERCENTILE
2024-08-09,科技,1595.642,1.659,0.54,50.0,2011-09-20,PRICE_PERCENTILE
2024-08-12,医药,7275.892,0.824,2.5,50.0,2019-03-26,PRICE_PERCENTILE
2024-08-12,半导体,3352.591,0.771,2.16,50.0,2020-06-02,PRICE_PERCENTILE
2024-08-12,新能源,1988.617,1.1714,3.69,50.0,2020-04-03,PRICE_PERCENTILE
2024-08-12,沪深300,3325.865,1.2291,2.06,50.0,2009-07-10,PRICE_PERCENTILE
2024-08-12,消费,15346.995,2.0833,2.42,50.0,2015-03-24,PRICE_PERCENTILE
2024-08-12,科技,1592.394,1.6557,0.54,50.0,2011-09-20,PRICE_PERCENTILE
2024-08-13,医药,7214.532,0.8176,1.88,50.0,2019-03-26,PRICE_PERCENTILE
2024-08-13,半导体,3378.949,0.7768,3.53,50.0,2020-06-02,PRICE_PERCENTILE
2024-08-13,新能源,2002.99,1.1795,4.16,50.0,2020-04-03,PRICE_PERCENTILE
2024-08-13,沪深300,3334.39,1.232,2.68,50.0,2009-07-10,PRICE_PERCENTILE
2024-08-13,消费,15238.239,2.0694,1.79,50.0,2015-03-24,PRICE_PERCENTILE
2024-08-13,科技,1607.186,1.6702,0.71,50.0,2011-09-20,PRICE_PERCENTILE
2024-08-14,医药,7101.793,0.8058,0.98,50.0,2019-03-26,PRICE_PERCENTILE
2024-08-14,半导体,3370.295,0.7676,3.04,50.0,2020-06-02,PRICE_PERCENTILE
2024-08-14,新能源,1968.797,1.1589,3.68,50.0,2020-04-03,PRICE_PERCENTILE
2024-08-14,沪深300,3309.239,1.2234,1.88,50.0,2009-07-10,PRICE_PERCENTILE
2024-08-14,消费,15029.546,2.0427,0.71,50.0,2015-03-24,PRICE_PERCENTILE
2024-08-14,科技,1584.328,1.6476,0.45,50.0,2011-09-20,PRICE_PERCENTILE
2024-08-15,医药,7143.643,0.8101,1.34,50.0,2019-03-26,PRICE_PERCENTILE
2024-08-15,半导体,3399.614,0.7718,5.68,50.0,2020-06-02,PRICE_PERCENTILE
2024-08-15,新能源,1988.484,1.1709,3.77,50.0,2020-04-03,PRICE_PERCENTILE
2024-08-15,沪深300,3341.953,1.235,3.21,50.0,2009-07-10,PRICE_PERCENTILE
2024-08-15,消费,15093.643,2.0509,1.07,50.0,2015-03-24,PRICE_PERCENTILE
2024-08-15,科技,1592.71,1.6559,0.71,50.0,2011-09-20,PRICE_PERCENTILE
2024-08-16,医药,7146.913,0.8104,1.43,50.0,2019-03-26,PRICE_PERCENTILE
2024-08-16,半导体,3371.868,0.7685,3.13,50.0,2020-06-02,PRICE_PERCENTILE
2024-08-16,新能源,1976.855,1.1637,3.77,50.0,2020-04-03,PRICE_PERCENTILE
2024-08-16,沪深300,3345.634,1.2367,3.74,50.0,2009-07-10,PRICE_PERCENTILE
2024-08-16,消费,14977.414,2.036,0.71,50.0,2015-03-24,PRICE_PERCENTILE
2024-08-16,科技,1591.461,1.6547,0.62,50.0,2011-09-20,PRICE_PERCENTILE
2024-08-19,医药,7083.771,0.8038,0.8,50.0,2019-03-26,PRICE_PERCENTILE
2024-08-19,半导体,3393.407,0.7692,5.18,50.0,2020-06-02,PRICE_PERCENTILE
2024-08-19,新能源,1978.323,1.162,3.86,50.0,2020-04-03,PRICE_PERCENTILE
2024-08-19,沪深300,3356.968,1.2406,4.1,50.0,2009-07-10,PRICE_PERCENTILE
2024-08-19,消费,14857.346,2.0206,0.45,50.0,2015-03-24,PRICE_PERCENTILE
2024-08-19,科技,1589.287,1.6524,0.62,50.0,2011-09-20,PRICE_PERCENTILE
2024-08-20,医药,6988.65,0.7937,0.44,50.0,2019-03-26,PRICE_PERCENTILE
2024-08-20,半导体,3350.874,0.7595,2.05,50.0,2020-06-02,PRICE_PERCENTILE
2024-08-20,新能源,1961.469,1.1531,3.57,50.0,2020-04-03,PRICE_PERCENTILE
2024-08-20,沪深300,3332.703,1.2322,2.58,50.0,2009-07-10,PRICE_PERCENTILE
2024-08-20,消费,14647.065,1.9938,0.27,50.0,2015-03-24,PRICE_PERCENTILE
2024-08-20,科技,1567.969,1.6314,0.27,50.0,2011-09-20,PRICE_PERCENTILE
2024-08-21,医药,6939.608,0.7885,0.18,50.0,2019-03-26,PRICE_PERCENTILE
2024-08-21,半导体,3318.716,0.7543,0.98,50.0,2020-06-02,PRICE_PERCENTILE
2024-08-21,新能源,1978.697,1.1614,4.04,50.0,2020-04-03,PRICE_PERCENTILE
2024-08-21,沪深300,3321.635,1.2283,2.04,50.0,2009-07-10,PRICE_PERCENTILE
2024-08-21,消费,14496.873,1.9745,0.18,50.0,2015-03-24,PRICE_PERCENTILE
2024-08-21,科技,1558.512,1.6221,0.18,50.0,2011-09-20,PRICE_PERCENTILE
2024-08-22,医药,6889.058,0.7831,0.09,50.0,2019-03-26,PRICE_PERCENTILE
2024-08-22,半导体,3314.209,0.7425,0.88,50.0,2020-06-02,PRICE_PERCENTILE
2024-08-22,新能源,1967.433,1.1481,3.76,50.0,2020-04-03,PRICE_PERCENTILE
2024-08-22,沪深300,3313.136,1.2253,2.04,50.0,2009-07-10,PRICE_PERCENTILE
2024-08-22,消费,14320.511,1.9519,0.18,50.0,2015-03-24,PRICE_PERCENTILE
2024-08-22,科技,1546.631,1.6103,0.09,50.0,2011-09-20,PRICE_PERCENTILE
2024-08-23,医药,6871.7,0.7812,0.09,50.0,2019-03-26,PRICE_PERCENTILE
2024-08-23,半导体,3316.222,0.7374,0.97,50.0,2020-06-02,PRICE_PERCENTILE
2024-08-23,新能源,1956.574,1.1378,3.56,50.0,2020-04-03,PRICE_PERCENTILE
2024-08-23,沪深300,3327.191,1.2305,2.4,50.0,2009-07-10,PRICE_PERCENTILE
2024-08-23,消费,14297.03,1.9544,0.18,50.0,2015-03-24,PRICE_PERCENTILE
2024-08-23,科技,1546.903,1.6106,0.18,50.0,2011-09-20,PRICE_PERCENTILE
2024-08-26,医药,6806.411,0.7743,0.09,50.0,2019-03-26,PRICE_PERCENTILE
2024-08-26,半导体,3332.965,0.7362,1.36,50.0,2020-06-02,PRICE_PERCENTILE
2024-08-26,新能源,1985.981,1.1584,4.31,50.0,2020-04-03,PRICE_PERCENTILE
2024-08-26,沪深300,3324.223,1.2296,2.22,50.0,2009-07-10,PRICE_PERCENTILE
2024-08-26,消费,14205.617,1.9426,0.09,50.0,2015-03-24,PRICE_PERCENTILE
2024-08-26,科技,1545.309,1.6089,0.09,50.0,2011-09-20,PRICE_PERCENTILE
2024-08-27,医药,6802.657,0.7739,0.09,50.0,2019-03-26,PRICE_PERCENTILE
2024-08-27,半导体,3290.686,0.7251,0.78,50.0,2020-06-02,PRICE_PERCENTILE
2024-08-27,新能源,1964.812,1.1455,3.84,50.0,2020-04-03,PRICE_PERCENTILE
2024-08-27,沪深300,3305.334,1.223,1.86,50.0,2009-07-10,PRICE_PERCENTILE
2024-08-27,消费,14069.879,1.9251,0.09,50.0,2015-03-24,PRICE_PERCENTILE
2024-08-27,科技,1530.744,1.5946,0.09,50.0,2011-09-20,PRICE_PERCENTILE
2024-08-28,医药,6792.506,0.7728,0.09,50.0,2019-03-26,PRICE_PERCENTILE
2024-08-28,半导体,3233.761,0.725,0.29,50.0,2020-06-02,PRICE_PERCENTILE
2024-08-28,新能源,1958.385,1.1467,3.65,50.0,2020-04-03,PRICE_PERCENTILE
2024-08-28,沪深300,3286.496,1.2171,1.42,50.0,2009-07-10,PRICE_PERCENTILE
2024-08-28,消费,13879.953,1.9006,0.09,50.0,2015-03-24,PRICE_PERCENTILE
2024-08-28,科技,1531.45,1.5953,0.18,50.0,2011-09-20,PRICE_PERCENTILE
2024-08-29,医药,6892.268,0.7834,0.53,50.0,2019-03-26,PRICE_PERCENTILE
2024-08-29,半导体,3170.321,0.732,0.1,50.0,2020-06-02,PRICE_PERCENTILE
2024-08-29,新能源,1987.795,1.164,4.58,50.0,2020-04-03,PRICE_PERCENTILE
2024-08-29,沪深300,3277.681,1.214,1.15,50.0,2009-07-10,PRICE_PERCENTILE
2024-08-29,消费,14081.217,1.9264,0.27,50.0,2015-03-24,PRICE_PERCENTILE
2024-08-29,科技,1541.4,1.6051,0.27,50.0,2011-09-20,PRICE_PERCENTILE
2024-08-30,医药,6977.445,0.7924,0.97,50.0,2019-03-26,PRICE_PERCENTILE
2024-08-30,半导体,3202.679,0.7558,0.39,50.0,2020-06-02,PRICE_PERCENTILE
2024-08-30,新能源,2035.37,1.1885,6.16,50.0,2020-04-03,PRICE_PERCENTILE
2024-08-30,沪深300,3321.432,1.2295,2.39,50.0,2009-07-10,PRICE_PERCENTILE
2024-08-30,消费,14414.661,1.9692,0.71,50.0,2015-03-24,PRICE_PERCENTILE
2024-08-30,科技,1580.459,1.6436,1.06,50.0,2011-09-20,PRICE_PERCENTILE
2024-09-02,医药,6841.373,0.7779,0.35,50.0,2019-03-26,PRICE_PERCENTILE
2024-09-02,半导体,3090.844,0.73,0.1,50.0,2020-06-02,PRICE_PERCENTILE
2024-09-02,新能源,1983.304,1.1601,4.48,50.0,2020-04-03,PRICE_PERCENTILE
2024-09-02,沪深300,3265.011,1.2095,0.79,50.0,2009-07-10,PRICE_PERCENTILE
2024-09-02,消费,14012.112,1.9177,0.18,50.0,2015-03-24,PRICE_PERCENTILE
2024-09-02,科技,1536.95,1.6006,0.26,50.0,2011-09-20,PRICE_PERCENTILE
2024-09-03,医药,6908.566,0.785,0.71,50.0,2019-03-26,PRICE_PERCENTILE
2024-09-03,半导体,3071.544,0.734,0.1,50.0,2020-06-02,PRICE_PERCENTILE
2024-09-03,新能源,2029.531,1.1862,6.24,50.0,2020-04-03,PRICE_PERCENTILE
2024-09-03,沪深300,3273.428,1.2125,0.97,50.0,2009-07-10,PRICE_PERCENTILE
2024-09-03,消费,14181.0,1.939,0.44,50.0,2015-03-24,PRICE_PERCENTILE
2024-09-03,科技,1556.321,1.6197,0.79,50.0,2011-09-20,PRICE_PERCENTILE
2024-09-04,医药,6921.318,0.7863,0.79,50.0,2019-03-26,PRICE_PERCENTILE
2024-09-04,半导体,3019.719,0.7276,0.1,50.0,2020-06-02,PRICE_PERCENTILE
2024-09-04,新能源,2044.558,1.1937,6.61,50.0,2020-04-03,PRICE_PERCENTILE
2024-09-04,沪深300,3252.165,1.205,0.79,50.0,2009-07-10,PRICE_PERCENTILE
2024-09-04,消费,14023.17,1.9189,0.26,50.0,2015-03-24,PRICE_PERCENTILE
2024-09-04,科技,1554.64,1.618,0.79,50.0,2011-09-20,PRICE_PERCENTILE
2024-09-05,医药,6989.636,0.7935,1.5,50.0,2019-03-26,PRICE_PERCENTILE
2024-09-05,半导体,3041.846,0.7252,0.19,50.0,2020-06-02,PRICE_PERCENTILE
2024-09-05,新能源,2046.882,1.1974,6.7,50.0,2020-04-03,PRICE_PERCENTILE
2024-09-05,沪深300,3257.758,1.2071,0.88,50.0,2009-07-10,PRICE_PERCENTILE
2024-09-05,消费,14113.092,1.9303,0.53,50.0,2015-03-24,PRICE_PERCENTILE
2024-09-05,科技,1564.723,1.628,1.14,50.0,2011-09-20,PRICE_PERCENTILE
2024-09-06,医药,6873.381,0.7812,0.53,50.0,2019-03-26,PRICE_PERCENTILE
2024-09-06,半导体,3013.803,0.7164,0.1,50.0,2020-06-02,PRICE_PERCENTILE
2024-09-06,新能源,2019.702,1.1796,5.76,50.0,2020-04-03,PRICE_PERCENTILE
2024-09-06,沪深300,3231.346,1.1977,0.62,50.0,2009-07-10,PRICE_PERCENTILE
2024-09-06,消费,13937.781,1.9079,0.18,50.0,2015-03-24,PRICE_PERCENTILE
2024-09-06,科技,1538.072,1.6016,0.35,50.0,2011-09-20,PRICE_PERCENTILE
2024-09-09,医药,6861.348,0.781,0.44,50.0,2019-03-26,PRICE_PERCENTILE
2024-09-09,半导体,2972.934,0.7129,0.1,50.0,2020-06-02,PRICE_PERCENTILE
2024-09-09,新能源,2004.83,1.1721,5.39,50.0,2020-04-03,PRICE_PERCENTILE
2024-09-09,沪深300,3192.952,1.1843,0.18,50.0,2009-07-10,PRICE_PERCENTILE
2024-09-09,消费,13802.178,1.8903,0.09,50.0,2015-03-24,PRICE_PERCENTILE
2024-09-09,科技,1539.038,1.6039,0.44,50.0,2011-09-20,PRICE_PERCENTILE
2024-09-10,医药,6786.336,0.7732,0.09,50.0,2019-03-26,PRICE_PERCENTILE
2024-09-10,半导体,2973.208,0.7183,0.19,50.0,2020-06-02,PRICE_PERCENTILE
2024-09-10,新能源,1994.497,1.168,5.01,50.0,2020-04-03,PRICE_PERCENTILE
2024-09-10,沪深300,3195.755,1.1853,0.26,50.0,2009-07-10,PRICE_PERCENTILE
2024-09-10,消费,13786.543,1.8883,0.09,50.0,2015-03-24,PRICE_PERCENTILE
2024-09-10,科技,1539.98,1.6049,0.53,50.0,2011-09-20,PRICE_PERCENTILE
2024-09-11,医药,6821.173,0.777,0.44,50.0,2019-03-26,PRICE_PERCENTILE
2024-09-11,半导体,2943.22,0.7166,0.1,50.0,2020-06-02,PRICE_PERCENTILE
2024-09-11,新能源,2055.505,1.2044,7.6,50.0,2020-04-03,PRICE_PERCENTILE
2024-09-11,沪深300,3186.13,1.1821,0.18,50.0,2009-07-10,PRICE_PERCENTILE
2024-09-11,消费,13777.484,1.888,0.09,50.0,2015-03-24,PRICE_PERCENTILE
2024-09-11,科技,1558.328,1.6231,1.23,50.0,2011-09-20,PRICE_PERCENTILE
2024-09-12,医药,6736.662,0.7679,0.09,50.0,2019-03-26,PRICE_PERCENTILE
2024-09-12,半导体,2952.452,0.7081,0.19,50.0,2020-06-02,PRICE_PERCENTILE
2024-09-12,新能源,2047.51,1.1961,7.13,50.0,2020-04-03,PRICE_PERCENTILE
2024-09-12,沪深300,3172.475,1.1773,0.09,50.0,2009-07-10,PRICE_PERCENTILE
2024-09-12,消费,13504.211,1.8529,0.09,50.0,2015-03-24,PRICE_PERCENTILE
2024-09-12,科技,1551.814,1.6165,1.05,50.0,2011-09-20,PRICE_PERCENTILE
2024-09-13,医药,6676.296,0.7615,0.09,50.0,2019-03-26,PRICE_PERCENTILE
2024-09-13,半导体,2933.865,0.7014,0.1,50.0,2020-06-02,PRICE_PERCENTILE
2024-09-13,新能源,1995.977,1.1661,5.09,50.0,2020-04-03,PRICE_PERCENTILE
2024-09-13,沪深300,3159.247,1.1727,0.09,50.0,2009-07-10,PRICE_PERCENTILE
2024-09-13,消费,13295.672,1.8261,0.09,50.0,2015-03-24,PRICE_PERCENTILE
2024-09-13,科技,1535.168,1.6002,0.26,50.0,2011-09-20,PRICE_PERCENTILE
2024-09-18,医药,6657.434,0.7593,0.09,50.0,2019-03-26,PRICE_PERCENTILE
2024-09-18,半导体,2943.138,0.6936,0.19,50.0,2020-06-02,PRICE_PERCENTILE
2024-09-18,新能源,2003.749,1.1664,5.55,50.0,2020-04-03,PRICE_PERCENTILE
2024-09-18,沪深300,3171.01,1.1768,0.17,50.0,2009-07-10,PRICE_PERCENTILE
2024-09-18,消费,13127.275,1.8042,0.09,50.0,2015-03-24,PRICE_PERCENTILE
2024-09-18,科技,1533.473,1.5984,0.26,50.0,2011-09-20,PRICE_PERCENTILE
2024-09-19,医药,6731.583,0.7673,0.26,50.0,2019-03-26,PRICE_PERCENTILE
2024-09-19,半导体,3010.779,0.701,0.67,50.0,2020-06-02,PRICE_PERCENTILE
2024-09-19,新能源,2014.033,1.1747,5.82,50.0,2020-04-03,PRICE_PERCENTILE
2024-09-19,沪深300,3196.036,1.1858,0.7,50.0,2009-07-10,PRICE_PERCENTILE
2024-09-19,消费,13420.256,1.8419,0.26,50.0,2015-03-24,PRICE_PERCENTILE
2024-09-19,科技,1546.474,1.6111,0.96,50.0,2011-09-20,PRICE_PERCENTILE
2024-09-20,医药,6657.382,0.7595,0.09,50.0,2019-03-26,PRICE_PERCENTILE
2024-09-20,半导体,3013.48,0.6972,0.77,50.0,2020-06-02,PRICE_PERCENTILE
2024-09-20,新能源,1997.706,1.1655,5.17,50.0,2020-04-03,PRICE_PERCENTILE
2024-09-20,沪深300,3201.05,1.1875,0.87,50.0,2009-07-10,PRICE_PERCENTILE
2024-09-20,消费,13373.088,1.8357,0.26,50.0,2015-03-24,PRICE_PERCENTILE
2024-09-20,科技,1536.599,1.6015,0.44,50.0,2011-09-20,PRICE_PERCENTILE
2024-09-23,医药,6616.235,0.7551,0.09,50.0,2019-03-26,PRICE_PERCENTILE
2024-09-23,半导体,3021.556,0.6894,1.05,50.0,2020-06-02,PRICE_PERCENTILE
2024-09-23,新能源,1989.859,1.1608,4.88,50.0,2020-04-03,PRICE_PERCENTILE
2024-09-23,沪深300,3212.764,1.1916,0.96,50.0,2009-07-10,PRICE_PERCENTILE
2024-09-23,消费,13357.489,1.8336,0.26,50.0,2015-03-24,PRICE_PERCENTILE
2024-09-23,科技,1530.506,1.5954,0.09,50.0,2011-09-20,PRICE_PERCENTILE
2024-09-24,医药,6852.645,0.7804,1.13,50.0,2019-03-26,PRICE_PERCENTILE
2024-09-24,半导体,3141.974,0.7146,1.43,50.0,2020-06-02,PRICE_PERCENTILE
2024-09-24,新能源,2087.098,1.2202,9.12,50.0,2020-04-03,PRICE_PERCENTILE
2024-09-24,沪深300,3351.909,1.2407,5.93,50.0,2009-07-10,PRICE_PERCENTILE
2024-09-24,消费,14162.329,1.9372,1.48,50.0,2015-03-24,PRICE_PERCENTILE
2024-09-24,科技,1615.322,1.6791,3.31,50.0,2011-09-20,PRICE_PERCENTILE
2024-09-25,医药,6937.311,0.7895,1.92,50.0,2019-03-26,PRICE_PERCENTILE
2024-09-25,半导体,3246.107,0.7205,2.1,50.0,2020-06-02,PRICE_PERCENTILE
2024-09-25,新能源,2123.394,1.2365,10.21,50.0,2020-04-03,PRICE_PERCENTILE
2024-09-25,沪深300,3401.533,1.2579,7.23,50.0,2009-07-10,PRICE_PERCENTILE
2024-09-25,消费,14262.228,1.9504,1.83,50.0,2015-03-24,PRICE_PERCENTILE
2024-09-25,科技,1641.542,1.7048,4.01,50.0,2011-09-20,PRICE_PERCENTILE
2024-09-26,医药,7249.737,0.8231,4.7,50.0,2019-03-26,PRICE_PERCENTILE
2024-09-26,半导体,3405.122,0.7492,8.48,50.0,2020-06-02,PRICE_PERCENTILE
2024-09-26,新能源,2191.457,1.277,12.87,50.0,2020-04-03,PRICE_PERCENTILE
2024-09-26,沪深300,3545.32,1.3086,14.71,50.0,2009-07-10,PRICE_PERCENTILE
2024-09-26,消费,15372.354,2.0933,5.13,50.0,2015-03-24,PRICE_PERCENTILE
2024-09-26,科技,1714.144,1.7764,6.53,50.0,2011-09-20,PRICE_PERCENTILE
2024-09-27,医药,7754.535,0.8775,7.04,50.0,2019-03-26,PRICE_PERCENTILE
2024-09-27,半导体,3491.512,0.8036,14.48,50.0,2020-06-02,PRICE_PERCENTILE
2024-09-27,新能源,2371.955,1.3813,21.3,50.0,2020-04-03,PRICE_PERCENTILE
2024-09-27,沪深300,3703.685,1.3656,23.04,50.0,2009-07-10,PRICE_PERCENTILE
2024-09-27,消费,16518.284,2.2397,12.35,50.0,2015-03-24,PRICE_PERCENTILE
2024-09-27,科技,1885.489,1.9441,17.3,50.0,2011-09-20,PRICE_PERCENTILE
2024-09-30,医药,8583.055,0.9658,15.38,50.0,2019-03-26,PRICE_PERCENTILE
2024-09-30,半导体,3783.416,0.9167,50.52,50.0,2020-06-02,PRICE_PERCENTILE
2024-09-30,新能源,2650.203,1.5358,33.58,50.0,2020-04-03,PRICE_PERCENTILE
2024-09-30,沪深300,4017.855,1.4753,46.48,50.0,2009-07-10,PRICE_PERCENTILE
2024-09-30,消费,17976.366,2.4229,25.02,50.0,2015-03-24,PRICE_PERCENTILE
2024-09-30,科技,2175.086,2.2248,33.28,50.0,2011-09-20,PRICE_PERCENTILE
2024-10-08,医药,9304.527,1.0407,23.78,50.0,2019-03-26,PRICE_PERCENTILE
2024-10-08,半导体,3961.024,1.0475,61.6,50.0,2020-06-02,PRICE_PERCENTILE
2024-10-08,新能源,2981.412,1.7076,38.5,50.0,2020-04-03,PRICE_PERCENTILE
2024-10-08,沪深300,4256.096,1.5621,61.81,50.0,2009-07-10,PRICE_PERCENTILE
2024-10-08,消费,18403.438,2.4746,29.08,50.0,2015-03-24,PRICE_PERCENTILE
2024-10-08,科技,2550.276,2.5787,57.29,50.0,2011-09-20,PRICE_PERCENTILE
2024-10-09,医药,8532.111,0.9608,15.09,50.0,2019-03-26,PRICE_PERCENTILE
2024-10-09,半导体,3631.47,1.0693,34.09,50.0,2020-06-02,PRICE_PERCENTILE
2024-10-09,新能源,2677.938,1.5474,34.62,50.0,2020-04-03,PRICE_PERCENTILE
2024-10-09,沪深300,3955.984,1.4582,39.72,50.0,2009-07-10,PRICE_PERCENTILE
2024-10-09,消费,16788.197,2.2798,13.96,50.0,2015-03-24,PRICE_PERCENTILE
2024-10-09,科技,2280.096,2.3288,40.16,50.0,2011-09-20,PRICE_PERCENTILE
2024-10-10,医药,8519.21,0.9603,15.08,50.0,2019-03-26,PRICE_PERCENTILE
2024-10-10,半导体,3854.277,1.0112,55.88,50.0,2020-06-02,PRICE_PERCENTILE
2024-10-10,新能源,2676.313,1.5406,34.49,50.0,2020-04-03,PRICE_PERCENTILE
2024-10-10,沪深300,3997.788,1.4719,44.19,50.0,2009-07-10,PRICE_PERCENTILE
2024-10-10,消费,17143.876,2.3247,16.98,50.0,2015-03-24,PRICE_PERCENTILE
2024-10-10,科技,2212.909,2.2644,35.79,50.0,2011-09-20,PRICE_PERCENTILE
2024-10-11,医药,8119.643,0.9175,10.74,50.0,2019-03-26,PRICE_PERCENTILE
2024-10-11,半导体,3706.567,0.9504,42.56,50.0,2020-06-02,PRICE_PERCENTILE
2024-10-11,新能源,2516.494,1.4533,29.89,50.0,2020-04-03,PRICE_PERCENTILE
2024-10-11,沪深300,3887.167,1.432,35.24,50.0,2009-07-10,PRICE_PERCENTILE
2024-10-11,消费,16678.638,2.2669,13.25,50.0,2015-03-24,PRICE_PERCENTILE
2024-10-11,科技,2100.871,2.1559,28.83,50.0,2011-09-20,PRICE_PERCENTILE
2024-10-14,医药,8182.127,0.9238,11.33,50.0,2019-03-26,PRICE_PERCENTILE
2024-10-14,半导体,3831.066,0.9816,53.88,50.0,2020-06-02,PRICE_PERCENTILE
2024-10-14,新能源,2570.101,1.4795,30.87,50.0,2020-04-03,PRICE_PERCENTILE
2024-10-14,沪深300,3961.342,1.4575,40.92,50.0,2009-07-10,PRICE_PERCENTILE
2024-10-14,消费,16828.949,2.2841,14.97,50.0,2015-03-24,PRICE_PERCENTILE
2024-10-14,科技,2155.403,2.2091,32.09,50.0,2011-09-20,PRICE_PERCENTILE
2024-10-15,医药,7960.49,0.9001,9.42,50.0,2019-03-26,PRICE_PERCENTILE
2024-10-15,半导体,3756.589,0.9643,48.16,50.0,2020-06-02,PRICE_PERCENTILE
2024-10-15,新能源,2494.237,1.439,29.47,50.0,2020-04-03,PRICE_PERCENTILE
2024-10-15,沪深300,3855.995,1.4209,33.36,50.0,2009-07-10,PRICE_PERCENTILE
2024-10-15,消费,16270.058,2.2126,10.54,50.0,2015-03-24,PRICE_PERCENTILE
2024-10-15,科技,2085.986,2.1423,28.35,50.0,2011-09-20,PRICE_PERCENTILE
2024-10-16,医药,7841.029,0.8873,8.2,50.0,2019-03-26,PRICE_PERCENTILE
2024-10-16,半导体,3823.144,0.9421,53.12,50.0,2020-06-02,PRICE_PERCENTILE
2024-10-16,新能源,2439.671,1.414,26.89,50.0,2020-04-03,PRICE_PERCENTILE
2024-10-16,沪深300,3831.589,1.4123,30.57,50.0,2009-07-10,PRICE_PERCENTILE
2024-10-16,消费,16061.33,2.1858,8.89,50.0,2015-03-24,PRICE_PERCENTILE
2024-10-16,科技,2039.95,2.0972,26.51,50.0,2011-09-20,PRICE_PERCENTILE
2024-10-17,医药,7768.401,0.8795,7.25,50.0,2019-03-26,PRICE_PERCENTILE
2024-10-17,半导体,3742.476,0.9451,46.65,50.0,2020-06-02,PRICE_PERCENTILE
2024-10-17,新能源,2419.958,1.4019,25.32,50.0,2020-04-03,PRICE_PERCENTILE
2024-10-17,沪深300,3788.222,1.3971,27.01,50.0,2009-07-10,PRICE_PERCENTILE
2024-10-17,消费,15741.779,2.1448,6.9,50.0,2015-03-24,PRICE_PERCENTILE
2024-10-17,科技,2033.484,2.091,26.4,50.0,2011-09-20,PRICE_PERCENTILE
2024-10-18,医药,8056.436,0.9102,10.52,50.0,2019-03-26,PRICE_PERCENTILE
2024-10-18,半导体,3809.162,1.051,52.08,50.0,2020-06-02,PRICE_PERCENTILE
2024-10-18,新能源,2561.928,1.4782,30.94,50.0,2020-04-03,PRICE_PERCENTILE
2024-10-18,沪深300,3925.234,1.4464,38.02,50.0,2009-07-10,PRICE_PERCENTILE
2024-10-18,消费,16207.059,2.2045,10.26,50.0,2015-03-24,PRICE_PERCENTILE
2024-10-18,科技,2195.101,2.2484,34.83,50.0,2011-09-20,PRICE_PERCENTILE
2024-10-21,医药,8111.223,0.9161,10.94,50.0,2019-03-26,PRICE_PERCENTILE
2024-10-21,半导体,3878.992,1.0791,57.49,50.0,2020-06-02,PRICE_PERCENTILE
2024-10-21,新能源,2591.332,1.4942,31.55,50.0,2020-04-03,PRICE_PERCENTILE
2024-10-21,沪深300,3935.197,1.4498,38.5,50.0,2009-07-10,PRICE_PERCENTILE
2024-10-21,消费,16279.784,2.2138,10.85,50.0,2015-03-24,PRICE_PERCENTILE
2024-10-21,科技,2210.335,2.2631,35.92,50.0,2011-09-20,PRICE_PERCENTILE
2024-10-22,医药,8190.1,0.9247,11.96,50.0,2019-03-26,PRICE_PERCENTILE
2024-10-22,半导体,3870.513,1.0638,57.06,50.0,2020-06-02,PRICE_PERCENTILE
2024-10-22,新能源,2602.108,1.5038,31.88,50.0,2020-04-03,PRICE_PERCENTILE
2024-10-22,沪深300,3957.776,1.4577,40.28,50.0,2009-07-10,PRICE_PERCENTILE
2024-10-22,消费,16526.563,2.2453,12.74,50.0,2015-03-24,PRICE_PERCENTILE
2024-10-22,科技,2216.99,2.2694,36.4,50.0,2011-09-20,PRICE_PERCENTILE
2024-10-23,医药,8195.933,0.9254,12.12,50.0,2019-03-26,PRICE_PERCENTILE
2024-10-23,半导体,3914.107,1.0474,59.08,50.0,2020-06-02,PRICE_PERCENTILE
2024-10-23,新能源,2623.435,1.5177,32.76,50.0,2020-04-03,PRICE_PERCENTILE
2024-10-23,沪深300,3973.209,1.4631,42.22,50.0,2009-07-10,PRICE_PERCENTILE
2024-10-23,消费,16701.806,2.2679,13.84,50.0,2015-03-24,PRICE_PERCENTILE
2024-10-23,科技,2205.302,2.2581,35.51,50.0,2011-09-20,PRICE_PERCENTILE
2024-10-24,医药,8094.562,0.9145,10.91,50.0,2019-03-26,PRICE_PERCENTILE
2024-10-24,半导体,3847.056,1.0471,54.98,50.0,2020-06-02,PRICE_PERCENTILE
2024-10-24,新能源,2571.666,1.4886,31.1,50.0,2020-04-03,PRICE_PERCENTILE
2024-10-24,沪深300,3928.833,1.4476,38.14,50.0,2009-07-10,PRICE_PERCENTILE
2024-10-24,消费,16433.255,2.2335,11.94,50.0,2015-03-24,PRICE_PERCENTILE
2024-10-24,科技,2175.095,2.2288,33.42,50.0,2011-09-20,PRICE_PERCENTILE
2024-10-25,医药,8200.107,0.9258,12.45,50.0,2019-03-26,PRICE_PERCENTILE
2024-10-25,半导体,3892.085,1.054,58.03,50.0,2020-06-02,PRICE_PERCENTILE
2024-10-25,新能源,2677.119,1.5532,35.14,50.0,2020-04-03,PRICE_PERCENTILE
2024-10-25,沪深300,3956.421,1.4574,40.17,50.0,2009-07-10,PRICE_PERCENTILE
2024-10-25,消费,16565.823,2.2505,13.39,50.0,2015-03-24,PRICE_PERCENTILE
2024-10-25,科技,2238.897,2.2906,38.2,50.0,2011-09-20,PRICE_PERCENTILE
2024-10-28,医药,8284.085,0.9346,13.55,50.0,2019-03-26,PRICE_PERCENTILE
2024-10-28,半导体,3922.12,1.0529,59.57,50.0,2020-06-02,PRICE_PERCENTILE
2024-10-28,新能源,2668.79,1.5485,35.02,50.0,2020-04-03,PRICE_PERCENTILE
2024-10-28,沪深300,3964.157,1.46,41.6,50.0,2009-07-10,PRICE_PERCENTILE
2024-10-28,消费,16886.69,2.2913,16.12,50.0,2015-03-24,PRICE_PERCENTILE
2024-10-28,科技,2229.118,2.2809,37.56,50.0,2011-09-20,PRICE_PERCENTILE
2024-10-29,医药,8123.877,0.9178,11.31,50.0,2019-03-26,PRICE_PERCENTILE
2024-10-29,半导体,3832.918,1.0527,53.8,50.0,2020-06-02,PRICE_PERCENTILE
2024-10-29,新能源,2628.315,1.5228,32.82,50.0,2020-04-03,PRICE_PERCENTILE
2024-10-29,沪深300,3924.649,1.4463,37.62,50.0,2009-07-10,PRICE_PERCENTILE
2024-10-29,消费,16562.877,2.25,13.28,50.0,2015-03-24,PRICE_PERCENTILE
2024-10-29,科技,2177.306,2.2313,33.5,50.0,2011-09-20,PRICE_PERCENTILE
2024-10-30,医药,8027.545,0.9076,10.27,50.0,2019-03-26,PRICE_PERCENTILE
2024-10-30,半导体,3839.957,1.0383,54.4,50.0,2020-06-02,PRICE_PERCENTILE
2024-10-30,新能源,2596.816,1.5046,31.62,50.0,2020-04-03,PRICE_PERCENTILE
2024-10-30,沪深300,3889.449,1.4336,35.36,50.0,2009-07-10,PRICE_PERCENTILE
2024-10-30,消费,16441.477,2.2344,12.07,50.0,2015-03-24,PRICE_PERCENTILE
2024-10-30,科技,2151.515,2.2063,31.85,50.0,2011-09-20,PRICE_PERCENTILE
2024-10-31,医药,7986.847,0.9033,9.75,50.0,2019-03-26,PRICE_PERCENTILE
2024-10-31,半导体,3870.737,1.0602,57.06,50.0,2020-06-02,PRICE_PERCENTILE
2024-10-31,新能源,2594.451,1.51,31.59,50.0,2020-04-03,PRICE_PERCENTILE
2024-10-31,沪深300,3891.04,1.4342,35.41,50.0,2009-07-10,PRICE_PERCENTILE
2024-10-31,消费,16426.959,2.2323,11.89,50.0,2015-03-24,PRICE_PERCENTILE
2024-10-31,科技,2164.462,2.2189,32.51,50.0,2011-09-20,PRICE_PERCENTILE
2024-11-01,医药,7998.615,0.9046,10.09,50.0,2019-03-26,PRICE_PERCENTILE
2024-11-01,半导体,3885.892,1.0219,57.76,50.0,2020-06-02,PRICE_PERCENTILE
2024-11-01,新能源,2582.889,1.5035,31.11,50.0,2020-04-03,PRICE_PERCENTILE
2024-11-01,沪深300,3890.02,1.4339,35.38,50.0,2009-07-10,PRICE_PERCENTILE
2024-11-01,消费,16558.847,2.2492,13.33,50.0,2015-03-24,PRICE_PERCENTILE
2024-11-01,科技,2123.738,2.1793,30.09,50.0,2011-09-20,PRICE_PERCENTILE
2024-11-04,医药,8084.44,0.9136,10.85,50.0,2019-03-26,PRICE_PERCENTILE
2024-11-04,半导体,3915.953,1.0402,59.29,50.0,2020-06-02,PRICE_PERCENTILE
2024-11-04,新能源,2657.944,1.5446,34.41,50.0,2020-04-03,PRICE_PERCENTILE
2024-11-04,沪深300,3944.762,1.453,39.28,50.0,2009-07-10,PRICE_PERCENTILE
2024-11-04,消费,16778.242,2.2771,14.86,50.0,2015-03-24,PRICE_PERCENTILE
2024-11-04,科技,2185.984,2.2395,34.16,50.0,2011-09-20,PRICE_PERCENTILE
2024-11-05,医药,8253.449,0.9316,13.65,50.0,2019-03-26,PRICE_PERCENTILE
2024-11-05,半导体,4026.119,1.0883,67.82,50.0,2020-06-02,PRICE_PERCENTILE
2024-11-05,新能源,2740.014,1.5943,36.63,50.0,2020-04-03,PRICE_PERCENTILE
2024-11-05,沪深300,4044.573,1.4881,49.23,50.0,2009-07-10,PRICE_PERCENTILE
2024-11-05,消费,17094.51,2.3173,17.92,50.0,2015-03-24,PRICE_PERCENTILE
2024-11-05,科技,2289.841,2.3402,41.55,50.0,2011-09-20,PRICE_PERCENTILE
2024-11-06,医药,8236.376,0.9297,13.55,50.0,2019-03-26,PRICE_PERCENTILE
2024-11-06,半导体,4077.095,1.1012,70.46,50.0,2020-06-02,PRICE_PERCENTILE
2024-11-06,新能源,2747.02,1.6101,36.87,50.0,2020-04-03,PRICE_PERCENTILE
2024-11-06,沪深300,4024.283,1.4811,47.74,50.0,2009-07-10,PRICE_PERCENTILE
2024-11-06,消费,17045.769,2.3111,17.65,50.0,2015-03-24,PRICE_PERCENTILE
2024-11-06,科技,2265.833,2.3171,40.15,50.0,2011-09-20,PRICE_PERCENTILE
2024-11-07,医药,8502.508,0.9587,16.35,50.0,2019-03-26,PRICE_PERCENTILE
2024-11-07,半导体,4199.792,1.1349,76.44,50.0,2020-06-02,PRICE_PERCENTILE
2024-11-07,新能源,2793.611,1.6348,37.56,50.0,2020-04-03,PRICE_PERCENTILE
2024-11-07,沪深300,4145.695,1.5238,56.73,50.0,2009-07-10,PRICE_PERCENTILE
2024-11-07,消费,18024.576,2.4364,26.58,50.0,2015-03-24,PRICE_PERCENTILE
2024-11-07,科技,2350.76,2.3998,46.51,50.0,2011-09-20,PRICE_PERCENTILE
2024-11-08,医药,8455.262,0.9538,15.83,50.0,2019-03-26,PRICE_PERCENTILE
2024-11-08,半导体,4113.399,1.1336,72.65,50.0,2020-06-02,PRICE_PERCENTILE
2024-11-08,新能源,2776.055,1.6302,37.07,50.0,2020-04-03,PRICE_PERCENTILE
2024-11-08,沪深300,4104.047,1.5094,53.19,50.0,2009-07-10,PRICE_PERCENTILE
2024-11-08,消费,17681.396,2.3926,23.15,50.0,2015-03-24,PRICE_PERCENTILE
2024-11-08,科技,2321.587,2.3715,43.74,50.0,2011-09-20,PRICE_PERCENTILE
2024-11-11,医药,8512.596,0.9598,16.58,50.0,2019-03-26,PRICE_PERCENTILE
2024-11-11,半导体,4090.256,1.2036,71.1,50.0,2020-06-02,PRICE_PERCENTILE
2024-11-11,新能源,2895.547,1.7083,38.92,50.0,2020-04-03,PRICE_PERCENTILE
2024-11-11,沪深300,4131.131,1.5187,55.36,50.0,2009-07-10,PRICE_PERCENTILE
2024-11-11,消费,17543.937,2.3754,21.77,50.0,2015-03-24,PRICE_PERCENTILE
2024-11-11,科技,2392.443,2.4398,49.91,50.0,2011-09-20,PRICE_PERCENTILE
2024-11-12,医药,8601.488,0.9691,17.16,50.0,2019-03-26,PRICE_PERCENTILE
2024-11-12,半导体,4021.861,1.1742,67.22,50.0,2020-06-02,PRICE_PERCENTILE
2024-11-12,新能源,2886.22,1.7053,38.8,50.0,2020-04-03,PRICE_PERCENTILE
2024-11-12,沪深300,4085.743,1.5029,51.49,50.0,2009-07-10,PRICE_PERCENTILE
2024-11-12,消费,17411.991,2.3587,20.39,50.0,2015-03-24,PRICE_PERCENTILE
2024-11-12,科技,2390.803,2.4383,49.87,50.0,2011-09-20,PRICE_PERCENTILE
2024-11-13,医药,8528.859,0.9617,16.72,50.0,2019-03-26,PRICE_PERCENTILE
2024-11-13,半导体,4048.025,1.1763,69.02,50.0,2020-06-02,PRICE_PERCENTILE
2024-11-13,新能源,2905.556,1.7146,39.03,50.0,2020-04-03,PRICE_PERCENTILE
2024-11-13,沪深300,4110.89,1.5118,53.9,50.0,2009-07-10,PRICE_PERCENTILE
2024-11-13,消费,17402.165,2.3574,20.37,50.0,2015-03-24,PRICE_PERCENTILE
2024-11-13,科技,2417.252,2.4636,51.53,50.0,2011-09-20,PRICE_PERCENTILE
2024-11-14,医药,8308.578,0.9384,14.33,50.0,2019-03-26,PRICE_PERCENTILE
2024-11-14,半导体,3986.679,1.1364,64.32,50.0,2020-06-02,PRICE_PERCENTILE
2024-11-14,新能源,2808.184,1.6542,37.75,50.0,2020-04-03,PRICE_PERCENTILE
2024-11-14,沪深300,4039.619,1.4869,48.69,50.0,2009-07-10,PRICE_PERCENTILE
2024-11-14,消费,17145.209,2.3248,18.32,50.0,2015-03-24,PRICE_PERCENTILE
2024-11-14,科技,2334.964,2.3842,44.36,50.0,2011-09-20,PRICE_PERCENTILE
2024-11-15,医药,8149.774,0.9215,11.86,50.0,2019-03-26,PRICE_PERCENTILE
2024-11-15,半导体,3934.774,1.0896,60.19,50.0,2020-06-02,PRICE_PERCENTILE
2024-11-15,新能源,2719.661,1.5996,36.19,50.0,2020-04-03,PRICE_PERCENTILE
2024-11-15,沪深300,3968.831,1.4621,42.03,50.0,2009-07-10,PRICE_PERCENTILE
2024-11-15,消费,16957.177,2.3009,16.86,50.0,2015-03-24,PRICE_PERCENTILE
2024-11-15,科技,2243.62,2.2959,38.56,50.0,2011-09-20,PRICE_PERCENTILE
2024-11-18,医药,8061.352,0.9122,10.67,50.0,2019-03-26,PRICE_PERCENTILE
2024-11-18,半导体,4048.367,1.0674,69.1,50.0,2020-06-02,PRICE_PERCENTILE
2024-11-18,新能源,2684.648,1.5795,35.62,50.0,2020-04-03,PRICE_PERCENTILE
2024-11-18,沪深300,3950.381,1.4554,39.2,50.0,2009-07-10,PRICE_PERCENTILE
2024-11-18,消费,16756.564,2.2764,14.65,50.0,2015-03-24,PRICE_PERCENTILE
2024-11-18,科技,2190.95,2.2453,34.21,50.0,2011-09-20,PRICE_PERCENTILE
2024-11-19,医药,8148.003,0.9214,11.93,50.0,2019-03-26,PRICE_PERCENTILE
2024-11-19,半导体,3975.253,1.0986,63.03,50.0,2020-06-02,PRICE_PERCENTILE
2024-11-19,新能源,2776.778,1.6423,37.11,50.0,2020-04-03,PRICE_PERCENTILE
2024-11-19,沪深300,3976.891,1.4647,42.64,50.0,2009-07-10,PRICE_PERCENTILE
2024-11-19,消费,16742.656,2.2746,14.47,50.0,2015-03-24,PRICE_PERCENTILE
2024-11-19,科技,2256.607,2.3087,39.26,50.0,2011-09-20,PRICE_PERCENTILE
2024-11-20,医药,8330.05,0.9407,14.88,50.0,2019-03-26,PRICE_PERCENTILE
2024-11-20,半导体,3987.796,1.0959,64.54,50.0,2020-06-02,PRICE_PERCENTILE
2024-11-20,新能源,2791.383,1.6518,37.52,50.0,2020-04-03,PRICE_PERCENTILE
2024-11-20,沪深300,3985.773,1.4678,43.7,50.0,2009-07-10,PRICE_PERCENTILE
2024-11-20,消费,16804.027,2.2823,15.72,50.0,2015-03-24,PRICE_PERCENTILE
2024-11-20,科技,2267.855,2.3195,40.32,50.0,2011-09-20,PRICE_PERCENTILE
2024-11-21,医药,8285.963,0.936,14.27,50.0,2019-03-26,PRICE_PERCENTILE
2024-11-21,半导体,3974.271,1.1031,62.73,50.0,2020-06-02,PRICE_PERCENTILE
2024-11-21,新能源,2795.0,1.6575,37.76,50.0,2020-04-03,PRICE_PERCENTILE
2024-11-21,沪深300,3989.298,1.4691,44.09,50.0,2009-07-10,PRICE_PERCENTILE
2024-11-21,消费,16810.255,2.283,15.96,50.0,2015-03-24,PRICE_PERCENTILE
2024-11-21,科技,2265.866,2.3176,40.12,50.0,2011-09-20,PRICE_PERCENTILE
2024-11-22,医药,7954.684,0.9009,9.37,50.0,2019-03-26,PRICE_PERCENTILE
2024-11-22,半导体,3853.654,1.0572,55.02,50.0,2020-06-02,PRICE_PERCENTILE
2024-11-22,新能源,2696.915,1.6025,35.77,50.0,2020-04-03,PRICE_PERCENTILE
2024-11-22,沪深300,3865.699,1.4259,33.5,50.0,2009-07-10,PRICE_PERCENTILE
2024-11-22,消费,16248.783,2.2122,10.38,50.0,2015-03-24,PRICE_PERCENTILE
2024-11-22,科技,2175.571,2.2301,33.16,50.0,2011-09-20,PRICE_PERCENTILE
2024-11-25,医药,7922.862,0.898,9.27,50.0,2019-03-26,PRICE_PERCENTILE
2024-11-25,半导体,3825.137,1.0403,52.21,50.0,2020-06-02,PRICE_PERCENTILE
2024-11-25,新能源,2734.572,1.6264,36.36,50.0,2020-04-03,PRICE_PERCENTILE
2024-11-25,沪深300,3848.091,1.4196,31.87,50.0,2009-07-10,PRICE_PERCENTILE
2024-11-25,消费,16185.411,2.204,9.61,50.0,2015-03-24,PRICE_PERCENTILE
2024-11-25,科技,2175.184,2.2297,33.14,50.0,2011-09-20,PRICE_PERCENTILE
2024-11-26,医药,7935.831,0.8994,9.35,50.0,2019-03-26,PRICE_PERCENTILE
2024-11-26,半导体,3799.817,1.0328,50.14,50.0,2020-06-02,PRICE_PERCENTILE
2024-11-26,新能源,2653.888,1.5764,33.84,50.0,2020-04-03,PRICE_PERCENTILE
2024-11-26,沪深300,3840.185,1.4169,30.75,50.0,2009-07-10,PRICE_PERCENTILE
2024-11-26,消费,16289.543,2.2173,11.04,50.0,2015-03-24,PRICE_PERCENTILE
2024-11-26,科技,2150.097,2.2052,31.26,50.0,2011-09-20,PRICE_PERCENTILE
2024-11-27,医药,8077.681,0.9145,10.94,50.0,2019-03-26,PRICE_PERCENTILE
2024-11-27,半导体,3834.99,1.0667,53.31,50.0,2020-06-02,PRICE_PERCENTILE
2024-11-27,新能源,2703.172,1.6066,35.94,50.0,2020-04-03,PRICE_PERCENTILE
2024-11-27,沪深300,3907.045,1.4403,36.53,50.0,2009-07-10,PRICE_PERCENTILE
2024-11-27,消费,16479.259,2.2413,12.37,50.0,2015-03-24,PRICE_PERCENTILE
2024-11-27,科技,2208.781,2.2622,35.94,50.0,2011-09-20,PRICE_PERCENTILE
2024-11-28,医药,7995.853,0.9058,10.09,50.0,2019-03-26,PRICE_PERCENTILE
2024-11-28,半导体,3840.002,1.0642,53.72,50.0,2020-06-02,PRICE_PERCENTILE
2024-11-28,新能源,2657.576,1.5827,33.95,50.0,2020-04-03,PRICE_PERCENTILE
2024-11-28,沪深300,3872.551,1.4285,34.48,50.0,2009-07-10,PRICE_PERCENTILE
2024-11-28,消费,16306.356,2.2193,11.1,50.0,2015-03-24,PRICE_PERCENTILE
2024-11-28,科技,2169.803,2.2245,32.8,50.0,2011-09-20,PRICE_PERCENTILE
2024-11-29,医药,8116.167,0.9189,11.68,50.0,2019-03-26,PRICE_PERCENTILE
2024-11-29,半导体,3863.543,1.0837,55.87,50.0,2020-06-02,PRICE_PERCENTILE
2024-11-29,新能源,2701.509,1.6074,35.87,50.0,2020-04-03,PRICE_PERCENTILE
2024-11-29,沪深300,3916.583,1.444,37.23,50.0,2009-07-10,PRICE_PERCENTILE
2024-11-29,消费,16527.448,2.2474,13.28,50.0,2015-03-24,PRICE_PERCENTILE
2024-11-29,科技,2224.003,2.277,37.14,50.0,2011-09-20,PRICE_PERCENTILE
2024-12-02,医药,8192.047,0.927,13.01,50.0,2019-03-26,PRICE_PERCENTILE
2024-12-02,半导体,3922.533,1.0902,59.4,50.0,2020-06-02,PRICE_PERCENTILE
2024-12-02,新能源,2745.006,1.6294,36.9,50.0,2020-04-03,PRICE_PERCENTILE
2024-12-02,沪深300,3947.632,1.4549,39.38,50.0,2009-07-10,PRICE_PERCENTILE
2024-12-02,消费,16680.049,2.2666,14.44,50.0,2015-03-24,PRICE_PERCENTILE
2024-12-02,科技,2255.498,2.3075,39.46,50.0,2011-09-20,PRICE_PERCENTILE
2024-12-03,医药,8161.201,0.9236,12.67,50.0,2019-03-26,PRICE_PERCENTILE
2024-12-03,半导体,3961.071,1.0734,61.9,50.0,2020-06-02,PRICE_PERCENTILE
2024-12-03,新能源,2725.851,1.6183,36.43,50.0,2020-04-03,PRICE_PERCENTILE
2024-12-03,沪深300,3951.891,1.4563,39.6,50.0,2009-07-10,PRICE_PERCENTILE
2024-12-03,消费,16703.665,2.2697,14.68,50.0,2015-03-24,PRICE_PERCENTILE
2024-12-03,科技,2245.499,2.2978,39.09,50.0,2011-09-20,PRICE_PERCENTILE
2024-12-04,医药,8059.377,0.9127,10.9,50.0,2019-03-26,PRICE_PERCENTILE
2024-12-04,半导体,3917.25,1.077,58.74,50.0,2020-06-02,PRICE_PERCENTILE
2024-12-04,新能源,2693.065,1.5954,35.69,50.0,2020-04-03,PRICE_PERCENTILE
2024-12-04,沪深300,3930.557,1.4488,38.14,50.0,2009-07-10,PRICE_PERCENTILE
2024-12-04,消费,16552.914,2.2505,13.58,50.0,2015-03-24,PRICE_PERCENTILE
2024-12-04,科技,2213.406,2.2668,36.38,50.0,2011-09-20,PRICE_PERCENTILE
2024-12-05,医药,8022.546,0.9088,10.47,50.0,2019-03-26,PRICE_PERCENTILE
2024-12-05,半导体,3919.062,1.0738,58.87,50.0,2020-06-02,PRICE_PERCENTILE
2024-12-05,新能源,2681.056,1.5897,35.22,50.0,2020-04-03,PRICE_PERCENTILE
2024-12-05,沪深300,3921.588,1.4458,37.35,50.0,2009-07-10,PRICE_PERCENTILE
2024-12-05,消费,16474.68,2.2405,12.4,50.0,2015-03-24,PRICE_PERCENTILE
2024-12-05,科技,2221.457,2.2746,37.02,50.0,2011-09-20,PRICE_PERCENTILE
2024-12-06,医药,8197.378,0.9275,13.56,50.0,2019-03-26,PRICE_PERCENTILE
2024-12-06,半导体,3975.315,1.0859,63.47,50.0,2020-06-02,PRICE_PERCENTILE
2024-12-06,新能源,2730.346,1.6123,36.6,50.0,2020-04-03,PRICE_PERCENTILE
2024-12-06,沪深300,3973.141,1.4638,42.76,50.0,2009-07-10,PRICE_PERCENTILE
2024-12-06,消费,16604.153,2.2572,14.14,50.0,2015-03-24,PRICE_PERCENTILE
2024-12-06,科技,2267.064,2.3187,40.75,50.0,2011-09-20,PRICE_PERCENTILE
2024-12-09,医药,8192.392,0.9269,13.29,50.0,2019-03-26,PRICE_PERCENTILE
2024-12-09,半导体,3939.495,1.0678,60.58,50.0,2020-06-02,PRICE_PERCENTILE
2024-12-09,新能源,2732.778,1.6115,36.74,50.0,2020-04-03,PRICE_PERCENTILE
2024-12-09,沪深300,3966.571,1.4615,41.97,50.0,2009-07-10,PRICE_PERCENTILE
2024-12-09,消费,16505.331,2.2444,12.96,50.0,2015-03-24,PRICE_PERCENTILE
2024-12-09,科技,2248.627,2.3008,39.3,50.0,2011-09-20,PRICE_PERCENTILE
2024-12-10,医药,8193.092,0.9269,13.37,50.0,2019-03-26,PRICE_PERCENTILE
2024-12-10,半导体,3944.223,1.0742,60.8,50.0,2020-06-02,PRICE_PERCENTILE
2024-12-10,新能源,2734.345,1.6101,36.8,50.0,2020-04-03,PRICE_PERCENTILE
2024-12-10,沪深300,3995.637,1.4717,45.11,50.0,2009-07-10,PRICE_PERCENTILE
2024-12-10,消费,16808.463,2.283,16.79,50.0,2015-03-24,PRICE_PERCENTILE
2024-12-10,科技,2264.051,2.3158,40.35,50.0,2011-09-20,PRICE_PERCENTILE
2024-12-11,医药,8227.914,0.9307,14.44,50.0,2019-03-26,PRICE_PERCENTILE
2024-12-11,半导体,3980.605,1.0672,64.12,50.0,2020-06-02,PRICE_PERCENTILE
2024-12-11,新能源,2712.859,1.5995,36.24,50.0,2020-04-03,PRICE_PERCENTILE
2024-12-11,沪深300,3988.831,1.4694,44.57,50.0,2009-07-10,PRICE_PERCENTILE
2024-12-11,消费,16990.694,2.3063,18.45,50.0,2015-03-24,PRICE_PERCENTILE
2024-12-11,科技,2261.582,2.3134,39.9,50.0,2011-09-20,PRICE_PERCENTILE
2024-12-12,医药,8289.338,0.9372,15.35,50.0,2019-03-26,PRICE_PERCENTILE
2024-12-12,半导体,3994.237,1.0765,65.42,50.0,2020-06-02,PRICE_PERCENTILE
2024-12-12,新能源,2735.981,1.6151,36.99,50.0,2020-04-03,PRICE_PERCENTILE
2024-12-12,沪深300,4028.505,1.4832,48.71,50.0,2009-07-10,PRICE_PERCENTILE
2024-12-12,消费,17343.806,2.3509,21.27,50.0,2015-03-24,PRICE_PERCENTILE
2024-12-12,科技,2292.145,2.3432,42.45,50.0,2011-09-20,PRICE_PERCENTILE
2024-12-13,医药,8098.709,0.9162,11.67,50.0,2019-03-26,PRICE_PERCENTILE
2024-12-13,半导体,3895.289,1.0595,57.36,50.0,2020-06-02,PRICE_PERCENTILE
2024-12-13,新能源,2673.61,1.5778,34.68,50.0,2020-04-03,PRICE_PERCENTILE
2024-12-13,沪深300,3933.181,1.4499,38.33,50.0,2009-07-10,PRICE_PERCENTILE
2024-12-13,消费,16892.333,2.2942,17.58,50.0,2015-03-24,PRICE_PERCENTILE
2024-12-13,科技,2235.259,2.2874,38.0,50.0,2011-09-20,PRICE_PERCENTILE
2024-12-16,医药,8006.281,0.9062,10.32,50.0,2019-03-26,PRICE_PERCENTILE
2024-12-16,半导体,3871.563,1.0458,56.04,50.0,2020-06-02,PRICE_PERCENTILE
2024-12-16,新能源,2640.128,1.5529,32.63,50.0,2020-04-03,PRICE_PERCENTILE
2024-12-16,沪深300,3911.842,1.4421,36.39,50.0,2009-07-10,PRICE_PERCENTILE
2024-12-16,消费,16667.289,2.2653,14.49,50.0,2015-03-24,PRICE_PERCENTILE
2024-12-16,科技,2201.532,2.2545,35.05,50.0,2011-09-20,PRICE_PERCENTILE
2024-12-17,医药,7961.498,0.9014,9.57,50.0,2019-03-26,PRICE_PERCENTILE
2024-12-17,半导体,3820.687,1.0385,51.0,50.0,2020-06-02,PRICE_PERCENTILE
2024-12-17,新能源,2657.685,1.556,33.74,50.0,2020-04-03,PRICE_PERCENTILE
2024-12-17,沪深300,3922.033,1.4456,37.27,50.0,2009-07-10,PRICE_PERCENTILE
2024-12-17,消费,16687.988,2.2679,14.89,50.0,2015-03-24,PRICE_PERCENTILE
2024-12-17,科技,2201.181,2.2542,35.02,50.0,2011-09-20,PRICE_PERCENTILE
2024-12-18,医药,7975.795,0.9029,9.73,50.0,2019-03-26,PRICE_PERCENTILE
2024-12-18,半导体,3852.45,1.0664,54.4,50.0,2020-06-02,PRICE_PERCENTILE
2024-12-18,新能源,2651.805,1.5513,33.45,50.0,2020-04-03,PRICE_PERCENTILE
2024-12-18,沪深300,3941.89,1.4526,39.07,50.0,2009-07-10,PRICE_PERCENTILE
2024-12-18,消费,16662.159,2.2644,14.46,50.0,2015-03-24,PRICE_PERCENTILE
2024-12-18,科技,2202.137,2.2551,35.33,50.0,2011-09-20,PRICE_PERCENTILE
2024-12-19,医药,7965.249,0.9018,9.63,50.0,2019-03-26,PRICE_PERCENTILE
2024-12-19,半导体,3862.363,1.0897,55.25,50.0,2020-06-02,PRICE_PERCENTILE
2024-12-19,新能源,2653.806,1.5519,33.51,50.0,2020-04-03,PRICE_PERCENTILE
2024-12-19,沪深300,3945.464,1.454,39.29,50.0,2009-07-10,PRICE_PERCENTILE
2024-12-19,消费,16495.945,2.2432,12.79,50.0,2015-03-24,PRICE_PERCENTILE
2024-12-19,科技,2213.543,2.2662,36.38,50.0,2011-09-20,PRICE_PERCENTILE
2024-12-20,医药,7963.048,0.9016,9.63,50.0,2019-03-26,PRICE_PERCENTILE
2024-12-20,半导体,3833.401,1.1224,52.49,50.0,2020-06-02,PRICE_PERCENTILE
2024-12-20,新能源,2640.758,1.5486,32.69,50.0,2020-04-03,PRICE_PERCENTILE
2024-12-20,沪深300,3927.744,1.4491,37.84,50.0,2009-07-10,PRICE_PERCENTILE
2024-12-20,消费,16438.468,2.2399,12.03,50.0,2015-03-24,PRICE_PERCENTILE
2024-12-20,科技,2209.662,2.2624,35.93,50.0,2011-09-20,PRICE_PERCENTILE
2024-12-23,医药,7888.185,0.8936,8.71,50.0,2019-03-26,PRICE_PERCENTILE
2024-12-23,半导体,3826.271,1.107,51.72,50.0,2020-06-02,PRICE_PERCENTILE
2024-12-23,新能源,2616.456,1.5292,31.79,50.0,2020-04-03,PRICE_PERCENTILE
2024-12-23,沪深300,3933.572,1.4511,38.47,50.0,2009-07-10,PRICE_PERCENTILE
2024-12-23,消费,16353.382,2.2289,11.44,50.0,2015-03-24,PRICE_PERCENTILE
2024-12-23,科技,2187.945,2.2413,33.83,50.0,2011-09-20,PRICE_PERCENTILE
2024-12-24,医药,7964.289,0.9017,9.78,50.0,2019-03-26,PRICE_PERCENTILE
2024-12-24,半导体,3867.762,1.1215,56.01,50.0,2020-06-02,PRICE_PERCENTILE
2024-12-24,新能源,2659.54,1.5528,34.38,50.0,2020-04-03,PRICE_PERCENTILE
2024-12-24,沪深300,3983.688,1.4687,44.16,50.0,2009-07-10,PRICE_PERCENTILE
2024-12-24,消费,16514.271,2.2494,13.26,50.0,2015-03-24,PRICE_PERCENTILE
2024-12-24,科技,2213.548,2.2661,36.54,50.0,2011-09-20,PRICE_PERCENTILE
2024-12-25,医药,7928.45,0.898,9.27,50.0,2019-03-26,PRICE_PERCENTILE
2024-12-25,半导体,3859.573,1.125,54.96,50.0,2020-06-02,PRICE_PERCENTILE
2024-12-25,新能源,2630.291,1.5346,32.08,50.0,2020-04-03,PRICE_PERCENTILE
2024-12-25,沪深300,3985.629,1.4693,44.45,50.0,2009-07-10,PRICE_PERCENTILE
2024-12-25,消费,16434.09,2.2391,12.09,50.0,2015-03-24,PRICE_PERCENTILE
2024-12-25,科技,2201.296,2.2544,35.02,50.0,2011-09-20,PRICE_PERCENTILE
2024-12-26,医药,7871.979,0.8919,8.44,50.0,2019-03-26,PRICE_PERCENTILE
2024-12-26,半导体,3828.37,1.1436,51.67,50.0,2020-06-02,PRICE_PERCENTILE
2024-12-26,新能源,2644.606,1.5399,33.01,50.0,2020-04-03,PRICE_PERCENTILE
2024-12-26,沪深300,3987.48,1.47,44.67,50.0,2009-07-10,PRICE_PERCENTILE
2024-12-26,消费,16387.323,2.2329,11.66,50.0,2015-03-24,PRICE_PERCENTILE
2024-12-26,科技,2209.846,2.2627,36.06,50.0,2011-09-20,PRICE_PERCENTILE
2024-12-27,医药,7889.063,0.8937,8.84,50.0,2019-03-26,PRICE_PERCENTILE
2024-12-27,半导体,3858.318,1.1344,54.95,50.0,2020-06-02,PRICE_PERCENTILE
2024-12-27,新能源,2647.713,1.5401,33.33,50.0,2020-04-03,PRICE_PERCENTILE
2024-12-27,沪深300,3981.031,1.4678,43.55,50.0,2009-07-10,PRICE_PERCENTILE
2024-12-27,消费,16470.931,2.2437,12.56,50.0,2015-03-24,PRICE_PERCENTILE
2024-12-27,科技,2204.896,2.2578,35.45,50.0,2011-09-20,PRICE_PERCENTILE
2024-12-30,医药,7892.99,0.8941,8.92,50.0,2019-03-26,PRICE_PERCENTILE
2024-12-30,半导体,3862.194,1.1386,55.36,50.0,2020-06-02,PRICE_PERCENTILE
2024-12-30,新能源,2659.558,1.5462,34.61,50.0,2020-04-03,PRICE_PERCENTILE
2024-12-30,沪深300,3999.055,1.4744,46.33,50.0,2009-07-10,PRICE_PERCENTILE
2024-12-30,消费,16346.476,2.2309,11.31,50.0,2015-03-24,PRICE_PERCENTILE
2024-12-30,科技,2206.285,2.2591,35.59,50.0,2011-09-20,PRICE_PERCENTILE
2024-12-31,医药,7752.421,0.8791,6.68,50.0,2019-03-26,PRICE_PERCENTILE
2024-12-31,半导体,3783.024,1.0952,48.02,50.0,2020-06-02,PRICE_PERCENTILE
2024-12-31,新能源,2609.625,1.5124,31.19,50.0,2020-04-03,PRICE_PERCENTILE
2024-12-31,沪深300,3934.911,1.4518,38.37,50.0,2009-07-10,PRICE_PERCENTILE
2024-12-31,消费,16256.229,2.2193,10.4,50.0,2015-03-24,PRICE_PERCENTILE
2024-12-31,科技,2141.596,2.1964,29.87,50.0,2011-09-20,PRICE_PERCENTILE
2025-01-02,医药,7558.302,0.8583,6.18,50.0,2019-03-26,PRICE_PERCENTILE
2025-01-02,半导体,3643.523,1.0481,34.05,50.0,2020-06-02,PRICE_PERCENTILE
2025-01-02,新能源,2523.686,1.4643,28.99,50.0,2020-04-03,PRICE_PERCENTILE
2025-01-02,沪深300,3820.395,1.4115,27.95,50.0,2009-07-10,PRICE_PERCENTILE
2025-01-02,消费,15918.424,2.1758,7.75,50.0,2015-03-24,PRICE_PERCENTILE
2025-01-02,科技,2060.442,2.1174,26.46,50.0,2011-09-20,PRICE_PERCENTILE
2025-01-03,医药,7475.739,0.8495,6.01,50.0,2019-03-26,PRICE_PERCENTILE
2025-01-03,半导体,3579.967,1.0275,25.13,50.0,2020-06-02,PRICE_PERCENTILE
2025-01-03,新能源,2483.973,1.4387,27.93,50.0,2020-04-03,PRICE_PERCENTILE
2025-01-03,沪深300,3775.165,1.3955,25.12,50.0,2009-07-10,PRICE_PERCENTILE
2025-01-03,消费,15753.878,2.1544,6.75,50.0,2015-03-24,PRICE_PERCENTILE
2025-01-03,科技,2015.967,2.0741,23.97,50.0,2011-09-20,PRICE_PERCENTILE
2025-01-06,医药,7531.709,0.8554,6.17,50.0,2019-03-26,PRICE_PERCENTILE
2025-01-06,半导体,3587.4,1.0233,26.64,50.0,2020-06-02,PRICE_PERCENTILE
2025-01-06,新能源,2494.535,1.4467,28.34,50.0,2020-04-03,PRICE_PERCENTILE
2025-01-06,沪深300,3768.97,1.3932,24.77,50.0,2009-07-10,PRICE_PERCENTILE
2025-01-06,消费,15548.426,2.1277,5.35,50.0,2015-03-24,PRICE_PERCENTILE
2025-01-06,科技,2014.19,2.0724,23.79,50.0,2011-09-20,PRICE_PERCENTILE
2025-01-07,医药,7418.857,0.8433,5.84,50.0,2019-03-26,PRICE_PERCENTILE
2025-01-07,半导体,3595.357,1.0676,27.78,50.0,2020-06-02,PRICE_PERCENTILE
2025-01-07,新能源,2516.345,1.4589,28.74,50.0,2020-04-03,PRICE_PERCENTILE
2025-01-07,沪深300,3796.106,1.4033,26.56,50.0,2009-07-10,PRICE_PERCENTILE
2025-01-07,消费,15564.087,2.1298,5.51,50.0,2015-03-24,PRICE_PERCENTILE
2025-01-07,科技,2028.358,2.0861,24.84,50.0,2011-09-20,PRICE_PERCENTILE
2025-01-08,医药,7356.21,0.8366,5.42,50.0,2019-03-26,PRICE_PERCENTILE
2025-01-08,半导体,3563.468,1.0693,22.47,50.0,2020-06-02,PRICE_PERCENTILE
2025-01-08,新能源,2494.223,1.4456,28.2,50.0,2020-04-03,PRICE_PERCENTILE
2025-01-08,沪深300,3789.215,1.4014,26.13,50.0,2009-07-10,PRICE_PERCENTILE
2025-01-08,消费,15524.639,2.1246,5.34,50.0,2015-03-24,PRICE_PERCENTILE
2025-01-08,科技,2008.444,2.0668,23.42,50.0,2011-09-20,PRICE_PERCENTILE
2025-01-09,医药,7321.259,0.8329,5.17,50.0,2019-03-26,PRICE_PERCENTILE
2025-01-09,半导体,3530.517,1.0731,16.82,50.0,2020-06-02,PRICE_PERCENTILE
2025-01-09,新能源,2510.605,1.4608,28.61,50.0,2020-04-03,PRICE_PERCENTILE
2025-01-09,沪深300,3779.877,1.3982,25.45,50.0,2009-07-10,PRICE_PERCENTILE
2025-01-09,消费,15480.741,2.119,5.25,50.0,2015-03-24,PRICE_PERCENTILE
2025-01-09,科技,2010.66,2.069,23.56,50.0,2011-09-20,PRICE_PERCENTILE
2025-01-10,医药,7238.018,0.824,4.35,50.0,2019-03-26,PRICE_PERCENTILE
2025-01-10,半导体,3466.385,1.0692,12.6,50.0,2020-06-02,PRICE_PERCENTILE
2025-01-10,新能源,2491.591,1.4522,28.15,50.0,2020-04-03,PRICE_PERCENTILE
2025-01-10,沪深300,3732.481,1.3821,23.13,50.0,2009-07-10,PRICE_PERCENTILE
2025-01-10,消费,15280.111,2.0931,4.35,50.0,2015-03-24,PRICE_PERCENTILE
2025-01-10,科技,1975.305,2.0344,21.33,50.0,2011-09-20,PRICE_PERCENTILE
2025-01-13,医药,7266.839,0.8271,4.84,50.0,2019-03-26,PRICE_PERCENTILE
2025-01-13,半导体,3463.977,1.0629,12.5,50.0,2020-06-02,PRICE_PERCENTILE
2025-01-13,新能源,2507.007,1.4605,28.65,50.0,2020-04-03,PRICE_PERCENTILE
2025-01-13,沪深300,3722.513,1.3784,22.62,50.0,2009-07-10,PRICE_PERCENTILE
2025-01-13,消费,15348.707,2.1019,4.84,50.0,2015-03-24,PRICE_PERCENTILE
2025-01-13,科技,1982.459,2.0414,21.72,50.0,2011-09-20,PRICE_PERCENTILE
2025-01-14,医药,7453.508,0.8471,6.31,50.0,2019-03-26,PRICE_PERCENTILE
2025-01-14,半导体,3547.75,1.0976,20.43,50.0,2020-06-02,PRICE_PERCENTILE
2025-01-14,新能源,2609.701,1.5161,31.81,50.0,2020-04-03,PRICE_PERCENTILE
2025-01-14,沪深300,3820.54,1.4131,28.42,50.0,2009-07-10,PRICE_PERCENTILE
2025-01-14,消费,15641.965,2.1399,6.22,50.0,2015-03-24,PRICE_PERCENTILE
2025-01-14,科技,2075.756,2.1324,27.52,50.0,2011-09-20,PRICE_PERCENTILE
2025-01-15,医药,7375.315,0.8387,5.89,50.0,2019-03-26,PRICE_PERCENTILE
2025-01-15,半导体,3532.033,1.0957,17.29,50.0,2020-06-02,PRICE_PERCENTILE
2025-01-15,新能源,2583.888,1.5023,30.49,50.0,2020-04-03,PRICE_PERCENTILE
2025-01-15,沪深300,3796.026,1.4045,26.76,50.0,2009-07-10,PRICE_PERCENTILE
2025-01-15,消费,15515.441,2.1234,5.48,50.0,2015-03-24,PRICE_PERCENTILE
2025-01-15,科技,2037.933,2.0956,25.7,50.0,2011-09-20,PRICE_PERCENTILE
2025-01-16,医药,7358.095,0.8368,5.72,50.0,2019-03-26,PRICE_PERCENTILE
2025-01-16,半导体,3540.837,1.0675,19.15,50.0,2020-06-02,PRICE_PERCENTILE
2025-01-16,新能源,2580.646,1.5032,30.38,50.0,2020-04-03,PRICE_PERCENTILE
2025-01-16,沪深300,3800.384,1.4058,27.23,50.0,2009-07-10,PRICE_PERCENTILE
2025-01-16,消费,15428.548,2.1123,5.15,50.0,2015-03-24,PRICE_PERCENTILE
2025-01-16,科技,2051.351,2.1086,26.57,50.0,2011-09-20,PRICE_PERCENTILE
2025-01-17,医药,7372.541,0.8384,5.96,50.0,2019-03-26,PRICE_PERCENTILE
2025-01-17,半导体,3554.946,1.0887,21.62,50.0,2020-06-02,PRICE_PERCENTILE
2025-01-17,新能源,2596.395,1.5123,31.13,50.0,2020-04-03,PRICE_PERCENTILE
2025-01-17,沪深300,3812.343,1.4102,28.02,50.0,2009-07-10,PRICE_PERCENTILE
2025-01-17,消费,15566.451,2.1301,6.05,50.0,2015-03-24,PRICE_PERCENTILE
2025-01-17,科技,2067.275,2.1242,27.29,50.0,2011-09-20,PRICE_PERCENTILE
2025-01-20,医药,7473.049,0.8491,6.69,50.0,2019-03-26,PRICE_PERCENTILE
2025-01-20,半导体,3558.226,1.09,22.22,50.0,2020-06-02,PRICE_PERCENTILE
2025-01-20,新能源,2645.746,1.5326,33.76,50.0,2020-04-03,PRICE_PERCENTILE
2025-01-20,沪深300,3829.676,1.4164,29.71,50.0,2009-07-10,PRICE_PERCENTILE
2025-01-20,消费,15605.618,2.135,6.29,50.0,2015-03-24,PRICE_PERCENTILE
2025-01-20,科技,2104.728,2.1606,28.82,50.0,2011-09-20,PRICE_PERCENTILE
2025-01-21,医药,7465.504,0.8483,6.61,50.0,2019-03-26,PRICE_PERCENTILE
2025-01-21,半导体,3540.083,1.0981,18.83,50.0,2020-06-02,PRICE_PERCENTILE
2025-01-21,新能源,2658.057,1.5353,35.02,50.0,2020-04-03,PRICE_PERCENTILE
2025-01-21,沪深300,3832.615,1.4174,30.1,50.0,2009-07-10,PRICE_PERCENTILE
2025-01-21,消费,15513.357,2.1232,5.55,50.0,2015-03-24,PRICE_PERCENTILE
2025-01-21,科技,2112.39,2.1681,29.12,50.0,2011-09-20,PRICE_PERCENTILE
2025-01-22,医药,7402.06,0.8416,6.19,50.0,2019-03-26,PRICE_PERCENTILE
2025-01-22,半导体,3501.015,1.0962,14.37,50.0,2020-06-02,PRICE_PERCENTILE
2025-01-22,新能源,2617.425,1.5147,32.42,50.0,2020-04-03,PRICE_PERCENTILE
2025-01-22,沪深300,3797.017,1.4052,26.89,50.0,2009-07-10,PRICE_PERCENTILE
2025-01-22,消费,15293.305,2.0948,4.4,50.0,2015-03-24,PRICE_PERCENTILE
2025-01-22,科技,2101.035,2.1569,28.44,50.0,2011-09-20,PRICE_PERCENTILE
2025-01-23,医药,7396.797,0.841,6.19,50.0,2019-03-26,PRICE_PERCENTILE
2025-01-23,半导体,3523.762,1.0805,16.13,50.0,2020-06-02,PRICE_PERCENTILE
2025-01-23,新能源,2596.201,1.5051,31.02,50.0,2020-04-03,PRICE_PERCENTILE
2025-01-23,沪深300,3803.744,1.408,27.44,50.0,2009-07-10,PRICE_PERCENTILE
2025-01-23,消费,15312.244,2.1012,4.48,50.0,2015-03-24,PRICE_PERCENTILE
2025-01-23,科技,2093.313,2.1494,28.18,50.0,2011-09-20,PRICE_PERCENTILE
2025-01-24,医药,7420.762,0.8436,6.59,50.0,2019-03-26,PRICE_PERCENTILE
2025-01-24,半导体,3552.062,1.0866,21.26,50.0,2020-06-02,PRICE_PERCENTILE
2025-01-24,新能源,2634.524,1.5274,32.96,50.0,2020-04-03,PRICE_PERCENTILE
2025-01-24,沪深300,3832.864,1.4191,30.27,50.0,2009-07-10,PRICE_PERCENTILE
2025-01-24,消费,15302.107,2.103,4.48,50.0,2015-03-24,PRICE_PERCENTILE
2025-01-24,科技,2121.839,2.1792,29.94,50.0,2011-09-20,PRICE_PERCENTILE
2025-01-27,医药,7423.415,0.8438,6.75,50.0,2019-03-26,PRICE_PERCENTILE
2025-01-27,半导体,3563.396,1.0567,23.27,50.0,2020-06-02,PRICE_PERCENTILE
2025-01-27,新能源,2592.283,1.5034,30.88,50.0,2020-04-03,PRICE_PERCENTILE
2025-01-27,沪深300,3817.08,1.4135,28.21,50.0,2009-07-10,PRICE_PERCENTILE
2025-01-27,消费,15313.161,2.1064,4.63,50.0,2015-03-24,PRICE_PERCENTILE
2025-01-27,科技,2063.82,2.1228,26.99,50.0,2011-09-20,PRICE_PERCENTILE
2025-02-05,医药,7435.041,0.845,6.82,50.0,2019-03-26,PRICE_PERCENTILE
2025-02-05,半导体,3526.876,1.0907,16.71,50.0,2020-06-02,PRICE_PERCENTILE
2025-02-05,新能源,2610.383,1.5178,32.05,50.0,2020-04-03,PRICE_PERCENTILE
2025-02-05,沪深300,3795.085,1.406,26.56,50.0,2009-07-10,PRICE_PERCENTILE
2025-02-05,消费,15047.738,2.0716,3.01,50.0,2015-03-24,PRICE_PERCENTILE
2025-02-05,科技,2062.923,2.1218,26.89,50.0,2011-09-20,PRICE_PERCENTILE
2025-02-06,医药,7526.06,0.8547,7.39,50.0,2019-03-26,PRICE_PERCENTILE
2025-02-06,半导体,3557.66,1.1295,22.35,50.0,2020-06-02,PRICE_PERCENTILE
2025-02-06,新能源,2730.323,1.5851,38.26,50.0,2020-04-03,PRICE_PERCENTILE
2025-02-06,沪深300,3842.831,1.4229,31.57,50.0,2009-07-10,PRICE_PERCENTILE
2025-02-06,消费,15121.293,2.0811,3.33,50.0,2015-03-24,PRICE_PERCENTILE
2025-02-06,科技,2120.745,2.178,30.03,50.0,2011-09-20,PRICE_PERCENTILE
2025-02-07,医药,7639.007,0.8668,7.79,50.0,2019-03-26,PRICE_PERCENTILE
2025-02-07,半导体,3602.459,1.1353,30.1,50.0,2020-06-02,PRICE_PERCENTILE
2025-02-07,新能源,2784.838,1.6119,39.85,50.0,2020-04-03,PRICE_PERCENTILE
2025-02-07,沪深300,3892.703,1.4404,35.77,50.0,2009-07-10,PRICE_PERCENTILE
2025-02-07,消费,15256.837,2.0987,4.38,50.0,2015-03-24,PRICE_PERCENTILE
2025-02-07,科技,2174.351,2.2301,33.58,50.0,2011-09-20,PRICE_PERCENTILE
2025-02-10,医药,7723.912,0.8759,8.18,50.0,2019-03-26,PRICE_PERCENTILE
2025-02-10,半导体,3626.013,1.1476,32.63,50.0,2020-06-02,PRICE_PERCENTILE
2025-02-10,新能源,2777.388,1.6046,39.64,50.0,2020-04-03,PRICE_PERCENTILE
2025-02-10,沪深300,3901.062,1.4434,36.71,50.0,2009-07-10,PRICE_PERCENTILE
2025-02-10,消费,15227.378,2.0948,4.05,50.0,2015-03-24,PRICE_PERCENTILE
2025-02-10,科技,2183.877,2.2393,34.44,50.0,2011-09-20,PRICE_PERCENTILE
2025-02-11,医药,7637.898,0.8666,7.77,50.0,2019-03-26,PRICE_PERCENTILE
2025-02-11,半导体,3610.802,1.1367,31.1,50.0,2020-06-02,PRICE_PERCENTILE
2025-02-11,新能源,2742.581,1.59,39.01,50.0,2020-04-03,PRICE_PERCENTILE
2025-02-11,沪深300,3883.135,1.437,35.06,50.0,2009-07-10,PRICE_PERCENTILE
2025-02-11,消费,15107.774,2.0793,3.32,50.0,2015-03-24,PRICE_PERCENTILE
2025-02-11,科技,2152.732,2.2089,32.15,50.0,2011-09-20,PRICE_PERCENTILE
2025-02-12,医药,7660.359,0.8691,7.93,50.0,2019-03-26,PRICE_PERCENTILE
2025-02-12,半导体,3630.021,1.1687,33.45,50.0,2020-06-02,PRICE_PERCENTILE
2025-02-12,新能源,2794.766,1.6179,40.43,50.0,2020-04-03,PRICE_PERCENTILE
2025-02-12,沪深300,3919.862,1.45,37.86,50.0,2009-07-10,PRICE_PERCENTILE
2025-02-12,消费,15254.324,2.0981,4.53,50.0,2015-03-24,PRICE_PERCENTILE
2025-02-12,科技,2191.76,2.2469,35.19,50.0,2011-09-20,PRICE_PERCENTILE
2025-02-13,医药,7641.58,0.867,7.92,50.0,2019-03-26,PRICE_PERCENTILE
2025-02-13,半导体,3638.487,1.1376,34.74,50.0,2020-06-02,PRICE_PERCENTILE
2025-02-13,新能源,2768.758,1.6029,39.37,50.0,2020-04-03,PRICE_PERCENTILE
2025-02-13,沪深300,3905.14,1.4448,36.94,50.0,2009-07-10,PRICE_PERCENTILE
2025-02-13,消费,15598.597,2.1429,7.11,50.0,2015-03-24,PRICE_PERCENTILE
2025-02-13,科技,2176.156,2.2316,33.95,50.0,2011-09-20,PRICE_PERCENTILE
2025-02-14,医药,7821.963,0.8862,9.45,50.0,2019-03-26,PRICE_PERCENTILE
2025-02-14,半导体,3651.272,1.1393,36.29,50.0,2020-06-02,PRICE_PERCENTILE
2025-02-14,新能源,2819.695,1.6267,40.95,50.0,2020-04-03,PRICE_PERCENTILE
2025-02-14,沪深300,3939.009,1.4569,39.98,50.0,2009-07-10,PRICE_PERCENTILE
2025-02-14,消费,15585.998,2.1413,7.11,50.0,2015-03-24,PRICE_PERCENTILE
2025-02-14,科技,2215.298,2.2696,38.21,50.0,2011-09-20,PRICE_PERCENTILE
2025-02-17,医药,7848.328,0.889,10.01,50.0,2019-03-26,PRICE_PERCENTILE
2025-02-17,半导体,3661.263,1.1553,37.31,50.0,2020-06-02,PRICE_PERCENTILE
2025-02-17,新能源,2807.609,1.619,40.75,50.0,2020-04-03,PRICE_PERCENTILE
2025-02-17,沪深300,3947.398,1.4598,40.76,50.0,2009-07-10,PRICE_PERCENTILE
2025-02-17,消费,15601.464,2.1431,7.26,50.0,2015-03-24,PRICE_PERCENTILE
2025-02-17,科技,2226.615,2.2806,39.06,50.0,2011-09-20,PRICE_PERCENTILE
2025-02-18,医药,7720.109,0.8753,8.31,50.0,2019-03-26,PRICE_PERCENTILE
2025-02-18,半导体,3614.205,1.1334,31.14,50.0,2020-06-02,PRICE_PERCENTILE
2025-02-18,新能源,2818.048,1.6234,40.97,50.0,2020-04-03,PRICE_PERCENTILE
2025-02-18,沪深300,3912.783,1.4476,37.34,50.0,2009-07-10,PRICE_PERCENTILE
2025-02-18,消费,15444.31,2.1228,6.13,50.0,2015-03-24,PRICE_PERCENTILE
2025-02-18,科技,2182.574,2.2377,34.44,50.0,2011-09-20,PRICE_PERCENTILE
2025-02-19,医药,7755.542,0.8791,8.78,50.0,2019-03-26,PRICE_PERCENTILE
2025-02-19,半导体,3653.002,1.1743,36.46,50.0,2020-06-02,PRICE_PERCENTILE
2025-02-19,新能源,2877.806,1.6601,41.61,50.0,2020-04-03,PRICE_PERCENTILE
2025-02-19,沪深300,3940.16,1.4574,40.29,50.0,2009-07-10,PRICE_PERCENTILE
2025-02-19,消费,15571.427,2.1393,7.01,50.0,2015-03-24,PRICE_PERCENTILE
2025-02-19,科技,2226.982,2.2809,39.24,50.0,2011-09-20,PRICE_PERCENTILE
2025-02-20,医药,7895.886,0.8941,11.19,50.0,2019-03-26,PRICE_PERCENTILE
2025-02-20,半导体,3611.892,1.1664,31.0,50.0,2020-06-02,PRICE_PERCENTILE
2025-02-20,新能源,2872.268,1.6557,41.57,50.0,2020-04-03,PRICE_PERCENTILE
2025-02-20,沪深300,3928.896,1.4533,39.05,50.0,2009-07-10,PRICE_PERCENTILE
2025-02-20,消费,15531.244,2.1339,6.68,50.0,2015-03-24,PRICE_PERCENTILE
2025-02-20,科技,2225.584,2.2794,39.05,50.0,2011-09-20,PRICE_PERCENTILE
2025-02-21,医药,7995.161,0.9048,12.95,50.0,2019-03-26,PRICE_PERCENTILE
2025-02-21,半导体,3615.067,1.2294,31.32,50.0,2020-06-02,PRICE_PERCENTILE
2025-02-21,新能源,2950.246,1.6929,42.64,50.0,2020-04-03,PRICE_PERCENTILE
2025-02-21,沪深300,3978.444,1.471,44.73,50.0,2009-07-10,PRICE_PERCENTILE
2025-02-21,消费,15563.402,2.138,6.92,50.0,2015-03-24,PRICE_PERCENTILE
2025-02-21,科技,2281.512,2.3336,43.93,50.0,2011-09-20,PRICE_PERCENTILE
2025-02-24,医药,7891.519,0.8936,11.09,50.0,2019-03-26,PRICE_PERCENTILE
2025-02-24,半导体,3711.528,1.2343,42.83,50.0,2020-06-02,PRICE_PERCENTILE
2025-02-24,新能源,2930.847,1.6847,42.43,50.0,2020-04-03,PRICE_PERCENTILE
2025-02-24,沪深300,3969.717,1.4678,44.05,50.0,2009-07-10,PRICE_PERCENTILE
2025-02-24,消费,15662.671,2.151,8.12,50.0,2015-03-24,PRICE_PERCENTILE
2025-02-24,科技,2266.244,2.3186,42.85,50.0,2011-09-20,PRICE_PERCENTILE
2025-02-25,医药,7789.057,0.8827,9.24,50.0,2019-03-26,PRICE_PERCENTILE
2025-02-25,半导体,3657.706,1.2274,37.29,50.0,2020-06-02,PRICE_PERCENTILE
2025-02-25,新能源,2931.802,1.6814,42.48,50.0,2020-04-03,PRICE_PERCENTILE
2025-02-25,沪深300,3925.651,1.4521,38.71,50.0,2009-07-10,PRICE_PERCENTILE
2025-02-25,消费,15404.03,2.1172,5.86,50.0,2015-03-24,PRICE_PERCENTILE
2025-02-25,科技,2240.589,2.2936,40.56,50.0,2011-09-20,PRICE_PERCENTILE
2025-02-26,医药,7863.165,0.8906,10.59,50.0,2019-03-26,PRICE_PERCENTILE
2025-02-26,半导体,3698.652,1.2453,41.1,50.0,2020-06-02,PRICE_PERCENTILE
2025-02-26,新能源,2959.706,1.7068,42.78,50.0,2020-04-03,PRICE_PERCENTILE
2025-02-26,沪深300,3959.941,1.4643,42.78,50.0,2009-07-10,PRICE_PERCENTILE
2025-02-26,消费,15540.523,2.1348,6.82,50.0,2015-03-24,PRICE_PERCENTILE
2025-02-26,科技,2268.215,2.3204,43.18,50.0,2011-09-20,PRICE_PERCENTILE
2025-02-27,医药,7884.735,0.8929,11.07,50.0,2019-03-26,PRICE_PERCENTILE
2025-02-27,半导体,3679.219,1.238,39.41,50.0,2020-06-02,PRICE_PERCENTILE
2025-02-27,新能源,2978.796,1.7174,43.17,50.0,2020-04-03,PRICE_PERCENTILE
2025-02-27,沪深300,3968.116,1.4671,43.7,50.0,2009-07-10,PRICE_PERCENTILE
2025-02-27,消费,15813.859,2.1702,9.46,50.0,2015-03-24,PRICE_PERCENTILE
2025-02-27,科技,2256.508,2.309,41.62,50.0,2011-09-20,PRICE_PERCENTILE
2025-02-28,医药,7722.139,0.8754,8.41,50.0,2019-03-26,PRICE_PERCENTILE
2025-02-28,半导体,3640.114,1.1807,34.93,50.0,2020-06-02,PRICE_PERCENTILE
2025-02-28,新能源,2879.199,1.6649,41.7,50.0,2020-04-03,PRICE_PERCENTILE
2025-02-28,沪深300,3890.049,1.4394,35.26,50.0,2009-07-10,PRICE_PERCENTILE
2025-02-28,消费,15791.527,2.1673,9.46,50.0,2015-03-24,PRICE_PERCENTILE
2025-02-28,科技,2170.392,2.2253,33.09,50.0,2011-09-20,PRICE_PERCENTILE
2025-03-03,医药,7763.002,0.8798,8.97,50.0,2019-03-26,PRICE_PERCENTILE
2025-03-03,半导体,3642.358,1.161,35.34,50.0,2020-06-02,PRICE_PERCENTILE
2025-03-03,新能源,2941.709,1.7114,42.59,50.0,2020-04-03,PRICE_PERCENTILE
2025-03-03,沪深300,3888.474,1.4391,35.07,50.0,2009-07-10,PRICE_PERCENTILE
2025-03-03,消费,15738.372,2.1604,8.89,50.0,2015-03-24,PRICE_PERCENTILE
2025-03-03,科技,2196.525,2.2506,35.71,50.0,2011-09-20,PRICE_PERCENTILE
2025-03-04,医药,7782.701,0.8819,9.36,50.0,2019-03-26,PRICE_PERCENTILE
2025-03-04,半导体,3639.106,1.182,34.78,50.0,2020-06-02,PRICE_PERCENTILE
2025-03-04,新能源,2889.904,1.6868,42.05,50.0,2020-04-03,PRICE_PERCENTILE
2025-03-04,沪深300,3885.221,1.4381,34.8,50.0,2009-07-10,PRICE_PERCENTILE
2025-03-04,消费,15679.823,2.1527,8.48,50.0,2015-03-24,PRICE_PERCENTILE
2025-03-04,科技,2190.078,2.2443,34.88,50.0,2011-09-20,PRICE_PERCENTILE
2025-03-05,医药,7721.718,0.8754,8.39,50.0,2019-03-26,PRICE_PERCENTILE
2025-03-05,半导体,3640.36,1.187,35.1,50.0,2020-06-02,PRICE_PERCENTILE
2025-03-05,新能源,2903.959,1.6887,42.18,50.0,2020-04-03,PRICE_PERCENTILE
2025-03-05,沪深300,3902.571,1.4442,36.69,50.0,2009-07-10,PRICE_PERCENTILE
2025-03-05,消费,15625.186,2.1457,7.99,50.0,2015-03-24,PRICE_PERCENTILE
2025-03-05,科技,2190.362,2.2446,34.93,50.0,2011-09-20,PRICE_PERCENTILE
2025-03-06,医药,7837.879,0.8877,10.38,50.0,2019-03-26,PRICE_PERCENTILE
2025-03-06,半导体,3668.723,1.2259,38.37,50.0,2020-06-02,PRICE_PERCENTILE
2025-03-06,新能源,2950.475,1.7135,42.91,50.0,2020-04-03,PRICE_PERCENTILE
2025-03-06,沪深300,3956.237,1.4632,42.01,50.0,2009-07-10,PRICE_PERCENTILE
2025-03-06,消费,15831.801,2.1722,9.98,50.0,2015-03-24,PRICE_PERCENTILE
2025-03-06,科技,2234.689,2.2876,40.1,50.0,2011-09-20,PRICE_PERCENTILE
2025-03-07,医药,7761.61,0.8796,9.02,50.0,2019-03-26,PRICE_PERCENTILE
2025-03-07,半导体,3638.913,1.2074,34.61,50.0,2020-06-02,PRICE_PERCENTILE
2025-03-07,新能源,2923.629,1.696,42.37,50.0,2020-04-03,PRICE_PERCENTILE
2025-03-07,沪深300,3944.014,1.4588,40.54,50.0,2009-07-10,PRICE_PERCENTILE
2025-03-07,消费,15966.844,2.1896,10.77,50.0,2015-03-24,PRICE_PERCENTILE
2025-03-07,科技,2205.307,2.259,36.87,50.0,2011-09-20,PRICE_PERCENTILE
2025-03-10,医药,7784.809,0.882,9.57,50.0,2019-03-26,PRICE_PERCENTILE
2025-03-10,半导体,3621.857,1.2058,31.89,50.0,2020-06-02,PRICE_PERCENTILE
2025-03-10,新能源,2920.447,1.6996,42.33,50.0,2020-04-03,PRICE_PERCENTILE
2025-03-10,沪深300,3928.802,1.4534,39.0,50.0,2009-07-10,PRICE_PERCENTILE
2025-03-10,消费,15935.685,2.1855,10.69,50.0,2015-03-24,PRICE_PERCENTILE
2025-03-10,科技,2199.877,2.2536,36.04,50.0,2011-09-20,PRICE_PERCENTILE
2025-03-11,医药,7802.885,0.8839,9.8,50.0,2019-03-26,PRICE_PERCENTILE
2025-03-11,半导体,3629.54,1.198,33.25,50.0,2020-06-02,PRICE_PERCENTILE
2025-03-11,新能源,2913.524,1.7015,42.21,50.0,2020-04-03,PRICE_PERCENTILE
2025-03-11,沪深300,3941.416,1.4577,40.48,50.0,2009-07-10,PRICE_PERCENTILE
2025-03-11,消费,16284.896,2.2304,13.86,50.0,2015-03-24,PRICE_PERCENTILE
2025-03-11,科技,2204.03,2.2578,36.73,50.0,2011-09-20,PRICE_PERCENTILE
2025-03-12,医药,7750.086,0.8783,8.68,50.0,2019-03-26,PRICE_PERCENTILE
2025-03-12,半导体,3654.342,1.1924,36.85,50.0,2020-06-02,PRICE_PERCENTILE
2025-03-12,新能源,2899.264,1.6886,42.01,50.0,2020-04-03,PRICE_PERCENTILE
2025-03-12,沪深300,3927.232,1.4528,38.77,50.0,2009-07-10,PRICE_PERCENTILE
2025-03-12,消费,16112.947,2.2084,12.1,50.0,2015-03-24,PRICE_PERCENTILE
2025-03-12,科技,2191.268,2.2454,35.03,50.0,2011-09-20,PRICE_PERCENTILE
2025-03-13,医药,7723.028,0.8755,8.51,50.0,2019-03-26,PRICE_PERCENTILE
2025-03-13,半导体,3641.672,1.1612,35.26,50.0,2020-06-02,PRICE_PERCENTILE
2025-03-13,新能源,2873.793,1.6711,41.14,50.0,2020-04-03,PRICE_PERCENTILE
2025-03-13,沪深300,3911.579,1.4471,36.99,50.0,2009-07-10,PRICE_PERCENTILE
2025-03-13,消费,16112.237,2.2081,12.09,50.0,2015-03-24,PRICE_PERCENTILE
2025-03-13,科技,2166.004,2.2208,32.38,50.0,2011-09-20,PRICE_PERCENTILE
2025-03-14,医药,7907.485,0.8951,12.4,50.0,2019-03-26,PRICE_PERCENTILE
2025-03-14,半导体,3695.997,1.1821,41.54,50.0,2020-06-02,PRICE_PERCENTILE
2025-03-14,新能源,2956.937,1.7099,43.19,50.0,2020-04-03,PRICE_PERCENTILE
2025-03-14,沪深300,4006.557,1.4805,49.13,50.0,2009-07-10,PRICE_PERCENTILE
2025-03-14,消费,16742.933,2.2894,19.16,50.0,2015-03-24,PRICE_PERCENTILE
2025-03-14,科技,2226.716,2.2797,39.51,50.0,2011-09-20,PRICE_PERCENTILE
2025-03-17,医药,7897.577,0.894,12.23,50.0,2019-03-26,PRICE_PERCENTILE
2025-03-17,半导体,3712.577,1.175,43.66,50.0,2020-06-02,PRICE_PERCENTILE
2025-03-17,新能源,2941.572,1.6975,42.82,50.0,2020-04-03,PRICE_PERCENTILE
2025-03-17,沪深300,3996.788,1.477,47.74,50.0,2009-07-10,PRICE_PERCENTILE
2025-03-17,消费,16751.662,2.2904,19.3,50.0,2015-03-24,PRICE_PERCENTILE
2025-03-17,科技,2215.127,2.2684,38.36,50.0,2011-09-20,PRICE_PERCENTILE
2025-03-18,医药,7984.61,0.9034,13.81,50.0,2019-03-26,PRICE_PERCENTILE
2025-03-18,半导体,3712.328,1.1812,43.62,50.0,2020-06-02,PRICE_PERCENTILE
2025-03-18,新能源,2953.836,1.7016,43.2,50.0,2020-04-03,PRICE_PERCENTILE
2025-03-18,沪深300,4007.723,1.4809,49.21,50.0,2009-07-10,PRICE_PERCENTILE
2025-03-18,消费,16618.189,2.2734,17.94,50.0,2015-03-24,PRICE_PERCENTILE
2025-03-18,科技,2228.644,2.2815,39.92,50.0,2011-09-20,PRICE_PERCENTILE
2025-03-19,医药,7990.388,0.904,13.97,50.0,2019-03-26,PRICE_PERCENTILE
2025-03-19,半导体,3692.516,1.1657,41.26,50.0,2020-06-02,PRICE_PERCENTILE
2025-03-19,新能源,2979.466,1.7107,43.83,50.0,2020-04-03,PRICE_PERCENTILE
2025-03-19,沪深300,4010.168,1.4818,49.44,50.0,2009-07-10,PRICE_PERCENTILE
2025-03-19,消费,16546.136,2.2639,17.22,50.0,2015-03-24,PRICE_PERCENTILE
2025-03-19,科技,2222.347,2.2754,38.97,50.0,2011-09-20,PRICE_PERCENTILE
2025-03-20,医药,7903.558,0.8946,12.38,50.0,2019-03-26,PRICE_PERCENTILE
2025-03-20,半导体,3688.189,1.1547,40.53,50.0,2020-06-02,PRICE_PERCENTILE
2025-03-20,新能源,2967.124,1.6989,43.55,50.0,2020-04-03,PRICE_PERCENTILE
2025-03-20,沪深300,3974.992,1.4694,44.92,50.0,2009-07-10,PRICE_PERCENTILE
2025-03-20,消费,16327.452,2.2357,14.13,50.0,2015-03-24,PRICE_PERCENTILE
2025-03-20,科技,2200.032,2.2538,35.95,50.0,2011-09-20,PRICE_PERCENTILE
2025-03-21,医药,7781.745,0.8816,9.6,50.0,2019-03-26,PRICE_PERCENTILE
2025-03-21,半导体,3673.206,1.1279,39.04,50.0,2020-06-02,PRICE_PERCENTILE
2025-03-21,新能源,2869.292,1.6493,40.77,50.0,2020-04-03,PRICE_PERCENTILE
2025-03-21,沪深300,3914.696,1.448,37.46,50.0,2009-07-10,PRICE_PERCENTILE
2025-03-21,消费,16146.457,2.2127,12.06,50.0,2015-03-24,PRICE_PERCENTILE
2025-03-21,科技,2152.279,2.2073,31.19,50.0,2011-09-20,PRICE_PERCENTILE
2025-03-24,医药,7745.705,0.8777,8.65,50.0,2019-03-26,PRICE_PERCENTILE
2025-03-24,半导体,3657.027,1.1346,36.86,50.0,2020-06-02,PRICE_PERCENTILE
2025-03-24,新能源,2875.588,1.6493,41.06,50.0,2020-04-03,PRICE_PERCENTILE
2025-03-24,沪深300,3934.849,1.4551,39.76,50.0,2009-07-10,PRICE_PERCENTILE
2025-03-24,消费,16187.187,2.2178,12.54,50.0,2015-03-24,PRICE_PERCENTILE
2025-03-24,科技,2152.555,2.2075,31.27,50.0,2011-09-20,PRICE_PERCENTILE
2025-03-25,医药,7779.383,0.8813,9.68,50.0,2019-03-26,PRICE_PERCENTILE
2025-03-25,半导体,3679.965,1.1154,39.91,50.0,2020-06-02,PRICE_PERCENTILE
2025-03-25,新能源,2859.817,1.6433,40.53,50.0,2020-04-03,PRICE_PERCENTILE
2025-03-25,沪深300,3932.295,1.4541,39.44,50.0,2009-07-10,PRICE_PERCENTILE
2025-03-25,消费,16209.881,2.2206,13.1,50.0,2015-03-24,PRICE_PERCENTILE
2025-03-25,科技,2145.479,2.2007,30.32,50.0,2011-09-20,PRICE_PERCENTILE
2025-03-26,医药,7764.917,0.8798,9.37,50.0,2019-03-26,PRICE_PERCENTILE
2025-03-26,半导体,3667.27,1.1113,38.42,50.0,2020-06-02,PRICE_PERCENTILE
2025-03-26,新能源,2868.22,1.6455,40.75,50.0,2020-04-03,PRICE_PERCENTILE
2025-03-26,沪深300,3919.357,1.4496,37.78,50.0,2009-07-10,PRICE_PERCENTILE
2025-03-26,消费,16259.056,2.2268,13.57,50.0,2015-03-24,PRICE_PERCENTILE
2025-03-26,科技,2139.902,2.1952,29.76,50.0,2011-09-20,PRICE_PERCENTILE
2025-03-27,医药,7931.232,0.8972,13.33,50.0,2019-03-26,PRICE_PERCENTILE
2025-03-27,半导体,3635.179,1.1187,33.68,50.0,2020-06-02,PRICE_PERCENTILE
2025-03-27,新能源,2890.427,1.6496,41.96,50.0,2020-04-03,PRICE_PERCENTILE
2025-03-27,沪深300,3932.412,1.4542,39.6,50.0,2009-07-10,PRICE_PERCENTILE
2025-03-27,消费,16398.857,2.2447,15.08,50.0,2015-03-24,PRICE_PERCENTILE
2025-03-27,科技,2145.095,2.2003,30.16,50.0,2011-09-20,PRICE_PERCENTILE
2025-03-28,医药,7900.641,0.894,12.7,50.0,2019-03-26,PRICE_PERCENTILE
2025-03-28,半导体,3604.255,1.103,29.28,50.0,2020-06-02,PRICE_PERCENTILE
2025-03-28,新能源,2865.954,1.6331,40.68,50.0,2020-04-03,PRICE_PERCENTILE
2025-03-28,沪深300,3915.166,1.4481,37.62,50.0,2009-07-10,PRICE_PERCENTILE
2025-03-28,消费,16279.777,2.2296,13.81,50.0,2015-03-24,PRICE_PERCENTILE
2025-03-28,科技,2128.209,2.1843,29.29,50.0,2011-09-20,PRICE_PERCENTILE
2025-03-31,医药,7824.913,0.8859,10.63,50.0,2019-03-26,PRICE_PERCENTILE
2025-03-31,半导体,3530.92,1.1009,16.77,50.0,2020-06-02,PRICE_PERCENTILE
2025-03-31,新能源,2822.468,1.6106,40.15,50.0,2020-04-03,PRICE_PERCENTILE
2025-03-31,沪深300,3887.306,1.4384,34.68,50.0,2009-07-10,PRICE_PERCENTILE
2025-03-31,消费,16126.993,2.2099,12.06,50.0,2015-03-24,PRICE_PERCENTILE
2025-03-31,科技,2103.699,2.1604,27.62,50.0,2011-09-20,PRICE_PERCENTILE
2025-04-01,医药,8059.694,0.9108,15.95,50.0,2019-03-26,PRICE_PERCENTILE
2025-04-01,半导体,3563.075,1.1036,22.74,50.0,2020-06-02,PRICE_PERCENTILE
2025-04-01,新能源,2797.149,1.6007,39.54,50.0,2020-04-03,PRICE_PERCENTILE
2025-04-01,沪深300,3887.684,1.4387,34.76,50.0,2009-07-10,PRICE_PERCENTILE
2025-04-01,消费,16217.904,2.2214,13.25,50.0,2015-03-24,PRICE_PERCENTILE
2025-04-01,科技,2101.878,2.1586,27.38,50.0,2011-09-20,PRICE_PERCENTILE
2025-04-02,医药,7979.824,0.9023,14.44,50.0,2019-03-26,PRICE_PERCENTILE
2025-04-02,半导体,3573.429,1.1026,24.59,50.0,2020-06-02,PRICE_PERCENTILE
2025-04-02,新能源,2800.552,1.6048,39.59,50.0,2020-04-03,PRICE_PERCENTILE
2025-04-02,沪深300,3884.386,1.4375,34.52,50.0,2009-07-10,PRICE_PERCENTILE
2025-04-02,消费,16179.49,2.2166,12.54,50.0,2015-03-24,PRICE_PERCENTILE
2025-04-02,科技,2104.625,2.1613,27.62,50.0,2011-09-20,PRICE_PERCENTILE
2025-04-03,医药,7942.784,0.8983,13.65,50.0,2019-03-26,PRICE_PERCENTILE
2025-04-03,半导体,3585.702,1.1007,26.71,50.0,2020-06-02,PRICE_PERCENTILE
2025-04-03,新能源,2761.531,1.5848,38.23,50.0,2020-04-03,PRICE_PERCENTILE
2025-04-03,沪深300,3861.503,1.4295,32.94,50.0,2009-07-10,PRICE_PERCENTILE
2025-04-03,消费,16377.323,2.2419,15.32,50.0,2015-03-24,PRICE_PERCENTILE
2025-04-03,科技,2065.403,2.1231,25.71,50.0,2011-09-20,PRICE_PERCENTILE
2025-04-07,医药,7395.472,0.8403,6.03,50.0,2019-03-26,PRICE_PERCENTILE
2025-04-07,半导体,3310.883,1.0162,2.47,50.0,2020-06-02,PRICE_PERCENTILE
2025-04-07,新能源,2451.758,1.4104,25.25,50.0,2020-04-03,PRICE_PERCENTILE
2025-04-07,沪深300,3589.441,1.3333,16.19,50.0,2009-07-10,PRICE_PERCENTILE
2025-04-07,消费,15816.361,2.1697,9.76,50.0,2015-03-24,PRICE_PERCENTILE
2025-04-07,科技,1807.206,1.8724,10.48,50.0,2011-09-20,PRICE_PERCENTILE
2025-04-08,医药,7452.787,0.8463,6.83,50.0,2019-03-26,PRICE_PERCENTILE
2025-04-08,半导体,3422.781,1.0149,8.52,50.0,2020-06-02,PRICE_PERCENTILE
2025-04-08,新能源,2466.232,1.4098,26.13,50.0,2020-04-03,PRICE_PERCENTILE
2025-04-08,沪深300,3650.759,1.3549,18.81,50.0,2009-07-10,PRICE_PERCENTILE
2025-04-08,消费,16450.083,2.2514,16.19,50.0,2015-03-24,PRICE_PERCENTILE
2025-04-08,科技,1840.312,1.9044,12.7,50.0,2011-09-20,PRICE_PERCENTILE
2025-04-09,医药,7462.848,0.8475,6.98,50.0,2019-03-26,PRICE_PERCENTILE
2025-04-09,半导体,3492.698,1.0656,13.36,50.0,2020-06-02,PRICE_PERCENTILE
2025-04-09,新能源,2470.551,1.4145,26.36,50.0,2020-04-03,PRICE_PERCENTILE
2025-04-09,沪深300,3686.794,1.3679,20.56,50.0,2009-07-10,PRICE_PERCENTILE
2025-04-09,消费,16719.632,2.2859,18.97,50.0,2015-03-24,PRICE_PERCENTILE
2025-04-09,科技,1858.356,1.9224,13.41,50.0,2011-09-20,PRICE_PERCENTILE
2025-04-10,医药,7573.883,0.8592,7.78,50.0,2019-03-26,PRICE_PERCENTILE
2025-04-10,半导体,3512.785,1.0749,14.88,50.0,2020-06-02,PRICE_PERCENTILE
2025-04-10,新能源,2540.868,1.4515,28.56,50.0,2020-04-03,PRICE_PERCENTILE
2025-04-10,沪深300,3735.115,1.3849,23.02,50.0,2009-07-10,PRICE_PERCENTILE
2025-04-10,消费,16738.342,2.2883,19.13,50.0,2015-03-24,PRICE_PERCENTILE
2025-04-10,科技,1900.528,1.9632,16.75,50.0,2011-09-20,PRICE_PERCENTILE
2025-04-11,医药,7566.709,0.8584,7.78,50.0,2019-03-26,PRICE_PERCENTILE
2025-04-11,半导体,3493.674,1.1142,13.51,50.0,2020-06-02,PRICE_PERCENTILE
2025-04-11,新能源,2596.289,1.4759,30.26,50.0,2020-04-03,PRICE_PERCENTILE
2025-04-11,沪深300,3750.517,1.3904,23.41,50.0,2009-07-10,PRICE_PERCENTILE
2025-04-11,消费,16511.382,2.259,16.98,50.0,2015-03-24,PRICE_PERCENTILE
2025-04-11,科技,1926.37,1.9889,18.17,50.0,2011-09-20,PRICE_PERCENTILE
2025-04-14,医药,7596.124,0.8615,7.94,50.0,2019-03-26,PRICE_PERCENTILE
2025-04-14,半导体,3508.88,1.1151,14.52,50.0,2020-06-02,PRICE_PERCENTILE
2025-04-14,新能源,2622.832,1.4839,31.88,50.0,2020-04-03,PRICE_PERCENTILE
2025-04-14,沪深300,3759.142,1.3934,24.05,50.0,2009-07-10,PRICE_PERCENTILE
2025-04-14,消费,16451.003,2.2511,16.03,50.0,2015-03-24,PRICE_PERCENTILE
2025-04-14,科技,1932.913,1.9953,18.41,50.0,2011-09-20,PRICE_PERCENTILE
2025-04-15,医药,7584.61,0.8602,7.94,50.0,2019-03-26,PRICE_PERCENTILE
2025-04-15,半导体,3491.485,1.1018,13.15,50.0,2020-06-02,PRICE_PERCENTILE
2025-04-15,新能源,2624.22,1.4845,32.02,50.0,2020-04-03,PRICE_PERCENTILE
2025-04-15,沪深300,3761.235,1.3941,24.21,50.0,2009-07-10,PRICE_PERCENTILE
2025-04-15,消费,16489.725,2.256,16.51,50.0,2015-03-24,PRICE_PERCENTILE
2025-04-15,科技,1930.399,1.9928,18.41,50.0,2011-09-20,PRICE_PERCENTILE
2025-04-16,医药,7552.148,0.8568,7.7,50.0,2019-03-26,PRICE_PERCENTILE
2025-04-16,半导体,3499.795,1.1156,13.98,50.0,2020-06-02,PRICE_PERCENTILE
2025-04-16,新能源,2587.005,1.4637,29.61,50.0,2020-04-03,PRICE_PERCENTILE
2025-04-16,沪深300,3772.82,1.3983,24.84,50.0,2009-07-10,PRICE_PERCENTILE
2025-04-16,消费,16568.668,2.2663,17.86,50.0,2015-03-24,PRICE_PERCENTILE
2025-04-16,科技,1907.109,1.9704,17.06,50.0,2011-09-20,PRICE_PERCENTILE
2025-04-17,医药,7546.114,0.8561,7.7,50.0,2019-03-26,PRICE_PERCENTILE
2025-04-17,半导体,3505.774,1.1182,14.56,50.0,2020-06-02,PRICE_PERCENTILE
2025-04-17,新能源,2572.455,1.4593,29.18,50.0,2020-04-03,PRICE_PERCENTILE
2025-04-17,沪深300,3772.222,1.3982,24.84,50.0,2009-07-10,PRICE_PERCENTILE
2025-04-17,消费,16655.492,2.2773,18.1,50.0,2015-03-24,PRICE_PERCENTILE
2025-04-17,科技,1908.776,1.972,17.14,50.0,2011-09-20,PRICE_PERCENTILE
2025-04-18,医药,7507.257,0.852,7.46,50.0,2019-03-26,PRICE_PERCENTILE
2025-04-18,半导体,3522.439,1.107,15.99,50.0,2020-06-02,PRICE_PERCENTILE
2025-04-18,新能源,2578.843,1.4651,29.32,50.0,2020-04-03,PRICE_PERCENTILE
2025-04-18,沪深300,3772.523,1.3987,24.92,50.0,2009-07-10,PRICE_PERCENTILE
2025-04-18,消费,16481.824,2.2557,16.03,50.0,2015-03-24,PRICE_PERCENTILE
2025-04-18,科技,1913.97,1.9771,17.54,50.0,2011-09-20,PRICE_PERCENTILE
2025-04-21,医药,7567.037,0.8583,8.1,50.0,2019-03-26,PRICE_PERCENTILE
2025-04-21,半导体,3518.625,1.119,15.72,50.0,2020-06-02,PRICE_PERCENTILE
2025-04-21,新能源,2626.864,1.4944,32.24,50.0,2020-04-03,PRICE_PERCENTILE
2025-04-21,沪深300,3784.881,1.403,25.87,50.0,2009-07-10,PRICE_PERCENTILE
2025-04-21,消费,16391.944,2.2439,14.76,50.0,2015-03-24,PRICE_PERCENTILE
2025-04-21,科技,1944.318,2.0068,19.21,50.0,2011-09-20,PRICE_PERCENTILE
2025-04-22,医药,7635.661,0.8656,8.49,50.0,2019-03-26,PRICE_PERCENTILE
2025-04-22,半导体,3534.451,1.1157,18.16,50.0,2020-06-02,PRICE_PERCENTILE
2025-04-22,新能源,2617.684,1.4875,31.89,50.0,2020-04-03,PRICE_PERCENTILE
2025-04-22,沪深300,3783.952,1.4035,25.63,50.0,2009-07-10,PRICE_PERCENTILE
2025-04-22,消费,16423.483,2.2486,15.08,50.0,2015-03-24,PRICE_PERCENTILE
2025-04-22,科技,1928.432,1.9989,18.57,50.0,2011-09-20,PRICE_PERCENTILE
2025-04-23,医药,7602.141,0.862,8.41,50.0,2019-03-26,PRICE_PERCENTILE
2025-04-23,半导体,3539.008,1.1123,19.07,50.0,2020-06-02,PRICE_PERCENTILE
2025-04-23,新能源,2672.237,1.5138,35.78,50.0,2020-04-03,PRICE_PERCENTILE
2025-04-23,沪深300,3786.882,1.4044,26.03,50.0,2009-07-10,PRICE_PERCENTILE
2025-04-23,消费,16312.398,2.2341,13.73,50.0,2015-03-24,PRICE_PERCENTILE
2025-04-23,科技,1949.162,2.0192,19.37,50.0,2011-09-20,PRICE_PERCENTILE
2025-04-24,医药,7621.969,0.8642,8.57,50.0,2019-03-26,PRICE_PERCENTILE
2025-04-24,半导体,3535.038,1.1001,18.38,50.0,2020-06-02,PRICE_PERCENTILE
2025-04-24,新能源,2666.316,1.51,35.51,50.0,2020-04-03,PRICE_PERCENTILE
2025-04-24,沪深300,3784.357,1.4035,25.95,50.0,2009-07-10,PRICE_PERCENTILE
2025-04-24,消费,16324.694,2.2357,13.73,50.0,2015-03-24,PRICE_PERCENTILE
2025-04-24,科技,1935.858,2.0062,18.89,50.0,2011-09-20,PRICE_PERCENTILE
2025-04-25,医药,7602.227,0.8621,8.49,50.0,2019-03-26,PRICE_PERCENTILE
2025-04-25,半导体,3551.109,1.0993,21.48,50.0,2020-06-02,PRICE_PERCENTILE
2025-04-25,新能源,2679.317,1.516,36.3,50.0,2020-04-03,PRICE_PERCENTILE
2025-04-25,沪深300,3786.994,1.4046,26.19,50.0,2009-07-10,PRICE_PERCENTILE
2025-04-25,消费,16239.993,2.2246,12.54,50.0,2015-03-24,PRICE_PERCENTILE
2025-04-25,科技,1947.186,2.0173,19.44,50.0,2011-09-20,PRICE_PERCENTILE
2025-04-28,医药,7571.662,0.8588,8.17,50.0,2019-03-26,PRICE_PERCENTILE
2025-04-28,半导体,3511.457,1.1022,14.98,50.0,2020-06-02,PRICE_PERCENTILE
2025-04-28,新能源,2641.642,1.4948,33.17,50.0,2020-04-03,PRICE_PERCENTILE
2025-04-28,沪深300,3781.619,1.4028,25.63,50.0,2009-07-10,PRICE_PERCENTILE
2025-04-28,消费,16225.509,2.2228,12.38,50.0,2015-03-24,PRICE_PERCENTILE
2025-04-28,科技,1934.457,2.0047,18.89,50.0,2011-09-20,PRICE_PERCENTILE
2025-04-29,医药,7605.886,0.8624,8.65,50.0,2019-03-26,PRICE_PERCENTILE
2025-04-29,半导体,3505.72,1.1131,14.47,50.0,2020-06-02,PRICE_PERCENTILE
2025-04-29,新能源,2644.202,1.5012,33.39,50.0,2020-04-03,PRICE_PERCENTILE
2025-04-29,沪深300,3775.077,1.4005,25.16,50.0,2009-07-10,PRICE_PERCENTILE
2025-04-29,消费,16175.975,2.2164,11.35,50.0,2015-03-24,PRICE_PERCENTILE
2025-04-29,科技,1931.942,2.0023,18.81,50.0,2011-09-20,PRICE_PERCENTILE
2025-04-30,医药,7666.501,0.8695,9.29,50.0,2019-03-26,PRICE_PERCENTILE
2025-04-30,半导体,3481.502,1.1202,12.61,50.0,2020-06-02,PRICE_PERCENTILE
2025-04-30,新能源,2674.259,1.5212,36.05,50.0,2020-04-03,PRICE_PERCENTILE
2025-04-30,沪深300,3770.571,1.3993,24.84,50.0,2009-07-10,PRICE_PERCENTILE
2025-04-30,消费,16217.928,2.2228,12.3,50.0,2015-03-24,PRICE_PERCENTILE
2025-04-30,科技,1948.03,2.0186,19.68,50.0,2011-09-20,PRICE_PERCENTILE
2025-05-06,医药,7721.578,0.8754,9.76,50.0,2019-03-26,PRICE_PERCENTILE
2025-05-06,半导体,3521.998,1.1374,16.12,50.0,2020-06-02,PRICE_PERCENTILE
2025-05-06,新能源,2716.487,1.5466,37.64,50.0,2020-04-03,PRICE_PERCENTILE
2025-05-06,沪深300,3808.542,1.4127,28.57,50.0,2009-07-10,PRICE_PERCENTILE
2025-05-06,消费,16235.919,2.2249,12.54,50.0,2015-03-24,PRICE_PERCENTILE
2025-05-06,科技,1986.409,2.0562,21.27,50.0,2011-09-20,PRICE_PERCENTILE
2025-05-07,医药,7706.627,0.8738,9.52,50.0,2019-03-26,PRICE_PERCENTILE
2025-05-07,半导体,3546.454,1.1345,21.06,50.0,2020-06-02,PRICE_PERCENTILE
2025-05-07,新能源,2717.512,1.5438,37.69,50.0,2020-04-03,PRICE_PERCENTILE
2025-05-07,沪深300,3831.627,1.4207,30.87,50.0,2009-07-10,PRICE_PERCENTILE
2025-05-07,消费,16273.116,2.2298,13.17,50.0,2015-03-24,PRICE_PERCENTILE
2025-05-07,科技,1996.51,2.0662,21.75,50.0,2011-09-20,PRICE_PERCENTILE
2025-05-08,医药,7719.913,0.8752,9.68,50.0,2019-03-26,PRICE_PERCENTILE
2025-05-08,半导体,3550.653,1.1269,21.79,50.0,2020-06-02,PRICE_PERCENTILE
2025-05-08,新能源,2739.142,1.5595,38.64,50.0,2020-04-03,PRICE_PERCENTILE
2025-05-08,沪深300,3852.896,1.4282,33.57,50.0,2009-07-10,PRICE_PERCENTILE
2025-05-08,消费,16303.597,2.2336,13.65,50.0,2015-03-24,PRICE_PERCENTILE
2025-05-08,科技,2029.452,2.0985,24.29,50.0,2011-09-20,PRICE_PERCENTILE
2025-05-09,医药,7721.462,0.8754,9.92,50.0,2019-03-26,PRICE_PERCENTILE
2025-05-09,半导体,3531.632,1.1057,17.84,50.0,2020-06-02,PRICE_PERCENTILE
2025-05-09,新能源,2739.408,1.5554,38.69,50.0,2020-04-03,PRICE_PERCENTILE
2025-05-09,沪深300,3846.157,1.4261,32.86,50.0,2009-07-10,PRICE_PERCENTILE
2025-05-09,消费,16316.393,2.2352,13.81,50.0,2015-03-24,PRICE_PERCENTILE
2025-05-09,科技,2011.767,2.0812,23.1,50.0,2011-09-20,PRICE_PERCENTILE
2025-05-12,医药,7701.015,0.8732,9.52,50.0,2019-03-26,PRICE_PERCENTILE
2025-05-12,半导体,3564.08,1.1099,24.35,50.0,2020-06-02,PRICE_PERCENTILE
2025-05-12,新能源,2797.499,1.5901,40.68,50.0,2020-04-03,PRICE_PERCENTILE
2025-05-12,沪深300,3890.61,1.4418,36.98,50.0,2009-07-10,PRICE_PERCENTILE
2025-05-12,消费,16330.636,2.237,14.05,50.0,2015-03-24,PRICE_PERCENTILE
2025-05-12,科技,2064.714,2.133,26.51,50.0,2011-09-20,PRICE_PERCENTILE
2025-05-13,医药,7775.686,0.8811,11.59,50.0,2019-03-26,PRICE_PERCENTILE
2025-05-13,半导体,3596.081,1.105,29.68,50.0,2020-06-02,PRICE_PERCENTILE
2025-05-13,新能源,2782.628,1.5827,39.92,50.0,2020-04-03,PRICE_PERCENTILE
2025-05-13,沪深300,3896.258,1.4438,37.78,50.0,2009-07-10,PRICE_PERCENTILE
2025-05-13,消费,16318.162,2.2354,13.73,50.0,2015-03-24,PRICE_PERCENTILE
2025-05-13,科技,2062.261,2.1307,26.19,50.0,2011-09-20,PRICE_PERCENTILE
2025-05-14,医药,7812.572,0.8853,12.38,50.0,2019-03-26,PRICE_PERCENTILE
2025-05-14,半导体,3617.045,1.1106,33.0,50.0,2020-06-02,PRICE_PERCENTILE
2025-05-14,新能源,2806.733,1.5936,41.02,50.0,2020-04-03,PRICE_PERCENTILE
2025-05-14,沪深300,3943.211,1.4605,42.78,50.0,2009-07-10,PRICE_PERCENTILE
2025-05-14,消费,16538.673,2.2637,17.22,50.0,2015-03-24,PRICE_PERCENTILE
2025-05-14,科技,2083.142,2.151,27.06,50.0,2011-09-20,PRICE_PERCENTILE
2025-05-15,医药,7809.512,0.885,12.38,50.0,2019-03-26,PRICE_PERCENTILE
2025-05-15,半导体,3584.559,1.0893,28.05,50.0,2020-06-02,PRICE_PERCENTILE
2025-05-15,新能源,2777.037,1.5712,39.61,50.0,2020-04-03,PRICE_PERCENTILE
2025-05-15,沪深300,3907.199,1.4481,38.65,50.0,2009-07-10,PRICE_PERCENTILE
2025-05-15,消费,16487.136,2.257,16.19,50.0,2015-03-24,PRICE_PERCENTILE
2025-05-15,科技,2043.247,2.112,25.32,50.0,2011-09-20,PRICE_PERCENTILE
2025-05-16,医药,7831.723,0.8874,13.1,50.0,2019-03-26,PRICE_PERCENTILE
2025-05-16,半导体,3565.865,1.0853,24.6,50.0,2020-06-02,PRICE_PERCENTILE
2025-05-16,新能源,2799.983,1.583,40.79,50.0,2020-04-03,PRICE_PERCENTILE
2025-05-16,沪深300,3889.085,1.4417,36.75,50.0,2009-07-10,PRICE_PERCENTILE
2025-05-16,消费,16320.617,2.2354,13.65,50.0,2015-03-24,PRICE_PERCENTILE
2025-05-16,科技,2039.445,2.1082,25.08,50.0,2011-09-20,PRICE_PERCENTILE
2025-05-19,医药,7803.352,0.8843,12.3,50.0,2019-03-26,PRICE_PERCENTILE
2025-05-19,半导体,3578.319,1.0902,26.67,50.0,2020-06-02,PRICE_PERCENTILE
2025-05-19,新能源,2785.708,1.5764,40.03,50.0,2020-04-03,PRICE_PERCENTILE
2025-05-19,沪深300,3877.145,1.4376,35.87,50.0,2009-07-10,PRICE_PERCENTILE
2025-05-19,消费,16230.561,2.2238,12.22,50.0,2015-03-24,PRICE_PERCENTILE
2025-05-19,科技,2032.756,2.1021,24.84,50.0,2011-09-20,PRICE_PERCENTILE
2025-05-20,医药,7912.853,0.896,15.48,50.0,2019-03-26,PRICE_PERCENTILE
2025-05-20,半导体,3589.317,1.0938,28.89,50.0,2020-06-02,PRICE_PERCENTILE
2025-05-20,新能源,2816.469,1.5887,41.45,50.0,2020-04-03,PRICE_PERCENTILE
2025-05-20,沪深300,3898.171,1.4452,38.02,50.0,2009-07-10,PRICE_PERCENTILE
2025-05-20,消费,16349.424,2.2392,14.44,50.0,2015-03-24,PRICE_PERCENTILE
2025-05-20,科技,2048.459,2.1175,25.79,50.0,2011-09-20,PRICE_PERCENTILE
2025-05-21,医药,7961.189,0.9029,16.27,50.0,2019-03-26,PRICE_PERCENTILE
2025-05-21,半导体,3591.065,1.0811,29.12,50.0,2020-06-02,PRICE_PERCENTILE
2025-05-21,新能源,2867.232,1.615,42.3,50.0,2020-04-03,PRICE_PERCENTILE
2025-05-21,沪深300,3916.381,1.4518,39.84,50.0,2009-07-10,PRICE_PERCENTILE
2025-05-21,消费,16358.006,2.2403,14.68,50.0,2015-03-24,PRICE_PERCENTILE
2025-05-21,科技,2065.39,2.1343,26.98,50.0,2011-09-20,PRICE_PERCENTILE
2025-05-22,医药,7915.497,0.8981,15.56,50.0,2019-03-26,PRICE_PERCENTILE
2025-05-22,半导体,3559.457,1.0795,23.44,50.0,2020-06-02,PRICE_PERCENTILE
2025-05-22,新能源,2835.263,1.5939,41.71,50.0,2020-04-03,PRICE_PERCENTILE
2025-05-22,沪深300,3913.865,1.451,39.6,50.0,2009-07-10,PRICE_PERCENTILE
2025-05-22,消费,16329.99,2.2364,14.05,50.0,2015-03-24,PRICE_PERCENTILE
2025-05-22,科技,2045.566,2.115,25.63,50.0,2011-09-20,PRICE_PERCENTILE
2025-05-23,医药,7931.819,0.9002,15.95,50.0,2019-03-26,PRICE_PERCENTILE
2025-05-23,半导体,3519.167,1.0668,15.78,50.0,2020-06-02,PRICE_PERCENTILE
2025-05-23,新能源,2842.048,1.5884,41.75,50.0,2020-04-03,PRICE_PERCENTILE
2025-05-23,沪深300,3882.274,1.44,36.03,50.0,2009-07-10,PRICE_PERCENTILE
2025-05-23,消费,16217.403,2.2238,11.9,50.0,2015-03-24,PRICE_PERCENTILE
2025-05-23,科技,2021.499,2.0919,23.97,50.0,2011-09-20,PRICE_PERCENTILE
2025-05-26,医药,7838.628,0.8904,13.41,50.0,2019-03-26,PRICE_PERCENTILE
2025-05-26,半导体,3536.204,1.071,19.0,50.0,2020-06-02,PRICE_PERCENTILE
2025-05-26,新能源,2768.382,1.5583,39.07,50.0,2020-04-03,PRICE_PERCENTILE
2025-05-26,沪深300,3860.107,1.4323,34.44,50.0,2009-07-10,PRICE_PERCENTILE
2025-05-26,消费,16161.259,2.2179,10.95,50.0,2015-03-24,PRICE_PERCENTILE
2025-05-26,科技,2005.259,2.077,22.7,50.0,2011-09-20,PRICE_PERCENTILE
2025-05-27,医药,7884.892,0.8955,14.52,50.0,2019-03-26,PRICE_PERCENTILE
2025-05-27,半导体,3519.834,1.0566,15.92,50.0,2020-06-02,PRICE_PERCENTILE
2025-05-27,新能源,2742.957,1.5479,38.63,50.0,2020-04-03,PRICE_PERCENTILE
2025-05-27,沪深300,3839.397,1.425,31.75,50.0,2009-07-10,PRICE_PERCENTILE
2025-05-27,消费,16157.87,2.2174,10.87,50.0,2015-03-24,PRICE_PERCENTILE
2025-05-27,科技,1991.643,2.0639,21.67,50.0,2011-09-20,PRICE_PERCENTILE
2025-05-28,医药,7877.09,0.8948,14.21,50.0,2019-03-26,PRICE_PERCENTILE
2025-05-28,半导体,3516.049,1.0488,15.41,50.0,2020-06-02,PRICE_PERCENTILE
2025-05-28,新能源,2709.584,1.5315,37.08,50.0,2020-04-03,PRICE_PERCENTILE
2025-05-28,沪深300,3836.237,1.4239,31.27,50.0,2009-07-10,PRICE_PERCENTILE
2025-05-28,消费,16234.055,2.2274,12.38,50.0,2015-03-24,PRICE_PERCENTILE
2025-05-28,科技,1985.383,2.0585,21.11,50.0,2011-09-20,PRICE_PERCENTILE
2025-05-29,医药,8005.215,0.9091,18.17,50.0,2019-03-26,PRICE_PERCENTILE
2025-05-29,半导体,3541.951,1.0669,20.28,50.0,2020-06-02,PRICE_PERCENTILE
2025-05-29,新能源,2725.551,1.5438,37.53,50.0,2020-04-03,PRICE_PERCENTILE
2025-05-29,沪深300,3858.7,1.432,34.37,50.0,2009-07-10,PRICE_PERCENTILE
2025-05-29,消费,16226.53,2.2264,12.22,50.0,2015-03-24,PRICE_PERCENTILE
2025-05-29,科技,2012.548,2.0861,23.33,50.0,2011-09-20,PRICE_PERCENTILE
2025-05-30,医药,8015.742,0.9103,18.33,50.0,2019-03-26,PRICE_PERCENTILE
2025-05-30,半导体,3534.911,1.0525,18.69,50.0,2020-06-02,PRICE_PERCENTILE
2025-05-30,新能源,2684.86,1.5189,36.3,50.0,2020-04-03,PRICE_PERCENTILE
2025-05-30,沪深300,3840.232,1.4257,31.83,50.0,2009-07-10,PRICE_PERCENTILE
2025-05-30,消费,16211.948,2.2246,11.75,50.0,2015-03-24,PRICE_PERCENTILE
2025-05-30,科技,1993.188,2.0678,21.67,50.0,2011-09-20,PRICE_PERCENTILE
2025-06-03,医药,8109.534,0.9202,19.84,50.0,2019-03-26,PRICE_PERCENTILE
2025-06-03,半导体,3532.137,1.0585,18.02,50.0,2020-06-02,PRICE_PERCENTILE
2025-06-03,新能源,2690.581,1.5202,36.43,50.0,2020-04-03,PRICE_PERCENTILE
2025-06-03,沪深300,3852.013,1.4298,33.57,50.0,2009-07-10,PRICE_PERCENTILE
2025-06-03,消费,16298.426,2.2357,13.33,50.0,2015-03-24,PRICE_PERCENTILE
2025-06-03,科技,2002.7,2.077,22.06,50.0,2011-09-20,PRICE_PERCENTILE
2025-06-04,医药,8168.125,0.9266,21.03,50.0,2019-03-26,PRICE_PERCENTILE
2025-06-04,半导体,3548.443,1.0645,21.88,50.0,2020-06-02,PRICE_PERCENTILE
2025-06-04,新能源,2716.841,1.5411,37.36,50.0,2020-04-03,PRICE_PERCENTILE
2025-06-04,沪深300,3868.743,1.4357,35.32,50.0,2009-07-10,PRICE_PERCENTILE
2025-06-04,消费,16340.842,2.2416,14.44,50.0,2015-03-24,PRICE_PERCENTILE
2025-06-04,科技,2024.933,2.0993,24.37,50.0,2011-09-20,PRICE_PERCENTILE
2025-06-05,医药,8093.155,0.919,19.68,50.0,2019-03-26,PRICE_PERCENTILE
2025-06-05,半导体,3544.24,1.0832,21.2,50.0,2020-06-02,PRICE_PERCENTILE
2025-06-05,新能源,2723.447,1.5439,37.65,50.0,2020-04-03,PRICE_PERCENTILE
2025-06-05,沪深300,3877.556,1.4396,36.11,50.0,2009-07-10,PRICE_PERCENTILE
2025-06-05,消费,16205.838,2.2262,11.27,50.0,2015-03-24,PRICE_PERCENTILE
2025-06-05,科技,2048.615,2.1225,25.95,50.0,2011-09-20,PRICE_PERCENTILE
2025-06-06,医药,8043.973,0.9139,18.81,50.0,2019-03-26,PRICE_PERCENTILE
2025-06-06,半导体,3574.571,1.0841,27.04,50.0,2020-06-02,PRICE_PERCENTILE
2025-06-06,新能源,2704.989,1.5384,37.06,50.0,2020-04-03,PRICE_PERCENTILE
2025-06-06,沪深300,3873.984,1.4392,35.87,50.0,2009-07-10,PRICE_PERCENTILE
2025-06-06,消费,16137.312,2.2285,10.24,50.0,2015-03-24,PRICE_PERCENTILE
2025-06-06,科技,2039.435,2.114,25.16,50.0,2011-09-20,PRICE_PERCENTILE
2025-06-09,医药,8155.57,0.9258,21.11,50.0,2019-03-26,PRICE_PERCENTILE
2025-06-09,半导体,3571.875,1.0837,26.28,50.0,2020-06-02,PRICE_PERCENTILE
2025-06-09,新能源,2694.823,1.5381,36.55,50.0,2020-04-03,PRICE_PERCENTILE
2025-06-09,沪深300,3885.246,1.4434,36.51,50.0,2009-07-10,PRICE_PERCENTILE
2025-06-09,消费,16180.38,2.2341,10.79,50.0,2015-03-24,PRICE_PERCENTILE
2025-06-09,科技,2061.291,2.1357,26.59,50.0,2011-09-20,PRICE_PERCENTILE
2025-06-10,医药,8176.897,0.9282,21.35,50.0,2019-03-26,PRICE_PERCENTILE
2025-06-10,半导体,3553.902,1.0601,22.96,50.0,2020-06-02,PRICE_PERCENTILE
2025-06-10,新能源,2681.678,1.5295,35.89,50.0,2020-04-03,PRICE_PERCENTILE
2025-06-10,沪深300,3865.465,1.4356,34.6,50.0,2009-07-10,PRICE_PERCENTILE
2025-06-10,消费,16069.8,2.2197,9.84,50.0,2015-03-24,PRICE_PERCENTILE
2025-06-10,科技,2037.271,2.1122,24.84,50.0,2011-09-20,PRICE_PERCENTILE
2025-06-11,医药,8152.812,0.9261,21.03,50.0,2019-03-26,PRICE_PERCENTILE
2025-06-11,半导体,3573.687,1.0567,26.73,50.0,2020-06-02,PRICE_PERCENTILE
2025-06-11,新能源,2723.982,1.5544,37.85,50.0,2020-04-03,PRICE_PERCENTILE
2025-06-11,沪深300,3894.625,1.4465,37.86,50.0,2009-07-10,PRICE_PERCENTILE
2025-06-11,消费,16197.712,2.2362,11.03,50.0,2015-03-24,PRICE_PERCENTILE
2025-06-11,科技,2061.867,2.1367,26.59,50.0,2011-09-20,PRICE_PERCENTILE
2025-06-12,医药,8264.268,0.9381,23.57,50.0,2019-03-26,PRICE_PERCENTILE
2025-06-12,半导体,3562.525,1.0492,24.32,50.0,2020-06-02,PRICE_PERCENTILE
2025-06-12,新能源,2713.744,1.5511,37.34,50.0,2020-04-03,PRICE_PERCENTILE
2025-06-12,沪深300,3892.199,1.4472,37.38,50.0,2009-07-10,PRICE_PERCENTILE
2025-06-12,消费,16010.025,2.2118,9.44,50.0,2015-03-24,PRICE_PERCENTILE
2025-06-12,科技,2067.154,2.1422,27.22,50.0,2011-09-20,PRICE_PERCENTILE
2025-06-13,医药,8115.118,0.9226,20.16,50.0,2019-03-26,PRICE_PERCENTILE
2025-06-13,半导体,3541.847,1.0488,20.28,50.0,2020-06-02,PRICE_PERCENTILE
2025-06-13,新能源,2675.332,1.5314,35.32,50.0,2020-04-03,PRICE_PERCENTILE
2025-06-13,沪深300,3864.182,1.438,34.29,50.0,2009-07-10,PRICE_PERCENTILE
2025-06-13,消费,15713.727,2.1738,7.3,50.0,2015-03-24,PRICE_PERCENTILE
2025-06-13,科技,2043.824,2.1204,25.4,50.0,2011-09-20,PRICE_PERCENTILE
2025-06-16,医药,8044.553,0.9149,18.89,50.0,2019-03-26,PRICE_PERCENTILE
2025-06-16,半导体,3544.608,1.0516,21.25,50.0,2020-06-02,PRICE_PERCENTILE
2025-06-16,新能源,2666.911,1.524,34.9,50.0,2020-04-03,PRICE_PERCENTILE
2025-06-16,沪深300,3873.795,1.4415,35.56,50.0,2009-07-10,PRICE_PERCENTILE
2025-06-16,消费,15639.277,2.164,6.9,50.0,2015-03-24,PRICE_PERCENTILE
2025-06-16,科技,2057.323,2.1335,26.19,50.0,2011-09-20,PRICE_PERCENTILE
2025-06-17,医药,7913.334,0.9012,15.79,50.0,2019-03-26,PRICE_PERCENTILE
2025-06-17,半导体,3555.745,1.0457,23.28,50.0,2020-06-02,PRICE_PERCENTILE
2025-06-17,新能源,2668.01,1.5303,34.95,50.0,2020-04-03,PRICE_PERCENTILE
2025-06-17,沪深300,3870.379,1.4403,35.08,50.0,2009-07-10,PRICE_PERCENTILE
2025-06-17,消费,15605.305,2.1602,6.59,50.0,2015-03-24,PRICE_PERCENTILE
2025-06-17,科技,2049.943,2.1264,25.71,50.0,2011-09-20,PRICE_PERCENTILE
2025-06-18,医药,7852.261,0.8949,13.65,50.0,2019-03-26,PRICE_PERCENTILE
2025-06-18,半导体,3536.56,1.0503,19.16,50.0,2020-06-02,PRICE_PERCENTILE
2025-06-18,新能源,2673.718,1.5308,35.32,50.0,2020-04-03,PRICE_PERCENTILE
2025-06-18,沪深300,3874.971,1.4422,35.63,50.0,2009-07-10,PRICE_PERCENTILE
2025-06-18,消费,15619.743,2.162,6.83,50.0,2015-03-24,PRICE_PERCENTILE
2025-06-18,科技,2054.729,2.1316,25.95,50.0,2011-09-20,PRICE_PERCENTILE
2025-06-19,医药,7769.057,0.8863,11.43,50.0,2019-03-26,PRICE_PERCENTILE
2025-06-19,半导体,3480.688,1.0499,12.27,50.0,2020-06-02,PRICE_PERCENTILE
2025-06-19,新能源,2654.359,1.5216,33.49,50.0,2020-04-03,PRICE_PERCENTILE
2025-06-19,沪深300,3843.091,1.4311,31.27,50.0,2009-07-10,PRICE_PERCENTILE
2025-06-19,消费,15503.097,2.1468,5.32,50.0,2015-03-24,PRICE_PERCENTILE
2025-06-19,科技,2026.817,2.1044,23.57,50.0,2011-09-20,PRICE_PERCENTILE
2025-06-20,医药,7775.273,0.8871,11.67,50.0,2019-03-26,PRICE_PERCENTILE
2025-06-20,半导体,3480.473,1.0433,12.26,50.0,2020-06-02,PRICE_PERCENTILE
2025-06-20,新能源,2640.374,1.5125,31.98,50.0,2020-04-03,PRICE_PERCENTILE
2025-06-20,沪深300,3846.644,1.4336,32.06,50.0,2009-07-10,PRICE_PERCENTILE
2025-06-20,消费,15617.494,2.162,6.83,50.0,2015-03-24,PRICE_PERCENTILE
2025-06-20,科技,2009.893,2.088,22.06,50.0,2011-09-20,PRICE_PERCENTILE
2025-06-23,医药,7803.738,0.8901,12.54,50.0,2019-03-26,PRICE_PERCENTILE
2025-06-23,半导体,3493.217,1.0542,13.24,50.0,2020-06-02,PRICE_PERCENTILE
2025-06-23,新能源,2667.308,1.5328,34.84,50.0,2020-04-03,PRICE_PERCENTILE
2025-06-23,沪深300,3857.902,1.4379,33.41,50.0,2009-07-10,PRICE_PERCENTILE
2025-06-23,消费,15474.853,2.1431,5.24,50.0,2015-03-24,PRICE_PERCENTILE
2025-06-23,科技,2017.634,2.0956,22.7,50.0,2011-09-20,PRICE_PERCENTILE
2025-06-24,医药,7878.361,0.898,14.84,50.0,2019-03-26,PRICE_PERCENTILE
2025-06-24,半导体,3560.318,1.0734,24.49,50.0,2020-06-02,PRICE_PERCENTILE
2025-06-24,新能源,2741.829,1.582,39.13,50.0,2020-04-03,PRICE_PERCENTILE
2025-06-24,沪深300,3904.034,1.4543,38.73,50.0,2009-07-10,PRICE_PERCENTILE
2025-06-24,消费,15604.076,2.1601,6.75,50.0,2015-03-24,PRICE_PERCENTILE
2025-06-24,科技,2064.135,2.1416,26.83,50.0,2011-09-20,PRICE_PERCENTILE
2025-06-25,医药,7944.658,0.9051,16.9,50.0,2019-03-26,PRICE_PERCENTILE
2025-06-25,半导体,3591.016,1.0897,30.42,50.0,2020-06-02,PRICE_PERCENTILE
2025-06-25,新能源,2794.856,1.6075,41.19,50.0,2020-04-03,PRICE_PERCENTILE
2025-06-25,沪深300,3960.066,1.4753,45.71,50.0,2009-07-10,PRICE_PERCENTILE
2025-06-25,消费,15666.119,2.1681,7.62,50.0,2015-03-24,PRICE_PERCENTILE
2025-06-25,科技,2128.392,2.205,30.48,50.0,2011-09-20,PRICE_PERCENTILE
2025-06-26,医药,7864.3,0.8966,14.37,50.0,2019-03-26,PRICE_PERCENTILE
2025-06-26,半导体,3584.32,1.0822,29.26,50.0,2020-06-02,PRICE_PERCENTILE
2025-06-26,新能源,2765.121,1.5952,39.68,50.0,2020-04-03,PRICE_PERCENTILE
2025-06-26,沪深300,3946.02,1.4718,43.73,50.0,2009-07-10,PRICE_PERCENTILE
2025-06-26,消费,15597.463,2.1663,6.59,50.0,2015-03-24,PRICE_PERCENTILE
2025-06-26,科技,2114.425,2.1913,29.21,50.0,2011-09-20,PRICE_PERCENTILE
2025-06-27,医药,7871.076,0.8975,14.52,50.0,2019-03-26,PRICE_PERCENTILE
2025-06-27,半导体,3589.811,1.0844,30.37,50.0,2020-06-02,PRICE_PERCENTILE
2025-06-27,新能源,2756.563,1.5914,39.44,50.0,2020-04-03,PRICE_PERCENTILE
2025-06-27,沪深300,3921.758,1.4641,40.4,50.0,2009-07-10,PRICE_PERCENTILE
2025-06-27,消费,15477.807,2.155,5.32,50.0,2015-03-24,PRICE_PERCENTILE
2025-06-27,科技,2124.344,2.2011,30.24,50.0,2011-09-20,PRICE_PERCENTILE
2025-06-30,医药,7928.488,0.904,16.75,50.0,2019-03-26,PRICE_PERCENTILE
2025-06-30,半导体,3592.219,1.0977,30.68,50.0,2020-06-02,PRICE_PERCENTILE
2025-06-30,新能源,2771.101,1.5977,39.84,50.0,2020-04-03,PRICE_PERCENTILE
2025-06-30,沪深300,3936.079,1.4704,42.54,50.0,2009-07-10,PRICE_PERCENTILE
2025-06-30,消费,15522.03,2.1607,5.79,50.0,2015-03-24,PRICE_PERCENTILE
2025-06-30,科技,2153.014,2.2294,32.22,50.0,2011-09-20,PRICE_PERCENTILE
2025-07-01,医药,8013.459,0.913,19.13,50.0,2019-03-26,PRICE_PERCENTILE
2025-07-01,半导体,3584.37,1.0898,29.35,50.0,2020-06-02,PRICE_PERCENTILE
2025-07-01,新能源,2766.467,1.59,39.6,50.0,2020-04-03,PRICE_PERCENTILE
2025-07-01,沪深300,3942.762,1.4728,43.17,50.0,2009-07-10,PRICE_PERCENTILE
2025-07-01,消费,15537.877,2.1627,6.03,50.0,2015-03-24,PRICE_PERCENTILE
2025-07-01,科技,2147.919,2.2244,31.43,50.0,2011-09-20,PRICE_PERCENTILE
2025-07-02,医药,7950.282,0.9063,17.3,50.0,2019-03-26,PRICE_PERCENTILE
2025-07-02,半导体,3605.818,1.0699,32.98,50.0,2020-06-02,PRICE_PERCENTILE
2025-07-02,新能源,2755.311,1.5861,39.21,50.0,2020-04-03,PRICE_PERCENTILE
2025-07-02,沪深300,3943.685,1.473,43.25,50.0,2009-07-10,PRICE_PERCENTILE
2025-07-02,消费,15541.68,2.1632,6.19,50.0,2015-03-24,PRICE_PERCENTILE
2025-07-02,科技,2123.719,2.2006,29.68,50.0,2011-09-20,PRICE_PERCENTILE
2025-07-03,医药,8023.384,0.9141,19.52,50.0,2019-03-26,PRICE_PERCENTILE
2025-07-03,半导体,3608.314,1.0731,33.28,50.0,2020-06-02,PRICE_PERCENTILE
2025-07-03,新能源,2806.071,1.6113,41.67,50.0,2020-04-03,PRICE_PERCENTILE
2025-07-03,沪深300,3968.068,1.4818,46.59,50.0,2009-07-10,PRICE_PERCENTILE
2025-07-03,消费,15591.359,2.1697,6.9,50.0,2015-03-24,PRICE_PERCENTILE
2025-07-03,科技,2164.088,2.2403,32.7,50.0,2011-09-20,PRICE_PERCENTILE
2025-07-04,医药,8043.0,0.9167,19.84,50.0,2019-03-26,PRICE_PERCENTILE
2025-07-04,半导体,3609.544,1.072,33.33,50.0,2020-06-02,PRICE_PERCENTILE
2025-07-04,新能源,2778.582,1.588,40.32,50.0,2020-04-03,PRICE_PERCENTILE
2025-07-04,沪深300,3982.203,1.4869,48.25,50.0,2009-07-10,PRICE_PERCENTILE
2025-07-04,消费,15618.922,2.1733,7.54,50.0,2015-03-24,PRICE_PERCENTILE
2025-07-04,科技,2156.234,2.2328,32.38,50.0,2011-09-20,PRICE_PERCENTILE
2025-07-07,医药,7940.774,0.9057,17.06,50.0,2019-03-26,PRICE_PERCENTILE
2025-07-07,半导体,3630.023,1.0687,36.63,50.0,2020-06-02,PRICE_PERCENTILE
2025-07-07,新能源,2753.519,1.5737,38.97,50.0,2020-04-03,PRICE_PERCENTILE
2025-07-07,沪深300,3965.175,1.4815,46.19,50.0,2009-07-10,PRICE_PERCENTILE
2025-07-07,消费,15506.792,2.1617,5.56,50.0,2015-03-24,PRICE_PERCENTILE
2025-07-07,科技,2130.186,2.2071,30.24,50.0,2011-09-20,PRICE_PERCENTILE
2025-07-08,医药,7973.503,0.9092,18.1,50.0,2019-03-26,PRICE_PERCENTILE
2025-07-08,半导体,3646.425,1.082,39.43,50.0,2020-06-02,PRICE_PERCENTILE
2025-07-08,新能源,2789.508,1.5948,40.63,50.0,2020-04-03,PRICE_PERCENTILE
2025-07-08,沪深300,3998.453,1.4934,50.56,50.0,2009-07-10,PRICE_PERCENTILE
2025-07-08,消费,15566.031,2.1694,6.67,50.0,2015-03-24,PRICE_PERCENTILE
2025-07-08,科技,2181.077,2.2571,34.21,50.0,2011-09-20,PRICE_PERCENTILE
2025-07-09,医药,8016.927,0.914,19.52,50.0,2019-03-26,PRICE_PERCENTILE
2025-07-09,半导体,3659.99,1.0715,41.1,50.0,2020-06-02,PRICE_PERCENTILE
2025-07-09,新能源,2787.737,1.5902,40.56,50.0,2020-04-03,PRICE_PERCENTILE
2025-07-09,沪深300,3991.401,1.491,49.6,50.0,2009-07-10,PRICE_PERCENTILE
2025-07-09,消费,15670.074,2.183,8.41,50.0,2015-03-24,PRICE_PERCENTILE
2025-07-09,科技,2184.675,2.2607,34.6,50.0,2011-09-20,PRICE_PERCENTILE
2025-07-10,医药,8066.293,0.9194,20.71,50.0,2019-03-26,PRICE_PERCENTILE
2025-07-10,半导体,3692.139,1.0672,44.7,50.0,2020-06-02,PRICE_PERCENTILE
2025-07-10,新能源,2781.351,1.5877,40.16,50.0,2020-04-03,PRICE_PERCENTILE
2025-07-10,沪深300,4010.024,1.4984,51.67,50.0,2009-07-10,PRICE_PERCENTILE
2025-07-10,消费,15673.441,2.1835,8.49,50.0,2015-03-24,PRICE_PERCENTILE
2025-07-10,科技,2189.577,2.2655,34.92,50.0,2011-09-20,PRICE_PERCENTILE
2025-07-11,医药,8160.607,0.9295,22.86,50.0,2019-03-26,PRICE_PERCENTILE
2025-07-11,半导体,3685.021,1.0839,43.78,50.0,2020-06-02,PRICE_PERCENTILE
2025-07-11,新能源,2790.32,1.596,40.71,50.0,2020-04-03,PRICE_PERCENTILE
2025-07-11,沪深300,4014.807,1.5022,52.3,50.0,2009-07-10,PRICE_PERCENTILE
2025-07-11,消费,15742.61,2.1925,9.29,50.0,2015-03-24,PRICE_PERCENTILE
2025-07-11,科技,2207.097,2.2828,37.46,50.0,2011-09-20,PRICE_PERCENTILE
2025-07-14,医药,8171.245,0.9307,23.1,50.0,2019-03-26,PRICE_PERCENTILE
2025-07-14,半导体,3705.928,1.0784,46.09,50.0,2020-06-02,PRICE_PERCENTILE
2025-07-14,新能源,2787.601,1.5987,40.32,50.0,2020-04-03,PRICE_PERCENTILE
2025-07-14,沪深300,4017.668,1.5037,52.7,50.0,2009-07-10,PRICE_PERCENTILE
2025-07-14,消费,15774.784,2.1966,9.44,50.0,2015-03-24,PRICE_PERCENTILE
2025-07-14,科技,2197.068,2.273,35.95,50.0,2011-09-20,PRICE_PERCENTILE
2025-07-15,医药,8179.982,0.9317,23.25,50.0,2019-03-26,PRICE_PERCENTILE
2025-07-15,半导体,3680.97,1.0772,43.47,50.0,2020-06-02,PRICE_PERCENTILE
2025-07-15,新能源,2785.933,1.5905,40.24,50.0,2020-04-03,PRICE_PERCENTILE
2025-07-15,沪深300,4019.064,1.5043,52.86,50.0,2009-07-10,PRICE_PERCENTILE
2025-07-15,消费,15619.216,2.1761,7.78,50.0,2015-03-24,PRICE_PERCENTILE
2025-07-15,科技,2235.049,2.3102,40.63,50.0,2011-09-20,PRICE_PERCENTILE
2025-07-16,医药,8227.716,0.9368,24.84,50.0,2019-03-26,PRICE_PERCENTILE
2025-07-16,半导体,3664.001,1.0801,41.5,50.0,2020-06-02,PRICE_PERCENTILE
2025-07-16,新能源,2782.82,1.594,40.0,50.0,2020-04-03,PRICE_PERCENTILE
2025-07-16,沪深300,4007.202,1.5009,51.19,50.0,2009-07-10,PRICE_PERCENTILE
2025-07-16,消费,15675.0,2.1835,8.65,50.0,2015-03-24,PRICE_PERCENTILE
2025-07-16,科技,2230.194,2.3054,40.32,50.0,2011-09-20,PRICE_PERCENTILE
2025-07-17,医药,8353.341,0.9502,26.9,50.0,2019-03-26,PRICE_PERCENTILE
2025-07-17,半导体,3651.286,1.0875,39.77,50.0,2020-06-02,PRICE_PERCENTILE
2025-07-17,新能源,2819.938,1.6195,42.3,50.0,2020-04-03,PRICE_PERCENTILE
2025-07-17,沪深300,4034.491,1.5115,53.97,50.0,2009-07-10,PRICE_PERCENTILE
2025-07-17,消费,15764.154,2.1951,9.6,50.0,2015-03-24,PRICE_PERCENTILE
2025-07-17,科技,2269.327,2.3439,43.97,50.0,2011-09-20,PRICE_PERCENTILE
2025-07-18,医药,8432.393,0.9589,27.62,50.0,2019-03-26,PRICE_PERCENTILE
2025-07-18,半导体,3662.041,1.0925,41.27,50.0,2020-06-02,PRICE_PERCENTILE
2025-07-18,新能源,2850.125,1.6363,42.54,50.0,2020-04-03,PRICE_PERCENTILE
2025-07-18,沪深300,4058.549,1.5218,55.24,50.0,2009-07-10,PRICE_PERCENTILE
2025-07-18,消费,15886.779,2.2163,10.4,50.0,2015-03-24,PRICE_PERCENTILE
2025-07-18,科技,2277.152,2.3516,44.37,50.0,2011-09-20,PRICE_PERCENTILE
2025-07-21,医药,8402.57,0.9556,27.3,50.0,2019-03-26,PRICE_PERCENTILE
2025-07-21,半导体,3818.357,1.0917,55.79,50.0,2020-06-02,PRICE_PERCENTILE
2025-07-21,新能源,2882.88,1.6518,44.13,50.0,2020-04-03,PRICE_PERCENTILE
2025-07-21,沪深300,4085.607,1.5315,56.35,50.0,2009-07-10,PRICE_PERCENTILE
2025-07-21,消费,15964.539,2.2266,11.11,50.0,2015-03-24,PRICE_PERCENTILE
2025-07-21,科技,2296.883,2.3708,45.71,50.0,2011-09-20,PRICE_PERCENTILE
2025-07-22,医药,8452.104,0.961,27.94,50.0,2019-03-26,PRICE_PERCENTILE
2025-07-22,半导体,3981.775,1.0938,68.35,50.0,2020-06-02,PRICE_PERCENTILE
2025-07-22,新能源,2917.813,1.6735,44.92,50.0,2020-04-03,PRICE_PERCENTILE
2025-07-22,沪深300,4118.958,1.5435,58.97,50.0,2009-07-10,PRICE_PERCENTILE
2025-07-22,消费,16292.358,2.2695,15.32,50.0,2015-03-24,PRICE_PERCENTILE
2025-07-22,科技,2310.856,2.3844,46.51,50.0,2011-09-20,PRICE_PERCENTILE
2025-07-23,医药,8450.897,0.9608,27.94,50.0,2019-03-26,PRICE_PERCENTILE
2025-07-23,半导体,3942.448,1.1029,65.01,50.0,2020-06-02,PRICE_PERCENTILE
2025-07-23,新能源,2905.307,1.664,44.6,50.0,2020-04-03,PRICE_PERCENTILE
2025-07-23,沪深300,4119.769,1.544,58.97,50.0,2009-07-10,PRICE_PERCENTILE
2025-07-23,消费,16252.279,2.2641,14.6,50.0,2015-03-24,PRICE_PERCENTILE
2025-07-23,科技,2310.671,2.3841,46.35,50.0,2011-09-20,PRICE_PERCENTILE
2025-07-24,医药,8633.141,0.9803,29.52,50.0,2019-03-26,PRICE_PERCENTILE
2025-07-24,半导体,4005.93,1.1167,70.41,50.0,2020-06-02,PRICE_PERCENTILE
2025-07-24,新能源,2960.717,1.7055,46.03,50.0,2020-04-03,PRICE_PERCENTILE
2025-07-24,沪深300,4149.037,1.5545,60.79,50.0,2009-07-10,PRICE_PERCENTILE
2025-07-24,消费,16279.638,2.2677,15.08,50.0,2015-03-24,PRICE_PERCENTILE
2025-07-24,科技,2345.367,2.4175,49.29,50.0,2011-09-20,PRICE_PERCENTILE
2025-07-25,医药,8609.82,0.9779,29.52,50.0,2019-03-26,PRICE_PERCENTILE
2025-07-25,半导体,3911.516,1.1412,62.66,50.0,2020-06-02,PRICE_PERCENTILE
2025-07-25,新能源,2948.424,1.702,45.48,50.0,2020-04-03,PRICE_PERCENTILE
2025-07-25,沪深300,4127.163,1.5474,59.29,50.0,2009-07-10,PRICE_PERCENTILE
2025-07-25,消费,16106.872,2.2451,11.98,50.0,2015-03-24,PRICE_PERCENTILE
2025-07-25,科技,2340.056,2.4134,48.57,50.0,2011-09-20,PRICE_PERCENTILE
2025-07-28,医药,8754.279,0.9932,30.16,50.0,2019-03-26,PRICE_PERCENTILE
2025-07-28,半导体,3868.441,1.1398,60.69,50.0,2020-06-02,PRICE_PERCENTILE
2025-07-28,新能源,2961.771,1.7061,46.03,50.0,2020-04-03,PRICE_PERCENTILE
2025-07-28,沪深300,4135.824,1.5508,59.84,50.0,2009-07-10,PRICE_PERCENTILE
2025-07-28,消费,16008.013,2.2321,11.43,50.0,2015-03-24,PRICE_PERCENTILE
2025-07-28,科技,2362.6,2.4355,50.48,50.0,2011-09-20,PRICE_PERCENTILE
2025-07-29,医药,8935.442,1.0123,32.38,50.0,2019-03-26,PRICE_PERCENTILE
2025-07-29,半导体,3881.789,1.1549,61.36,50.0,2020-06-02,PRICE_PERCENTILE
2025-07-29,新能源,2962.669,1.7101,46.11,50.0,2020-04-03,PRICE_PERCENTILE
2025-07-29,沪深300,4152.025,1.5568,60.95,50.0,2009-07-10,PRICE_PERCENTILE
2025-07-29,消费,15916.7,2.2206,10.87,50.0,2015-03-24,PRICE_PERCENTILE
2025-07-29,科技,2406.594,2.4784,54.21,50.0,2011-09-20,PRICE_PERCENTILE
2025-07-30,医药,8959.676,1.015,32.94,50.0,2019-03-26,PRICE_PERCENTILE
2025-07-30,半导体,3850.892,1.1439,58.83,50.0,2020-06-02,PRICE_PERCENTILE
2025-07-30,新能源,2895.277,1.6721,43.97,50.0,2020-04-03,PRICE_PERCENTILE
2025-07-30,沪深300,4151.238,1.5565,60.87,50.0,2009-07-10,PRICE_PERCENTILE
2025-07-30,消费,16048.864,2.2376,11.98,50.0,2015-03-24,PRICE_PERCENTILE
2025-07-30,科技,2367.684,2.4404,50.71,50.0,2011-09-20,PRICE_PERCENTILE
2025-07-31,医药,8817.034,0.9997,30.95,50.0,2019-03-26,PRICE_PERCENTILE
2025-07-31,半导体,3803.247,1.1288,54.39,50.0,2020-06-02,PRICE_PERCENTILE
2025-07-31,新能源,2825.35,1.6338,41.67,50.0,2020-04-03,PRICE_PERCENTILE
2025-07-31,沪深300,4075.591,1.5299,55.24,50.0,2009-07-10,PRICE_PERCENTILE
2025-07-31,消费,15694.811,2.1912,8.97,50.0,2015-03-24,PRICE_PERCENTILE
2025-07-31,科技,2328.313,2.4019,47.14,50.0,2011-09-20,PRICE_PERCENTILE
2025-08-01,医药,8752.883,0.993,30.16,50.0,2019-03-26,PRICE_PERCENTILE
2025-08-01,半导体,3787.076,1.1161,53.47,50.0,2020-06-02,PRICE_PERCENTILE
2025-08-01,新能源,2820.134,1.6289,41.51,50.0,2020-04-03,PRICE_PERCENTILE
2025-08-01,沪深300,4054.929,1.5225,54.37,50.0,2009-07-10,PRICE_PERCENTILE
2025-08-01,消费,15690.563,2.1907,8.89,50.0,2015-03-24,PRICE_PERCENTILE
2025-08-01,科技,2322.627,2.3962,46.83,50.0,2011-09-20,PRICE_PERCENTILE
2025-08-04,医药,8768.612,0.9947,30.56,50.0,2019-03-26,PRICE_PERCENTILE
2025-08-04,半导体,3787.413,1.1266,53.51,50.0,2020-06-02,PRICE_PERCENTILE
2025-08-04,新能源,2839.129,1.6368,41.75,50.0,2020-04-03,PRICE_PERCENTILE
2025-08-04,沪深300,4070.702,1.5281,55.0,50.0,2009-07-10,PRICE_PERCENTILE
2025-08-04,消费,15727.753,2.1953,9.29,50.0,2015-03-24,PRICE_PERCENTILE
2025-08-04,科技,2334.323,2.4074,47.46,50.0,2011-09-20,PRICE_PERCENTILE
2025-08-05,医药,8806.202,0.9988,30.95,50.0,2019-03-26,PRICE_PERCENTILE
2025-08-05,半导体,3802.668,1.1297,54.42,50.0,2020-06-02,PRICE_PERCENTILE
2025-08-05,新能源,2848.777,1.6418,41.83,50.0,2020-04-03,PRICE_PERCENTILE
2025-08-05,沪深300,4103.45,1.5398,57.22,50.0,2009-07-10,PRICE_PERCENTILE
2025-08-05,消费,15881.388,2.2155,10.63,50.0,2015-03-24,PRICE_PERCENTILE
2025-08-05,科技,2343.376,2.4169,48.81,50.0,2011-09-20,PRICE_PERCENTILE
2025-08-06,医药,8776.561,0.9957,30.63,50.0,2019-03-26,PRICE_PERCENTILE
2025-08-06,半导体,3793.585,1.137,53.58,50.0,2020-06-02,PRICE_PERCENTILE
2025-08-06,新能源,2867.991,1.6554,42.54,50.0,2020-04-03,PRICE_PERCENTILE
2025-08-06,沪深300,4113.485,1.5434,58.25,50.0,2009-07-10,PRICE_PERCENTILE
2025-08-06,消费,15896.15,2.2173,11.03,50.0,2015-03-24,PRICE_PERCENTILE
2025-08-06,科技,2358.955,2.4321,50.08,50.0,2011-09-20,PRICE_PERCENTILE
2025-08-07,医药,8701.976,0.9876,29.92,50.0,2019-03-26,PRICE_PERCENTILE
2025-08-07,半导体,3795.923,1.1403,53.86,50.0,2020-06-02,PRICE_PERCENTILE
2025-08-07,新能源,2865.332,1.6529,42.3,50.0,2020-04-03,PRICE_PERCENTILE
2025-08-07,沪深300,4114.666,1.5438,58.25,50.0,2009-07-10,PRICE_PERCENTILE
2025-08-07,消费,15895.69,2.2173,11.03,50.0,2015-03-24,PRICE_PERCENTILE
2025-08-07,科技,2342.861,2.4165,48.41,50.0,2011-09-20,PRICE_PERCENTILE
2025-08-08,医药,8679.914,0.9852,29.84,50.0,2019-03-26,PRICE_PERCENTILE
2025-08-08,半导体,3845.02,1.1216,58.27,50.0,2020-06-02,PRICE_PERCENTILE
2025-08-08,新能源,2854.188,1.6497,41.83,50.0,2020-04-03,PRICE_PERCENTILE
2025-08-08,沪深300,4104.967,1.5408,57.3,50.0,2009-07-10,PRICE_PERCENTILE
2025-08-08,消费,15830.537,2.2132,10.4,50.0,2015-03-24,PRICE_PERCENTILE
2025-08-08,科技,2333.959,2.4078,47.14,50.0,2011-09-20,PRICE_PERCENTILE
2025-08-11,医药,8744.248,0.9921,30.32,50.0,2019-03-26,PRICE_PERCENTILE
2025-08-11,半导体,3861.848,1.1268,60.05,50.0,2020-06-02,PRICE_PERCENTILE
2025-08-11,新能源,2926.925,1.7009,44.76,50.0,2020-04-03,PRICE_PERCENTILE
2025-08-11,沪深300,4122.511,1.547,58.65,50.0,2009-07-10,PRICE_PERCENTILE
2025-08-11,消费,15980.834,2.233,12.06,50.0,2015-03-24,PRICE_PERCENTILE
2025-08-11,科技,2379.816,2.4526,52.14,50.0,2011-09-20,PRICE_PERCENTILE
2025-08-12,医药,8737.625,0.9914,30.32,50.0,2019-03-26,PRICE_PERCENTILE
2025-08-12,半导体,3863.599,1.1572,60.4,50.0,2020-06-02,PRICE_PERCENTILE
2025-08-12,新能源,2929.017,1.6984,44.76,50.0,2020-04-03,PRICE_PERCENTILE
2025-08-12,沪深300,4143.825,1.5547,60.16,50.0,2009-07-10,PRICE_PERCENTILE
2025-08-12,消费,15956.946,2.2297,11.75,50.0,2015-03-24,PRICE_PERCENTILE
2025-08-12,科技,2409.398,2.4813,54.21,50.0,2011-09-20,PRICE_PERCENTILE
2025-08-13,医药,8903.117,1.009,32.7,50.0,2019-03-26,PRICE_PERCENTILE
2025-08-13,半导体,3865.607,1.165,60.48,50.0,2020-06-02,PRICE_PERCENTILE
2025-08-13,新能源,2966.047,1.7139,46.11,50.0,2020-04-03,PRICE_PERCENTILE
2025-08-13,沪深300,4176.578,1.5664,62.06,50.0,2009-07-10,PRICE_PERCENTILE
2025-08-13,消费,15967.021,2.2317,11.98,50.0,2015-03-24,PRICE_PERCENTILE
2025-08-13,科技,2496.504,2.5655,58.73,50.0,2011-09-20,PRICE_PERCENTILE
2025-08-14,医药,8827.889,1.001,31.75,50.0,2019-03-26,PRICE_PERCENTILE
2025-08-14,半导体,3807.341,1.1847,54.68,50.0,2020-06-02,PRICE_PERCENTILE
2025-08-14,新能源,2949.333,1.6957,45.24,50.0,2020-04-03,PRICE_PERCENTILE
2025-08-14,沪深300,4173.313,1.5656,61.75,50.0,2009-07-10,PRICE_PERCENTILE
2025-08-14,消费,15913.848,2.2246,11.43,50.0,2015-03-24,PRICE_PERCENTILE
2025-08-14,科技,2469.656,2.5399,58.17,50.0,2011-09-20,PRICE_PERCENTILE
2025-08-15,医药,8893.994,1.008,32.78,50.0,2019-03-26,PRICE_PERCENTILE
2025-08-15,半导体,3820.446,1.1993,55.48,50.0,2020-06-02,PRICE_PERCENTILE
2025-08-15,新能源,3004.62,1.73,47.14,50.0,2020-04-03,PRICE_PERCENTILE
2025-08-15,沪深300,4202.353,1.576,63.33,50.0,2009-07-10,PRICE_PERCENTILE
2025-08-15,消费,15952.136,2.2297,11.83,50.0,2015-03-24,PRICE_PERCENTILE
2025-08-15,科技,2534.219,2.6037,59.68,50.0,2011-09-20,PRICE_PERCENTILE
2025-08-18,医药,8951.707,1.0141,33.81,50.0,2019-03-26,PRICE_PERCENTILE
2025-08-18,半导体,3822.9,1.2172,55.79,50.0,2020-06-02,PRICE_PERCENTILE
2025-08-18,新能源,3051.022,1.7522,48.17,50.0,2020-04-03,PRICE_PERCENTILE
2025-08-18,沪深300,4239.413,1.5892,64.44,50.0,2009-07-10,PRICE_PERCENTILE
2025-08-18,消费,16035.81,2.2404,12.86,50.0,2015-03-24,PRICE_PERCENTILE
2025-08-18,科技,2606.202,2.672,63.89,50.0,2011-09-20,PRICE_PERCENTILE
2025-08-19,医药,8847.701,1.0031,31.98,50.0,2019-03-26,PRICE_PERCENTILE
2025-08-19,半导体,3822.658,1.1978,55.71,50.0,2020-06-02,PRICE_PERCENTILE
2025-08-19,新能源,3050.281,1.7543,48.1,50.0,2020-04-03,PRICE_PERCENTILE
2025-08-19,沪深300,4223.374,1.5834,63.73,50.0,2009-07-10,PRICE_PERCENTILE
2025-08-19,消费,16167.786,2.2576,13.97,50.0,2015-03-24,PRICE_PERCENTILE
2025-08-19,科技,2601.743,2.6676,63.73,50.0,2011-09-20,PRICE_PERCENTILE
2025-08-20,医药,8913.434,1.0101,33.02,50.0,2019-03-26,PRICE_PERCENTILE
2025-08-20,半导体,3829.538,1.2424,56.67,50.0,2020-06-02,PRICE_PERCENTILE
2025-08-20,新能源,3070.101,1.7654,49.37,50.0,2020-04-03,PRICE_PERCENTILE
2025-08-20,沪深300,4271.396,1.6008,65.56,50.0,2009-07-10,PRICE_PERCENTILE
2025-08-20,消费,16372.434,2.2843,18.57,50.0,2015-03-24,PRICE_PERCENTILE
2025-08-20,科技,2607.653,2.6749,63.89,50.0,2011-09-20,PRICE_PERCENTILE
2025-08-21,医药,8993.515,1.0186,34.44,50.0,2019-03-26,PRICE_PERCENTILE
2025-08-21,半导体,3853.071,1.2462,58.97,50.0,2020-06-02,PRICE_PERCENTILE
2025-08-21,新能源,3043.582,1.7496,47.62,50.0,2020-04-03,PRICE_PERCENTILE
2025-08-21,沪深300,4288.071,1.6068,65.87,50.0,2009-07-10,PRICE_PERCENTILE
2025-08-21,消费,16463.058,2.2961,19.76,50.0,2015-03-24,PRICE_PERCENTILE
2025-08-21,科技,2595.465,2.663,63.33,50.0,2011-09-20,PRICE_PERCENTILE
2025-08-22,医药,9065.854,1.0262,35.4,50.0,2019-03-26,PRICE_PERCENTILE
2025-08-22,半导体,3879.32,1.3622,61.59,50.0,2020-06-02,PRICE_PERCENTILE
2025-08-22,新能源,3106.418,1.7793,51.11,50.0,2020-04-03,PRICE_PERCENTILE
2025-08-22,沪深300,4377.998,1.6392,66.9,50.0,2009-07-10,PRICE_PERCENTILE
2025-08-22,消费,16535.305,2.3065,21.19,50.0,2015-03-24,PRICE_PERCENTILE
2025-08-22,科技,2682.553,2.7475,68.73,50.0,2011-09-20,PRICE_PERCENTILE
2025-08-25,医药,9258.811,1.0466,37.78,50.0,2019-03-26,PRICE_PERCENTILE
2025-08-25,半导体,3940.492,1.404,65.24,50.0,2020-06-02,PRICE_PERCENTILE
2025-08-25,新能源,3170.008,1.8083,54.6,50.0,2020-04-03,PRICE_PERCENTILE
2025-08-25,沪深300,4469.222,1.6718,67.54,50.0,2009-07-10,PRICE_PERCENTILE
2025-08-25,消费,16947.837,2.3606,25.32,50.0,2015-03-24,PRICE_PERCENTILE
2025-08-25,科技,2762.99,2.8257,75.48,50.0,2011-09-20,PRICE_PERCENTILE
2025-08-26,医药,9170.824,1.0373,37.06,50.0,2019-03-26,PRICE_PERCENTILE
2025-08-26,半导体,3947.184,1.3952,65.63,50.0,2020-06-02,PRICE_PERCENTILE
2025-08-26,新能源,3170.444,1.8048,54.6,50.0,2020-04-03,PRICE_PERCENTILE
2025-08-26,沪深300,4452.591,1.666,67.38,50.0,2009-07-10,PRICE_PERCENTILE
2025-08-26,消费,17148.868,2.3867,26.59,50.0,2015-03-24,PRICE_PERCENTILE
2025-08-26,科技,2742.127,2.8055,73.49,50.0,2011-09-20,PRICE_PERCENTILE
2025-08-27,医药,8979.039,1.017,34.29,50.0,2019-03-26,PRICE_PERCENTILE
2025-08-27,半导体,3865.94,1.3938,60.24,50.0,2020-06-02,PRICE_PERCENTILE
2025-08-27,新能源,3133.219,1.7842,51.75,50.0,2020-04-03,PRICE_PERCENTILE
2025-08-27,沪深300,4386.127,1.6425,66.75,50.0,2009-07-10,PRICE_PERCENTILE
2025-08-27,消费,16728.977,2.3322,23.1,50.0,2015-03-24,PRICE_PERCENTILE
2025-08-27,科技,2723.198,2.7871,71.9,50.0,2011-09-20,PRICE_PERCENTILE
2025-08-28,医药,8981.082,1.0172,34.37,50.0,2019-03-26,PRICE_PERCENTILE
2025-08-28,半导体,3889.361,1.4962,61.75,50.0,2020-06-02,PRICE_PERCENTILE
2025-08-28,新能源,3161.301,1.7998,54.05,50.0,2020-04-03,PRICE_PERCENTILE
2025-08-28,沪深300,4463.782,1.67,67.38,50.0,2009-07-10,PRICE_PERCENTILE
2025-08-28,消费,16648.55,2.3219,22.14,50.0,2015-03-24,PRICE_PERCENTILE
2025-08-28,科技,2827.172,2.8881,79.44,50.0,2011-09-20,PRICE_PERCENTILE
2025-08-29,医药,9167.42,1.037,37.22,50.0,2019-03-26,PRICE_PERCENTILE
2025-08-29,半导体,3879.446,1.456,61.35,50.0,2020-06-02,PRICE_PERCENTILE
2025-08-29,新能源,3300.356,1.8756,59.21,50.0,2020-04-03,PRICE_PERCENTILE
2025-08-29,沪深300,4496.759,1.6824,67.94,50.0,2009-07-10,PRICE_PERCENTILE
2025-08-29,消费,16991.462,2.3667,25.87,50.0,2015-03-24,PRICE_PERCENTILE
2025-08-29,科技,2890.125,2.949,81.43,50.0,2011-09-20,PRICE_PERCENTILE
2025-09-01,医药,9464.882,1.0686,43.1,50.0,2019-03-26,PRICE_PERCENTILE
2025-09-01,半导体,3881.697,1.4775,61.35,50.0,2020-06-02,PRICE_PERCENTILE
2025-09-01,新能源,3323.038,1.8916,59.68,50.0,2020-04-03,PRICE_PERCENTILE
2025-09-01,沪深300,4523.711,1.692,68.1,50.0,2009-07-10,PRICE_PERCENTILE
2025-09-01,消费,16973.02,2.364,25.63,50.0,2015-03-24,PRICE_PERCENTILE
2025-09-01,科技,2956.375,3.0135,82.46,50.0,2011-09-20,PRICE_PERCENTILE
2025-09-02,医药,9443.593,1.0664,42.62,50.0,2019-03-26,PRICE_PERCENTILE
2025-09-02,半导体,3837.409,1.4434,56.83,50.0,2020-06-02,PRICE_PERCENTILE
2025-09-02,新能源,3300.761,1.8851,59.13,50.0,2020-04-03,PRICE_PERCENTILE
2025-09-02,沪深300,4490.453,1.6801,67.54,50.0,2009-07-10,PRICE_PERCENTILE
2025-09-02,消费,16921.711,2.3573,25.4,50.0,2015-03-24,PRICE_PERCENTILE
2025-09-02,科技,2872.222,2.9321,80.87,50.0,2011-09-20,PRICE_PERCENTILE
2025-09-03,医药,9460.327,1.0687,42.94,50.0,2019-03-26,PRICE_PERCENTILE
2025-09-03,半导体,3796.121,1.4103,52.54,50.0,2020-06-02,PRICE_PERCENTILE
2025-09-03,新能源,3306.838,1.8838,59.21,50.0,2020-04-03,PRICE_PERCENTILE
2025-09-03,沪深300,4459.83,1.6687,67.06,50.0,2009-07-10,PRICE_PERCENTILE
2025-09-03,消费,16678.337,2.3254,22.46,50.0,2015-03-24,PRICE_PERCENTILE
2025-09-03,科技,2899.373,2.9585,81.51,50.0,2011-09-20,PRICE_PERCENTILE
2025-09-04,医药,9135.414,1.0339,36.83,50.0,2019-03-26,PRICE_PERCENTILE
2025-09-04,半导体,3759.708,1.3004,50.08,50.0,2020-06-02,PRICE_PERCENTILE
2025-09-04,新能源,3267.459,1.8723,57.94,50.0,2020-04-03,PRICE_PERCENTILE
2025-09-04,沪深300,4365.209,1.6344,66.19,50.0,2009-07-10,PRICE_PERCENTILE
2025-09-04,消费,16640.795,2.3205,22.14,50.0,2015-03-24,PRICE_PERCENTILE
2025-09-04,科技,2776.248,2.8386,75.95,50.0,2011-09-20,PRICE_PERCENTILE
2025-09-05,医药,9409.975,1.0635,41.83,50.0,2019-03-26,PRICE_PERCENTILE
2025-09-05,半导体,3790.9,1.3496,52.06,50.0,2020-06-02,PRICE_PERCENTILE
2025-09-05,新能源,3475.997,2.0051,64.13,50.0,2020-04-03,PRICE_PERCENTILE
2025-09-05,沪深300,4460.325,1.6691,67.06,50.0,2009-07-10,PRICE_PERCENTILE
2025-09-05,消费,16784.28,2.339,24.13,50.0,2015-03-24,PRICE_PERCENTILE
2025-09-05,科技,2958.181,3.0158,82.46,50.0,2011-09-20,PRICE_PERCENTILE
2025-09-08,医药,9595.357,1.0832,44.44,50.0,2019-03-26,PRICE_PERCENTILE
2025-09-08,半导体,3824.714,1.3539,55.16,50.0,2020-06-02,PRICE_PERCENTILE
2025-09-08,新能源,3565.519,2.0714,66.43,50.0,2020-04-03,PRICE_PERCENTILE
2025-09-08,沪深300,4467.573,1.6716,67.22,50.0,2009-07-10,PRICE_PERCENTILE
2025-09-08,消费,17101.614,2.3803,26.83,50.0,2015-03-24,PRICE_PERCENTILE
2025-09-08,科技,2933.246,2.9914,82.14,50.0,2011-09-20,PRICE_PERCENTILE
2025-09-09,医药,9414.711,1.064,42.06,50.0,2019-03-26,PRICE_PERCENTILE
2025-09-09,半导体,3805.116,1.323,53.41,50.0,2020-06-02,PRICE_PERCENTILE
2025-09-09,新能源,3526.783,2.0604,65.4,50.0,2020-04-03,PRICE_PERCENTILE
2025-09-09,沪深300,4436.258,1.6611,66.59,50.0,2009-07-10,PRICE_PERCENTILE
2025-09-09,消费,17111.208,2.3813,26.98,50.0,2015-03-24,PRICE_PERCENTILE
2025-09-09,科技,2867.969,2.9283,80.4,50.0,2011-09-20,PRICE_PERCENTILE
2025-09-10,医药,9345.631,1.0567,40.79,50.0,2019-03-26,PRICE_PERCENTILE
2025-09-10,半导体,3786.941,1.3462,51.67,50.0,2020-06-02,PRICE_PERCENTILE
2025-09-10,新能源,3492.771,2.0373,64.37,50.0,2020-04-03,PRICE_PERCENTILE
2025-09-10,沪深300,4445.365,1.6644,66.83,50.0,2009-07-10,PRICE_PERCENTILE
2025-09-10,消费,17058.665,2.3745,26.67,50.0,2015-03-24,PRICE_PERCENTILE
2025-09-10,科技,2904.269,2.9636,81.43,50.0,2011-09-20,PRICE_PERCENTILE
2025-09-11,医药,9337.431,1.0558,40.4,50.0,2019-03-26,PRICE_PERCENTILE
2025-09-11,半导体,3831.376,1.4294,56.11,50.0,2020-06-02,PRICE_PERCENTILE
2025-09-11,新能源,3563.325,2.0706,66.35,50.0,2020-04-03,PRICE_PERCENTILE
2025-09-11,沪深300,4548.035,1.701,68.49,50.0,2009-07-10,PRICE_PERCENTILE
2025-09-11,消费,17292.008,2.4051,28.65,50.0,2015-03-24,PRICE_PERCENTILE
2025-09-11,科技,3053.749,3.1084,83.81,50.0,2011-09-20,PRICE_PERCENTILE
2025-09-12,医药,9336.779,1.0558,40.4,50.0,2019-03-26,PRICE_PERCENTILE
2025-09-12,半导体,3872.005,1.4516,60.79,50.0,2020-06-02,PRICE_PERCENTILE
2025-09-12,新能源,3554.618,2.0567,65.79,50.0,2020-04-03,PRICE_PERCENTILE
2025-09-12,沪深300,4521.998,1.6918,68.17,50.0,2009-07-10,PRICE_PERCENTILE
2025-09-12,消费,17125.641,2.3831,27.14,50.0,2015-03-24,PRICE_PERCENTILE
2025-09-12,科技,3020.423,3.0759,83.41,50.0,2011-09-20,PRICE_PERCENTILE
2025-09-15,医药,9338.413,1.0559,40.56,50.0,2019-03-26,PRICE_PERCENTILE
2025-09-15,半导体,3883.975,1.4609,61.59,50.0,2020-06-02,PRICE_PERCENTILE
2025-09-15,新能源,3647.118,2.0998,69.84,50.0,2020-04-03,PRICE_PERCENTILE
2025-09-15,沪深300,4533.056,1.6956,68.49,50.0,2009-07-10,PRICE_PERCENTILE
2025-09-15,消费,17176.108,2.39,28.02,50.0,2015-03-24,PRICE_PERCENTILE
2025-09-15,科技,3066.18,3.1198,84.05,50.0,2011-09-20,PRICE_PERCENTILE
2025-09-16,医药,9321.83,1.0541,40.0,50.0,2019-03-26,PRICE_PERCENTILE
2025-09-16,半导体,3904.285,1.4778,62.7,50.0,2020-06-02,PRICE_PERCENTILE
2025-09-16,新能源,3664.827,2.1154,70.4,50.0,2020-04-03,PRICE_PERCENTILE
2025-09-16,沪深300,4523.337,1.6924,68.25,50.0,2009-07-10,PRICE_PERCENTILE
2025-09-16,消费,17040.019,2.3722,26.51,50.0,2015-03-24,PRICE_PERCENTILE
2025-09-16,科技,3087.04,3.14,84.37,50.0,2011-09-20,PRICE_PERCENTILE
2025-09-17,医药,9341.592,1.0563,40.79,50.0,2019-03-26,PRICE_PERCENTILE
2025-09-17,半导体,3936.268,1.4938,64.84,50.0,2020-06-02,PRICE_PERCENTILE
2025-09-17,新能源,3759.686,2.1548,73.57,50.0,2020-04-03,PRICE_PERCENTILE
2025-09-17,沪深300,4551.023,1.7025,68.81,50.0,2009-07-10,PRICE_PERCENTILE
2025-09-17,消费,16939.325,2.3592,25.79,50.0,2015-03-24,PRICE_PERCENTILE
2025-09-17,科技,3147.345,3.1984,86.51,50.0,2011-09-20,PRICE_PERCENTILE
2025-09-18,医药,9310.634,1.0532,39.52,50.0,2019-03-26,PRICE_PERCENTILE
2025-09-18,半导体,3880.665,1.5219,61.35,50.0,2020-06-02,PRICE_PERCENTILE
2025-09-18,新能源,3736.861,2.1366,72.94,50.0,2020-04-03,PRICE_PERCENTILE
2025-09-18,沪深300,4498.109,1.6837,68.02,50.0,2009-07-10,PRICE_PERCENTILE
2025-09-18,消费,16668.74,2.3236,22.54,50.0,2015-03-24,PRICE_PERCENTILE
2025-09-18,科技,3095.851,3.1494,84.76,50.0,2011-09-20,PRICE_PERCENTILE
2025-09-19,医药,9207.884,1.0422,37.7,50.0,2019-03-26,PRICE_PERCENTILE
2025-09-19,半导体,3887.671,1.497,61.75,50.0,2020-06-02,PRICE_PERCENTILE
2025-09-19,新能源,3710.919,2.1314,71.9,50.0,2020-04-03,PRICE_PERCENTILE
2025-09-19,沪深300,4501.92,1.6852,68.1,50.0,2009-07-10,PRICE_PERCENTILE
2025-09-19,消费,16688.861,2.3262,23.02,50.0,2015-03-24,PRICE_PERCENTILE
2025-09-19,科技,3091.003,3.1454,84.44,50.0,2011-09-20,PRICE_PERCENTILE
2025-09-22,医药,9201.663,1.0415,37.62,50.0,2019-03-26,PRICE_PERCENTILE
2025-09-22,半导体,3844.668,1.554,57.22,50.0,2020-06-02,PRICE_PERCENTILE
2025-09-22,新能源,3738.182,2.1414,72.94,50.0,2020-04-03,PRICE_PERCENTILE
2025-09-22,沪深300,4522.608,1.6924,68.33,50.0,2009-07-10,PRICE_PERCENTILE
2025-09-22,消费,16489.768,2.3001,20.48,50.0,2015-03-24,PRICE_PERCENTILE
2025-09-22,科技,3107.887,3.1617,85.0,50.0,2011-09-20,PRICE_PERCENTILE
2025-09-23,医药,9049.86,1.0253,35.32,50.0,2019-03-26,PRICE_PERCENTILE
2025-09-23,半导体,3856.618,1.5517,58.73,50.0,2020-06-02,PRICE_PERCENTILE
2025-09-23,新能源,3752.518,2.1521,73.41,50.0,2020-04-03,PRICE_PERCENTILE
2025-09-23,沪深300,4519.778,1.6913,68.25,50.0,2009-07-10,PRICE_PERCENTILE
2025-09-23,消费,16401.181,2.289,19.05,50.0,2015-03-24,PRICE_PERCENTILE
2025-09-23,科技,3114.553,3.1683,85.24,50.0,2011-09-20,PRICE_PERCENTILE
2025-09-24,医药,9180.306,1.0397,37.54,50.0,2019-03-26,PRICE_PERCENTILE
2025-09-24,半导体,3862.026,1.6153,59.29,50.0,2020-06-02,PRICE_PERCENTILE
2025-09-24,新能源,3840.567,2.2135,76.35,50.0,2020-04-03,PRICE_PERCENTILE
2025-09-24,沪深300,4566.071,1.7081,69.37,50.0,2009-07-10,PRICE_PERCENTILE
2025-09-24,消费,16442.829,2.2949,19.68,50.0,2015-03-24,PRICE_PERCENTILE
2025-09-24,科技,3185.571,3.2374,87.38,50.0,2011-09-20,PRICE_PERCENTILE
2025-09-25,医药,9263.198,1.0488,38.65,50.0,2019-03-26,PRICE_PERCENTILE
2025-09-25,半导体,3850.085,1.6259,57.86,50.0,2020-06-02,PRICE_PERCENTILE
2025-09-25,新能源,3889.39,2.2323,78.1,50.0,2020-04-03,PRICE_PERCENTILE
2025-09-25,沪深300,4593.488,1.718,70.32,50.0,2009-07-10,PRICE_PERCENTILE
2025-09-25,消费,16295.438,2.276,16.98,50.0,2015-03-24,PRICE_PERCENTILE
2025-09-25,科技,3235.765,3.2863,89.92,50.0,2011-09-20,PRICE_PERCENTILE
2025-09-26,医药,9089.637,1.0306,35.79,50.0,2019-03-26,PRICE_PERCENTILE
2025-09-26,半导体,3842.328,1.6049,56.9,50.0,2020-06-02,PRICE_PERCENTILE
2025-09-26,新能源,3833.55,2.1975,75.95,50.0,2020-04-03,PRICE_PERCENTILE
2025-09-26,沪深300,4550.049,1.7027,68.97,50.0,2009-07-10,PRICE_PERCENTILE
2025-09-26,消费,16278.169,2.2736,16.51,50.0,2015-03-24,PRICE_PERCENTILE
2025-09-26,科技,3151.53,3.2045,86.51,50.0,2011-09-20,PRICE_PERCENTILE
2025-09-29,医药,9107.748,1.0325,36.27,50.0,2019-03-26,PRICE_PERCENTILE
2025-09-29,半导体,3870.637,1.6246,60.4,50.0,2020-06-02,PRICE_PERCENTILE
2025-09-29,新能源,3970.497,2.2883,79.13,50.0,2020-04-03,PRICE_PERCENTILE
2025-09-29,沪深300,4620.053,1.7277,70.95,50.0,2009-07-10,PRICE_PERCENTILE
2025-09-29,消费,16437.266,2.2944,19.68,50.0,2015-03-24,PRICE_PERCENTILE
2025-09-29,科技,3238.012,3.2879,90.0,50.0,2011-09-20,PRICE_PERCENTILE
2025-09-30,医药,9267.076,1.0497,39.05,50.0,2019-03-26,PRICE_PERCENTILE
2025-09-30,半导体,3904.47,1.6518,62.78,50.0,2020-06-02,PRICE_PERCENTILE
2025-09-30,新能源,4075.21,2.3541,80.87,50.0,2020-04-03,PRICE_PERCENTILE
2025-09-30,沪深300,4640.694,1.7353,71.67,50.0,2009-07-10,PRICE_PERCENTILE
2025-09-30,消费,16411.624,2.2909,19.29,50.0,2015-03-24,PRICE_PERCENTILE
2025-09-30,科技,3238.16,3.2882,90.0,50.0,2011-09-20,PRICE_PERCENTILE
2025-10-09,医药,9311.892,1.0542,40.4,50.0,2019-03-26,PRICE_PERCENTILE
2025-10-09,半导体,4020.355,1.6935,71.51,50.0,2020-06-02,PRICE_PERCENTILE
2025-10-09,新能源,4155.754,2.4048,81.98,50.0,2020-04-03,PRICE_PERCENTILE
2025-10-09,沪深300,4709.482,1.7597,73.49,50.0,2009-07-10,PRICE_PERCENTILE
2025-10-09,消费,16386.554,2.2873,18.97,50.0,2015-03-24,PRICE_PERCENTILE
2025-10-09,科技,3261.822,3.3109,90.79,50.0,2011-09-20,PRICE_PERCENTILE
2025-10-10,医药,9123.504,1.0341,36.83,50.0,2019-03-26,PRICE_PERCENTILE
2025-10-10,半导体,4035.12,1.5982,72.62,50.0,2020-06-02,PRICE_PERCENTILE
2025-10-10,新能源,3940.015,2.2704,78.49,50.0,2020-04-03,PRICE_PERCENTILE
2025-10-10,沪深300,4616.834,1.7267,70.48,50.0,2009-07-10,PRICE_PERCENTILE
2025-10-10,消费,16436.945,2.2939,19.84,50.0,2015-03-24,PRICE_PERCENTILE
2025-10-10,科技,3113.262,3.1683,84.68,50.0,2011-09-20,PRICE_PERCENTILE
2025-10-13,医药,8939.952,1.0146,33.73,50.0,2019-03-26,PRICE_PERCENTILE
2025-10-13,半导体,4018.703,1.6184,71.35,50.0,2020-06-02,PRICE_PERCENTILE
2025-10-13,新能源,3941.389,2.2809,78.49,50.0,2020-04-03,PRICE_PERCENTILE
2025-10-13,沪深300,4593.979,1.7187,70.24,50.0,2009-07-10,PRICE_PERCENTILE
2025-10-13,消费,16271.704,2.2722,16.43,50.0,2015-03-24,PRICE_PERCENTILE
2025-10-13,科技,3078.762,3.1369,83.17,50.0,2011-09-20,PRICE_PERCENTILE
2025-10-14,医药,8775.898,0.9971,30.95,50.0,2019-03-26,PRICE_PERCENTILE
2025-10-14,半导体,4009.794,1.5327,70.79,50.0,2020-06-02,PRICE_PERCENTILE
2025-10-14,新能源,3781.018,2.1892,73.81,50.0,2020-04-03,PRICE_PERCENTILE
2025-10-14,沪深300,4539.064,1.6992,68.73,50.0,2009-07-10,PRICE_PERCENTILE
2025-10-14,消费,16452.854,2.296,20.48,50.0,2015-03-24,PRICE_PERCENTILE
2025-10-14,科技,2955.983,3.0189,80.95,50.0,2011-09-20,PRICE_PERCENTILE
2025-10-15,医药,8927.004,1.0132,33.33,50.0,2019-03-26,PRICE_PERCENTILE
2025-10-15,半导体,4053.665,1.5601,73.89,50.0,2020-06-02,PRICE_PERCENTILE
2025-10-15,新能源,3868.052,2.2348,76.83,50.0,2020-04-03,PRICE_PERCENTILE
2025-10-15,沪深300,4606.288,1.7234,70.56,50.0,2009-07-10,PRICE_PERCENTILE
2025-10-15,消费,16517.079,2.3043,21.83,50.0,2015-03-24,PRICE_PERCENTILE
2025-10-15,科技,3025.867,3.0862,82.22,50.0,2011-09-20,PRICE_PERCENTILE
2025-10-16,医药,8952.806,1.0159,34.37,50.0,2019-03-26,PRICE_PERCENTILE
2025-10-16,半导体,4010.567,1.5508,70.79,50.0,2020-06-02,PRICE_PERCENTILE
2025-10-16,新能源,3866.427,2.2367,76.75,50.0,2020-04-03,PRICE_PERCENTILE
2025-10-16,沪深300,4618.422,1.7281,70.87,50.0,2009-07-10,PRICE_PERCENTILE
2025-10-16,消费,16557.208,2.313,22.46,50.0,2015-03-24,PRICE_PERCENTILE
2025-10-16,科技,3037.442,3.0976,82.38,50.0,2011-09-20,PRICE_PERCENTILE
2025-10-17,医药,8768.757,0.9965,30.95,50.0,2019-03-26,PRICE_PERCENTILE
2025-10-17,半导体,3955.213,1.4975,65.87,50.0,2020-06-02,PRICE_PERCENTILE
2025-10-17,新能源,3721.407,2.1553,71.43,50.0,2020-04-03,PRICE_PERCENTILE
2025-10-17,沪深300,4514.235,1.6914,68.17,50.0,2009-07-10,PRICE_PERCENTILE
2025-10-17,消费,16361.548,2.2877,18.81,50.0,2015-03-24,PRICE_PERCENTILE
2025-10-17,科技,2935.37,2.9992,80.56,50.0,2011-09-20,PRICE_PERCENTILE
2025-10-20,医药,8785.99,0.9985,31.27,50.0,2019-03-26,PRICE_PERCENTILE
2025-10-20,半导体,3958.864,1.5094,65.95,50.0,2020-06-02,PRICE_PERCENTILE
2025-10-20,新能源,3776.417,2.1807,73.57,50.0,2020-04-03,PRICE_PERCENTILE
2025-10-20,沪深300,4538.22,1.7,68.81,50.0,2009-07-10,PRICE_PERCENTILE
2025-10-20,消费,16225.731,2.2698,15.56,50.0,2015-03-24,PRICE_PERCENTILE
2025-10-20,科技,2993.455,3.0562,81.51,50.0,2011-09-20,PRICE_PERCENTILE
2025-10-21,医药,8870.0,1.0076,33.02,50.0,2019-03-26,PRICE_PERCENTILE
2025-10-21,半导体,4053.435,1.5569,73.81,50.0,2020-06-02,PRICE_PERCENTILE
2025-10-21,新能源,3830.646,2.2107,75.16,50.0,2020-04-03,PRICE_PERCENTILE
2025-10-21,沪深300,4607.872,1.7248,70.79,50.0,2009-07-10,PRICE_PERCENTILE
2025-10-21,消费,16248.527,2.2729,16.03,50.0,2015-03-24,PRICE_PERCENTILE
2025-10-21,科技,3083.716,3.1439,83.25,50.0,2011-09-20,PRICE_PERCENTILE
2025-10-22,医药,8802.409,1.0005,31.51,50.0,2019-03-26,PRICE_PERCENTILE
2025-10-22,半导体,4048.754,1.554,73.41,50.0,2020-06-02,PRICE_PERCENTILE
2025-10-22,新能源,3783.237,2.1866,73.57,50.0,2020-04-03,PRICE_PERCENTILE
2025-10-22,沪深300,4592.57,1.7193,70.4,50.0,2009-07-10,PRICE_PERCENTILE
2025-10-22,消费,16138.664,2.2583,13.65,50.0,2015-03-24,PRICE_PERCENTILE
2025-10-22,科技,3059.319,3.1203,82.7,50.0,2011-09-20,PRICE_PERCENTILE
2025-10-23,医药,8783.16,0.9984,31.27,50.0,2019-03-26,PRICE_PERCENTILE
2025-10-23,半导体,4054.573,1.5433,73.97,50.0,2020-06-02,PRICE_PERCENTILE
2025-10-23,新能源,3813.211,2.2099,74.68,50.0,2020-04-03,PRICE_PERCENTILE
2025-10-23,沪深300,4606.345,1.7241,70.87,50.0,2009-07-10,PRICE_PERCENTILE
2025-10-23,消费,16179.91,2.2636,14.37,50.0,2015-03-24,PRICE_PERCENTILE
2025-10-23,科技,3062.163,3.1226,82.7,50.0,2011-09-20,PRICE_PERCENTILE
2025-10-24,医药,8811.319,1.0014,31.83,50.0,2019-03-26,PRICE_PERCENTILE
2025-10-24,半导体,4043.257,1.6168,72.78,50.0,2020-06-02,PRICE_PERCENTILE
2025-10-24,新能源,3877.702,2.2441,77.14,50.0,2020-04-03,PRICE_PERCENTILE
2025-10-24,沪深300,4660.684,1.7447,72.86,50.0,2009-07-10,PRICE_PERCENTILE
2025-10-24,消费,16021.295,2.2429,12.86,50.0,2015-03-24,PRICE_PERCENTILE
2025-10-24,科技,3171.569,3.2282,86.75,50.0,2011-09-20,PRICE_PERCENTILE
2025-10-27,医药,8885.238,1.0095,33.33,50.0,2019-03-26,PRICE_PERCENTILE
2025-10-27,半导体,4080.174,1.6562,74.68,50.0,2020-06-02,PRICE_PERCENTILE
2025-10-27,新能源,3908.325,2.2586,78.02,50.0,2020-04-03,PRICE_PERCENTILE
2025-10-27,沪深300,4716.019,1.7645,73.97,50.0,2009-07-10,PRICE_PERCENTILE
2025-10-27,消费,16077.519,2.2501,13.33,50.0,2015-03-24,PRICE_PERCENTILE
2025-10-27,科技,3234.455,3.2893,89.6,50.0,2011-09-20,PRICE_PERCENTILE
2025-10-28,医药,8788.659,0.9992,31.43,50.0,2019-03-26,PRICE_PERCENTILE
2025-10-28,半导体,4017.687,1.6435,70.79,50.0,2020-06-02,PRICE_PERCENTILE
2025-10-28,新能源,3919.797,2.264,78.25,50.0,2020-04-03,PRICE_PERCENTILE
2025-10-28,沪深300,4691.973,1.7566,73.33,50.0,2009-07-10,PRICE_PERCENTILE
2025-10-28,消费,16016.27,2.2421,12.78,50.0,2015-03-24,PRICE_PERCENTILE
2025-10-28,科技,3229.575,3.2846,89.21,50.0,2011-09-20,PRICE_PERCENTILE
2025-10-29,医药,8860.069,1.0068,32.86,50.0,2019-03-26,PRICE_PERCENTILE
2025-10-29,半导体,4042.565,1.6444,72.62,50.0,2020-06-02,PRICE_PERCENTILE
2025-10-29,新能源,4054.262,2.3467,80.48,50.0,2020-04-03,PRICE_PERCENTILE
2025-10-29,沪深300,4747.838,1.7765,74.6,50.0,2009-07-10,PRICE_PERCENTILE
2025-10-29,消费,16011.78,2.2413,12.78,50.0,2015-03-24,PRICE_PERCENTILE
2025-10-29,科技,3324.271,3.3762,93.49,50.0,2011-09-20,PRICE_PERCENTILE
2025-10-30,医药,8667.67,0.9863,29.68,50.0,2019-03-26,PRICE_PERCENTILE
2025-10-30,半导体,4028.76,1.6103,71.75,50.0,2020-06-02,PRICE_PERCENTILE
2025-10-30,新能源,4069.111,2.3535,80.63,50.0,2020-04-03,PRICE_PERCENTILE
2025-10-30,沪深300,4709.911,1.7631,73.81,50.0,2009-07-10,PRICE_PERCENTILE
2025-10-30,消费,15966.909,2.2354,12.14,50.0,2015-03-24,PRICE_PERCENTILE
2025-10-30,科技,3263.022,3.3171,90.79,50.0,2011-09-20,PRICE_PERCENTILE
2025-10-31,医药,8799.512,1.0002,31.75,50.0,2019-03-26,PRICE_PERCENTILE
2025-10-31,半导体,3966.286,1.5492,66.27,50.0,2020-06-02,PRICE_PERCENTILE
2025-10-31,新能源,4025.838,2.3488,79.92,50.0,2020-04-03,PRICE_PERCENTILE
2025-10-31,沪深300,4640.668,1.7386,72.22,50.0,2009-07-10,PRICE_PERCENTILE
2025-10-31,消费,16095.41,2.2524,13.65,50.0,2015-03-24,PRICE_PERCENTILE
2025-10-31,科技,3187.533,3.2443,86.83,50.0,2011-09-20,PRICE_PERCENTILE
2025-11-03,医药,8732.179,0.993,30.4,50.0,2019-03-26,PRICE_PERCENTILE
2025-11-03,半导体,3998.699,1.534,69.13,50.0,2020-06-02,PRICE_PERCENTILE
2025-11-03,新能源,3967.85,2.3157,78.57,50.0,2020-04-03,PRICE_PERCENTILE
2025-11-03,沪深300,4653.403,1.743,72.7,50.0,2009-07-10,PRICE_PERCENTILE
2025-11-03,消费,16143.985,2.2608,14.21,50.0,2015-03-24,PRICE_PERCENTILE
2025-11-03,科技,3196.871,3.2545,87.38,50.0,2011-09-20,PRICE_PERCENTILE
2025-11-04,医药,8571.653,0.9759,29.37,50.0,2019-03-26,PRICE_PERCENTILE
2025-11-04,半导体,3976.754,1.5264,66.9,50.0,2020-06-02,PRICE_PERCENTILE
2025-11-04,新能源,3863.556,2.2522,76.03,50.0,2020-04-03,PRICE_PERCENTILE
2025-11-04,沪深300,4618.699,1.7306,71.35,50.0,2009-07-10,PRICE_PERCENTILE
2025-11-04,消费,15907.268,2.2297,11.35,50.0,2015-03-24,PRICE_PERCENTILE
2025-11-04,科技,3134.09,3.1942,84.84,50.0,2011-09-20,PRICE_PERCENTILE
2025-11-05,医药,8575.617,0.9763,29.44,50.0,2019-03-26,PRICE_PERCENTILE
2025-11-05,半导体,4002.958,1.516,69.29,50.0,2020-06-02,PRICE_PERCENTILE
2025-11-05,新能源,3915.831,2.2908,77.78,50.0,2020-04-03,PRICE_PERCENTILE
2025-11-05,沪深300,4627.257,1.7338,71.75,50.0,2009-07-10,PRICE_PERCENTILE
2025-11-05,消费,15882.977,2.2266,10.79,50.0,2015-03-24,PRICE_PERCENTILE
2025-11-05,科技,3166.231,3.2255,86.11,50.0,2011-09-20,PRICE_PERCENTILE
2025-11-06,医药,8597.77,0.9787,29.6,50.0,2019-03-26,PRICE_PERCENTILE
2025-11-06,半导体,4029.185,1.574,71.75,50.0,2020-06-02,PRICE_PERCENTILE
2025-11-06,新能源,3986.582,2.3346,79.05,50.0,2020-04-03,PRICE_PERCENTILE
2025-11-06,沪深300,4693.403,1.7574,73.65,50.0,2009-07-10,PRICE_PERCENTILE
2025-11-06,消费,15900.186,2.2287,11.43,50.0,2015-03-24,PRICE_PERCENTILE
2025-11-06,科技,3224.624,3.2824,88.57,50.0,2011-09-20,PRICE_PERCENTILE
2025-11-07,医药,8578.345,0.9767,29.52,50.0,2019-03-26,PRICE_PERCENTILE
2025-11-07,半导体,4024.688,1.5538,71.11,50.0,2020-06-02,PRICE_PERCENTILE
2025-11-07,新能源,4026.636,2.3721,79.92,50.0,2020-04-03,PRICE_PERCENTILE
2025-11-07,沪深300,4678.794,1.7522,73.25,50.0,2009-07-10,PRICE_PERCENTILE
2025-11-07,消费,15911.73,2.2302,11.67,50.0,2015-03-24,PRICE_PERCENTILE
2025-11-07,科技,3208.206,3.2665,87.78,50.0,2011-09-20,PRICE_PERCENTILE
2025-11-10,医药,8693.649,0.9889,30.4,50.0,2019-03-26,PRICE_PERCENTILE
2025-11-10,半导体,4036.734,1.5464,72.22,50.0,2020-06-02,PRICE_PERCENTILE
2025-11-10,新能源,3970.222,2.3436,78.49,50.0,2020-04-03,PRICE_PERCENTILE
2025-11-10,沪深300,4695.051,1.7581,73.89,50.0,2009-07-10,PRICE_PERCENTILE
2025-11-10,消费,16448.918,2.3009,21.59,50.0,2015-03-24,PRICE_PERCENTILE
2025-11-10,科技,3178.827,3.2375,86.19,50.0,2011-09-20,PRICE_PERCENTILE
2025-11-11,医药,8661.952,0.9855,30.0,50.0,2019-03-26,PRICE_PERCENTILE
2025-11-11,半导体,4041.503,1.519,72.46,50.0,2020-06-02,PRICE_PERCENTILE
2025-11-11,新能源,3932.235,2.3235,77.78,50.0,2020-04-03,PRICE_PERCENTILE
2025-11-11,沪深300,4652.166,1.7429,72.78,50.0,2009-07-10,PRICE_PERCENTILE
2025-11-11,消费,16433.48,2.2988,21.11,50.0,2015-03-24,PRICE_PERCENTILE
2025-11-11,科技,3134.316,3.1945,84.52,50.0,2011-09-20,PRICE_PERCENTILE
2025-11-12,医药,8688.481,0.9887,30.48,50.0,2019-03-26,PRICE_PERCENTILE
2025-11-12,半导体,4013.777,1.511,70.08,50.0,2020-06-02,PRICE_PERCENTILE
2025-11-12,新能源,3890.456,2.295,76.83,50.0,2020-04-03,PRICE_PERCENTILE
2025-11-12,沪深300,4645.908,1.7408,72.54,50.0,2009-07-10,PRICE_PERCENTILE
2025-11-12,消费,16444.683,2.3003,21.67,50.0,2015-03-24,PRICE_PERCENTILE
2025-11-12,科技,3122.027,3.1832,83.97,50.0,2011-09-20,PRICE_PERCENTILE
2025-11-13,医药,8801.482,1.0007,32.46,50.0,2019-03-26,PRICE_PERCENTILE
2025-11-13,半导体,4021.432,1.5353,70.71,50.0,2020-06-02,PRICE_PERCENTILE
2025-11-13,新能源,4094.787,2.4287,81.03,50.0,2020-04-03,PRICE_PERCENTILE
2025-11-13,沪深300,4702.074,1.7607,74.29,50.0,2009-07-10,PRICE_PERCENTILE
2025-11-13,消费,16528.638,2.3113,23.65,50.0,2015-03-24,PRICE_PERCENTILE
2025-11-13,科技,3201.754,3.2605,87.38,50.0,2011-09-20,PRICE_PERCENTILE
2025-11-14,医药,8747.319,0.9949,31.19,50.0,2019-03-26,PRICE_PERCENTILE
2025-11-14,半导体,3985.005,1.4828,67.3,50.0,2020-06-02,PRICE_PERCENTILE
2025-11-14,新能源,4001.162,2.3823,79.05,50.0,2020-04-03,PRICE_PERCENTILE
2025-11-14,沪深300,4628.14,1.7344,71.9,50.0,2009-07-10,PRICE_PERCENTILE
2025-11-14,消费,16333.635,2.2858,19.37,50.0,2015-03-24,PRICE_PERCENTILE
2025-11-14,科技,3111.507,3.1731,83.17,50.0,2011-09-20,PRICE_PERCENTILE
2025-11-17,医药,8593.983,0.9786,29.68,50.0,2019-03-26,PRICE_PERCENTILE
2025-11-17,半导体,3958.295,1.474,64.52,50.0,2020-06-02,PRICE_PERCENTILE
2025-11-17,新能源,4033.441,2.4258,79.92,50.0,2020-04-03,PRICE_PERCENTILE
2025-11-17,沪深300,4598.053,1.7236,70.63,50.0,2009-07-10,PRICE_PERCENTILE
2025-11-17,消费,16252.633,2.2751,17.3,50.0,2015-03-24,PRICE_PERCENTILE
2025-11-17,科技,3105.203,3.1672,83.02,50.0,2011-09-20,PRICE_PERCENTILE
2025-11-18,医药,8549.823,0.9739,29.13,50.0,2019-03-26,PRICE_PERCENTILE
2025-11-18,半导体,3912.371,1.4867,61.11,50.0,2020-06-02,PRICE_PERCENTILE
2025-11-18,新能源,3910.887,2.3457,76.98,50.0,2020-04-03,PRICE_PERCENTILE
2025-11-18,沪深300,4568.193,1.7132,69.6,50.0,2009-07-10,PRICE_PERCENTILE
2025-11-18,消费,16252.031,2.2751,17.22,50.0,2015-03-24,PRICE_PERCENTILE
2025-11-18,科技,3069.219,3.1325,81.51,50.0,2011-09-20,PRICE_PERCENTILE
2025-11-19,医药,8487.461,0.9672,28.49,50.0,2019-03-26,PRICE_PERCENTILE
2025-11-19,半导体,3879.96,1.4735,59.52,50.0,2020-06-02,PRICE_PERCENTILE
2025-11-19,新能源,3936.017,2.3612,77.54,50.0,2020-04-03,PRICE_PERCENTILE
2025-11-19,沪深300,4588.292,1.7204,70.4,50.0,2009-07-10,PRICE_PERCENTILE
2025-11-19,消费,16202.775,2.2685,15.79,50.0,2015-03-24,PRICE_PERCENTILE
2025-11-19,科技,3076.845,3.1399,81.59,50.0,2011-09-20,PRICE_PERCENTILE
2025-11-20,医药,8436.21,0.9616,27.78,50.0,2019-03-26,PRICE_PERCENTILE
2025-11-20,半导体,3877.685,1.456,59.13,50.0,2020-06-02,PRICE_PERCENTILE
2025-11-20,新能源,3861.176,2.3238,75.08,50.0,2020-04-03,PRICE_PERCENTILE
2025-11-20,沪深300,4564.948,1.7124,69.52,50.0,2009-07-10,PRICE_PERCENTILE
2025-11-20,消费,16116.815,2.2572,14.29,50.0,2015-03-24,PRICE_PERCENTILE
2025-11-20,科技,3042.341,3.1069,80.63,50.0,2011-09-20,PRICE_PERCENTILE
2025-11-21,医药,8281.339,0.9451,25.71,50.0,2019-03-26,PRICE_PERCENTILE
2025-11-21,半导体,3771.785,1.3971,50.08,50.0,2020-06-02,PRICE_PERCENTILE
2025-11-21,新能源,3677.348,2.1962,67.94,50.0,2020-04-03,PRICE_PERCENTILE
2025-11-21,沪深300,4453.608,1.6728,66.98,50.0,2009-07-10,PRICE_PERCENTILE
2025-11-21,消费,15990.659,2.2405,12.86,50.0,2015-03-24,PRICE_PERCENTILE
2025-11-21,科技,2920.078,2.9884,78.33,50.0,2011-09-20,PRICE_PERCENTILE
2025-11-24,医药,8354.948,0.9529,27.06,50.0,2019-03-26,PRICE_PERCENTILE
2025-11-24,半导体,3810.826,1.409,52.54,50.0,2020-06-02,PRICE_PERCENTILE
2025-11-24,新能源,3654.592,2.1707,66.67,50.0,2020-04-03,PRICE_PERCENTILE
2025-11-24,沪深300,4448.048,1.6709,66.9,50.0,2009-07-10,PRICE_PERCENTILE
2025-11-24,消费,15973.352,2.2382,12.7,50.0,2015-03-24,PRICE_PERCENTILE
2025-11-24,科技,2929.043,2.9973,78.49,50.0,2011-09-20,PRICE_PERCENTILE
2025-11-25,医药,8383.114,0.9558,27.3,50.0,2019-03-26,PRICE_PERCENTILE
2025-11-25,半导体,3830.51,1.4195,54.29,50.0,2020-06-02,PRICE_PERCENTILE
2025-11-25,新能源,3707.073,2.2054,68.81,50.0,2020-04-03,PRICE_PERCENTILE
2025-11-25,沪深300,4490.405,1.6859,67.78,50.0,2009-07-10,PRICE_PERCENTILE
2025-11-25,消费,16002.611,2.242,13.02,50.0,2015-03-24,PRICE_PERCENTILE
2025-11-25,科技,2980.934,3.0478,79.52,50.0,2011-09-20,PRICE_PERCENTILE
2025-11-26,医药,8421.985,0.9599,27.78,50.0,2019-03-26,PRICE_PERCENTILE
2025-11-26,半导体,3822.757,1.44,53.25,50.0,2020-06-02,PRICE_PERCENTILE
2025-11-26,新能源,3705.723,2.2025,68.57,50.0,2020-04-03,PRICE_PERCENTILE
2025-11-26,沪深300,4517.626,1.6954,68.49,50.0,2009-07-10,PRICE_PERCENTILE
2025-11-26,消费,15992.039,2.2405,13.02,50.0,2015-03-24,PRICE_PERCENTILE
2025-11-26,科技,3044.695,3.1095,80.63,50.0,2011-09-20,PRICE_PERCENTILE
2025-11-27,医药,8375.183,0.9549,27.22,50.0,2019-03-26,PRICE_PERCENTILE
2025-11-27,半导体,3804.618,1.444,51.83,50.0,2020-06-02,PRICE_PERCENTILE
2025-11-27,新能源,3706.671,2.2044,68.65,50.0,2020-04-03,PRICE_PERCENTILE
2025-11-27,沪深300,4515.403,1.6947,68.49,50.0,2009-07-10,PRICE_PERCENTILE
2025-11-27,消费,15989.536,2.2403,12.94,50.0,2015-03-24,PRICE_PERCENTILE
2025-11-27,科技,3031.296,3.0969,80.24,50.0,2011-09-20,PRICE_PERCENTILE
2025-11-28,医药,8394.359,0.9569,27.54,50.0,2019-03-26,PRICE_PERCENTILE
2025-11-28,半导体,3837.611,1.4597,55.0,50.0,2020-06-02,PRICE_PERCENTILE
2025-11-28,新能源,3759.775,2.2405,70.79,50.0,2020-04-03,PRICE_PERCENTILE
2025-11-28,沪深300,4526.662,1.6987,69.05,50.0,2009-07-10,PRICE_PERCENTILE
2025-11-28,消费,16082.988,2.2525,14.37,50.0,2015-03-24,PRICE_PERCENTILE
2025-11-28,科技,3052.587,3.1177,80.79,50.0,2011-09-20,PRICE_PERCENTILE
2025-12-01,医药,8423.65,0.96,28.17,50.0,2019-03-26,PRICE_PERCENTILE
2025-12-01,半导体,3868.49,1.4854,58.49,50.0,2020-06-02,PRICE_PERCENTILE
2025-12-01,新能源,3805.139,2.2546,73.02,50.0,2020-04-03,PRICE_PERCENTILE
2025-12-01,沪深300,4576.486,1.7163,70.48,50.0,2009-07-10,PRICE_PERCENTILE
2025-12-01,消费,16047.197,2.2477,14.05,50.0,2015-03-24,PRICE_PERCENTILE
2025-12-01,科技,3092.499,3.1563,82.46,50.0,2011-09-20,PRICE_PERCENTILE
2025-12-02,医药,8305.043,0.9474,26.19,50.0,2019-03-26,PRICE_PERCENTILE
2025-12-02,半导体,3857.945,1.463,56.98,50.0,2020-06-02,PRICE_PERCENTILE
2025-12-02,新能源,3753.785,2.2197,70.48,50.0,2020-04-03,PRICE_PERCENTILE
2025-12-02,沪深300,4554.335,1.7085,69.84,50.0,2009-07-10,PRICE_PERCENTILE
2025-12-02,消费,15917.91,2.2305,11.9,50.0,2015-03-24,PRICE_PERCENTILE
2025-12-02,科技,3071.149,3.1357,81.35,50.0,2011-09-20,PRICE_PERCENTILE
2025-12-03,医药,8275.224,0.9441,25.71,50.0,2019-03-26,PRICE_PERCENTILE
2025-12-03,半导体,3846.01,1.4544,55.56,50.0,2020-06-02,PRICE_PERCENTILE
2025-12-03,新能源,3704.235,2.1832,68.1,50.0,2020-04-03,PRICE_PERCENTILE
2025-12-03,沪深300,4531.049,1.7002,69.21,50.0,2009-07-10,PRICE_PERCENTILE
2025-12-03,消费,15792.706,2.2142,10.16,50.0,2015-03-24,PRICE_PERCENTILE
2025-12-03,科技,3036.786,3.1026,80.16,50.0,2011-09-20,PRICE_PERCENTILE
2025-12-04,医药,8291.727,0.9459,26.11,50.0,2019-03-26,PRICE_PERCENTILE
2025-12-04,半导体,3853.293,1.4839,56.51,50.0,2020-06-02,PRICE_PERCENTILE
2025-12-04,新能源,3746.87,2.2049,70.32,50.0,2020-04-03,PRICE_PERCENTILE
2025-12-04,沪深300,4546.566,1.7057,69.52,50.0,2009-07-10,PRICE_PERCENTILE
2025-12-04,消费,15636.714,2.1937,8.17,50.0,2015-03-24,PRICE_PERCENTILE
2025-12-04,科技,3067.484,3.1322,81.19,50.0,2011-09-20,PRICE_PERCENTILE
2025-12-05,医药,8334.577,0.9504,26.98,50.0,2019-03-26,PRICE_PERCENTILE
2025-12-05,半导体,3883.388,1.4791,59.76,50.0,2020-06-02,PRICE_PERCENTILE
2025-12-05,新能源,3767.705,2.2151,71.19,50.0,2020-04-03,PRICE_PERCENTILE
2025-12-05,沪深300,4584.537,1.7202,71.03,50.0,2009-07-10,PRICE_PERCENTILE
2025-12-05,消费,15670.358,2.1981,8.65,50.0,2015-03-24,PRICE_PERCENTILE
2025-12-05,科技,3109.297,3.1726,83.1,50.0,2011-09-20,PRICE_PERCENTILE
2025-12-08,医药,8349.166,0.9519,27.3,50.0,2019-03-26,PRICE_PERCENTILE
2025-12-08,半导体,3880.251,1.5129,59.44,50.0,2020-06-02,PRICE_PERCENTILE
2025-12-08,新能源,3834.254,2.2612,73.81,50.0,2020-04-03,PRICE_PERCENTILE
2025-12-08,沪深300,4621.755,1.7334,72.7,50.0,2009-07-10,PRICE_PERCENTILE
2025-12-08,消费,15545.902,2.1817,6.35,50.0,2015-03-24,PRICE_PERCENTILE
2025-12-08,科技,3190.269,3.251,86.59,50.0,2011-09-20,PRICE_PERCENTILE
2025-12-09,医药,8309.876,0.9477,26.59,50.0,2019-03-26,PRICE_PERCENTILE
2025-12-09,半导体,3814.568,1.5117,51.98,50.0,2020-06-02,PRICE_PERCENTILE
2025-12-09,新能源,3787.901,2.2306,72.06,50.0,2020-04-03,PRICE_PERCENTILE
2025-12-09,沪深300,4598.223,1.725,71.59,50.0,2009-07-10,PRICE_PERCENTILE
2025-12-09,消费,15358.919,2.1571,4.76,50.0,2015-03-24,PRICE_PERCENTILE
2025-12-09,科技,3209.603,3.2697,87.86,50.0,2011-09-20,PRICE_PERCENTILE
2025-12-10,医药,8327.258,0.9496,26.9,50.0,2019-03-26,PRICE_PERCENTILE
2025-12-10,半导体,3843.15,1.5122,55.0,50.0,2020-06-02,PRICE_PERCENTILE
2025-12-10,新能源,3798.856,2.2415,72.62,50.0,2020-04-03,PRICE_PERCENTILE
2025-12-10,沪深300,4591.827,1.7229,71.19,50.0,2009-07-10,PRICE_PERCENTILE
2025-12-10,消费,15418.397,2.1648,5.0,50.0,2015-03-24,PRICE_PERCENTILE
2025-12-10,科技,3209.004,3.2687,87.78,50.0,2011-09-20,PRICE_PERCENTILE
2025-12-11,医药,8276.664,0.9443,25.79,50.0,2019-03-26,PRICE_PERCENTILE
2025-12-11,半导体,3813.806,1.4868,51.83,50.0,2020-06-02,PRICE_PERCENTILE
2025-12-11,新能源,3774.968,2.2244,71.19,50.0,2020-04-03,PRICE_PERCENTILE
2025-12-11,沪深300,4552.185,1.7092,70.0,50.0,2009-07-10,PRICE_PERCENTILE
2025-12-11,消费,15332.522,2.1545,4.44,50.0,2015-03-24,PRICE_PERCENTILE
2025-12-11,科技,3163.675,3.2258,85.4,50.0,2011-09-20,PRICE_PERCENTILE
2025-12-12,医药,8307.574,0.9484,26.51,50.0,2019-03-26,PRICE_PERCENTILE
2025-12-12,半导体,3854.312,1.5061,56.59,50.0,2020-06-02,PRICE_PERCENTILE
2025-12-12,新能源,3775.376,2.2171,71.35,50.0,2020-04-03,PRICE_PERCENTILE
2025-12-12,沪深300,4580.95,1.7194,70.79,50.0,2009-07-10,PRICE_PERCENTILE
2025-12-12,消费,15417.289,2.1671,5.08,50.0,2015-03-24,PRICE_PERCENTILE
2025-12-12,科技,3194.359,3.2569,86.75,50.0,2011-09-20,PRICE_PERCENTILE
2025-12-15,医药,8200.133,0.9368,24.37,50.0,2019-03-26,PRICE_PERCENTILE
2025-12-15,半导体,3844.939,1.4696,55.08,50.0,2020-06-02,PRICE_PERCENTILE
2025-12-15,新能源,3702.209,2.1739,67.46,50.0,2020-04-03,PRICE_PERCENTILE
2025-12-15,沪深300,4552.06,1.7098,70.0,50.0,2009-07-10,PRICE_PERCENTILE
2025-12-15,消费,15507.042,2.1788,5.95,50.0,2015-03-24,PRICE_PERCENTILE
2025-12-15,科技,3137.801,3.2027,84.13,50.0,2011-09-20,PRICE_PERCENTILE
2025-12-16,医药,8087.161,0.9247,21.11,50.0,2019-03-26,PRICE_PERCENTILE
2025-12-16,半导体,3793.5,1.4434,49.84,50.0,2020-06-02,PRICE_PERCENTILE
2025-12-16,新能源,3642.5,2.1404,64.6,50.0,2020-04-03,PRICE_PERCENTILE
2025-12-16,沪深300,4497.555,1.6903,68.25,50.0,2009-07-10,PRICE_PERCENTILE
2025-12-16,消费,15477.059,2.175,5.63,50.0,2015-03-24,PRICE_PERCENTILE
2025-12-16,科技,3071.762,3.139,80.79,50.0,2011-09-20,PRICE_PERCENTILE
2025-12-17,医药,8199.267,0.9361,24.37,50.0,2019-03-26,PRICE_PERCENTILE
2025-12-17,半导体,3816.872,1.4772,51.98,50.0,2020-06-02,PRICE_PERCENTILE
2025-12-17,新能源,3743.218,2.2061,69.52,50.0,2020-04-03,PRICE_PERCENTILE
2025-12-17,沪深300,4579.875,1.7204,70.95,50.0,2009-07-10,PRICE_PERCENTILE
2025-12-17,消费,15537.448,2.1863,6.59,50.0,2015-03-24,PRICE_PERCENTILE
2025-12-17,科技,3175.908,3.2396,85.71,50.0,2011-09-20,PRICE_PERCENTILE
2025-12-18,医药,8206.798,0.9368,24.68,50.0,2019-03-26,PRICE_PERCENTILE
2025-12-18,半导体,3824.204,1.4647,52.62,50.0,2020-06-02,PRICE_PERCENTILE
2025-12-18,新能源,3671.983,2.1683,66.19,50.0,2020-04-03,PRICE_PERCENTILE
2025-12-18,沪深300,4552.793,1.7111,70.24,50.0,2009-07-10,PRICE_PERCENTILE
2025-12-18,消费,15453.384,2.1804,5.48,50.0,2015-03-24,PRICE_PERCENTILE
2025-12-18,科技,3107.065,3.1731,82.38,50.0,2011-09-20,PRICE_PERCENTILE
2025-12-19,医药,8301.754,0.9464,26.75,50.0,2019-03-26,PRICE_PERCENTILE
2025-12-19,半导体,3860.289,1.4628,56.98,50.0,2020-06-02,PRICE_PERCENTILE
2025-12-19,新能源,3711.784,2.1915,68.02,50.0,2020-04-03,PRICE_PERCENTILE
2025-12-19,沪深300,4568.178,1.7175,70.63,50.0,2009-07-10,PRICE_PERCENTILE
2025-12-19,消费,15554.44,2.197,7.14,50.0,2015-03-24,PRICE_PERCENTILE
2025-12-19,科技,3122.238,3.1877,83.33,50.0,2011-09-20,PRICE_PERCENTILE
2025-12-22,医药,8272.801,0.9432,25.95,50.0,2019-03-26,PRICE_PERCENTILE
2025-12-22,半导体,3877.402,1.508,58.89,50.0,2020-06-02,PRICE_PERCENTILE
2025-12-22,新能源,3768.722,2.2252,70.79,50.0,2020-04-03,PRICE_PERCENTILE
2025-12-22,沪深300,4611.624,1.7332,72.46,50.0,2009-07-10,PRICE_PERCENTILE
2025-12-22,消费,15561.084,2.1978,7.3,50.0,2015-03-24,PRICE_PERCENTILE
2025-12-22,科技,3191.985,3.2548,86.35,50.0,2011-09-20,PRICE_PERCENTILE
2025-12-23,医药,8231.219,0.9387,25.32,50.0,2019-03-26,PRICE_PERCENTILE
2025-12-23,半导体,3887.842,1.5214,60.08,50.0,2020-06-02,PRICE_PERCENTILE
2025-12-23,新能源,3822.42,2.2655,73.25,50.0,2020-04-03,PRICE_PERCENTILE
2025-12-23,沪深300,4620.734,1.7365,73.1,50.0,2009-07-10,PRICE_PERCENTILE
2025-12-23,消费,15459.605,2.1842,5.63,50.0,2015-03-24,PRICE_PERCENTILE
2025-12-23,科技,3205.011,3.2677,87.38,50.0,2011-09-20,PRICE_PERCENTILE
2025-12-24,医药,8235.286,0.9392,25.56,50.0,2019-03-26,PRICE_PERCENTILE
2025-12-24,半导体,3919.236,1.5386,61.67,50.0,2020-06-02,PRICE_PERCENTILE
2025-12-24,新能源,3846.337,2.2834,74.29,50.0,2020-04-03,PRICE_PERCENTILE
2025-12-24,沪深300,4634.059,1.7414,73.57,50.0,2009-07-10,PRICE_PERCENTILE
2025-12-24,消费,15362.26,2.1714,4.92,50.0,2015-03-24,PRICE_PERCENTILE
2025-12-24,科技,3229.577,3.2915,89.05,50.0,2011-09-20,PRICE_PERCENTILE
2025-12-25,医药,8281.912,0.9443,26.51,50.0,2019-03-26,PRICE_PERCENTILE
2025-12-25,半导体,3926.584,1.5348,62.22,50.0,2020-06-02,PRICE_PERCENTILE
2025-12-25,新能源,3855.486,2.2915,74.84,50.0,2020-04-03,PRICE_PERCENTILE
2025-12-25,沪深300,4642.536,1.7449,74.05,50.0,2009-07-10,PRICE_PERCENTILE
2025-12-25,消费,15472.508,2.186,5.79,50.0,2015-03-24,PRICE_PERCENTILE
2025-12-25,科技,3239.343,3.301,89.84,50.0,2011-09-20,PRICE_PERCENTILE
2025-12-26,医药,8275.899,0.9437,26.35,50.0,2019-03-26,PRICE_PERCENTILE
2025-12-26,半导体,3948.61,1.5264,63.81,50.0,2020-06-02,PRICE_PERCENTILE
2025-12-26,新能源,3922.155,2.3402,77.3,50.0,2020-04-03,PRICE_PERCENTILE
2025-12-26,沪深300,4657.24,1.7502,74.52,50.0,2009-07-10,PRICE_PERCENTILE
2025-12-26,消费,15415.974,2.1783,5.16,50.0,2015-03-24,PRICE_PERCENTILE
2025-12-26,科技,3243.876,3.3055,90.08,50.0,2011-09-20,PRICE_PERCENTILE
2025-12-29,医药,8182.838,0.934,23.49,50.0,2019-03-26,PRICE_PERCENTILE
2025-12-29,半导体,3936.879,1.5268,62.94,50.0,2020-06-02,PRICE_PERCENTILE
2025-12-29,新能源,3854.815,2.2993,74.68,50.0,2020-04-03,PRICE_PERCENTILE
2025-12-29,沪深300,4639.372,1.7436,73.81,50.0,2009-07-10,PRICE_PERCENTILE
2025-12-29,消费,15347.721,2.1693,4.68,50.0,2015-03-24,PRICE_PERCENTILE
2025-12-29,科技,3222.611,3.2851,88.1,50.0,2011-09-20,PRICE_PERCENTILE
2025-12-30,医药,8142.546,0.9295,22.38,50.0,2019-03-26,PRICE_PERCENTILE
2025-12-30,半导体,3896.603,1.5421,60.08,50.0,2020-06-02,PRICE_PERCENTILE
2025-12-30,新能源,3913.729,2.3367,76.98,50.0,2020-04-03,PRICE_PERCENTILE
2025-12-30,沪深300,4651.282,1.748,74.37,50.0,2009-07-10,PRICE_PERCENTILE
2025-12-30,消费,15348.425,2.1696,4.76,50.0,2015-03-24,PRICE_PERCENTILE
2025-12-30,科技,3242.905,3.3048,89.84,50.0,2011-09-20,PRICE_PERCENTILE
2025-12-31,医药,8090.68,0.924,21.27,50.0,2019-03-26,PRICE_PERCENTILE
2025-12-31,半导体,3906.458,1.5215,60.56,50.0,2020-06-02,PRICE_PERCENTILE
2025-12-31,新能源,3890.001,2.3247,76.19,50.0,2020-04-03,PRICE_PERCENTILE
2025-12-31,沪深300,4629.94,1.7402,73.57,50.0,2009-07-10,PRICE_PERCENTILE
2025-12-31,消费,15248.571,2.1562,3.73,50.0,2015-03-24,PRICE_PERCENTILE
2025-12-31,科技,3203.172,3.2666,86.83,50.0,2011-09-20,PRICE_PERCENTILE
2026-01-05,医药,8382.745,0.9554,29.13,50.0,2019-03-26,PRICE_PERCENTILE
2026-01-05,半导体,3933.024,1.5846,62.38,50.0,2020-06-02,PRICE_PERCENTILE
2026-01-05,新能源,3965.892,2.3799,78.02,50.0,2020-04-03,PRICE_PERCENTILE
2026-01-05,沪深300,4717.746,1.7713,75.79,50.0,2009-07-10,PRICE_PERCENTILE
2026-01-05,消费,15430.118,2.1801,5.71,50.0,2015-03-24,PRICE_PERCENTILE
2026-01-05,科技,3294.551,3.3553,92.54,50.0,2011-09-20,PRICE_PERCENTILE
2026-01-06,医药,8457.922,0.9633,30.79,50.0,2019-03-26,PRICE_PERCENTILE
2026-01-06,半导体,3988.145,1.6197,67.62,50.0,2020-06-02,PRICE_PERCENTILE
2026-01-06,新能源,4022.783,2.4198,79.6,50.0,2020-04-03,PRICE_PERCENTILE
2026-01-06,沪深300,4790.694,1.7973,76.9,50.0,2009-07-10,PRICE_PERCENTILE
2026-01-06,消费,15564.913,2.1982,8.17,50.0,2015-03-24,PRICE_PERCENTILE
2026-01-06,科技,3319.292,3.3791,93.17,50.0,2011-09-20,PRICE_PERCENTILE
2026-01-07,医药,8488.042,0.9668,31.11,50.0,2019-03-26,PRICE_PERCENTILE
2026-01-07,半导体,4015.669,1.6489,70.0,50.0,2020-06-02,PRICE_PERCENTILE
2026-01-07,新能源,4014.919,2.4125,79.37,50.0,2020-04-03,PRICE_PERCENTILE
2026-01-07,沪深300,4776.666,1.7923,76.51,50.0,2009-07-10,PRICE_PERCENTILE
2026-01-07,消费,15455.998,2.1835,6.11,50.0,2015-03-24,PRICE_PERCENTILE
2026-01-07,科技,3329.693,3.3892,93.73,50.0,2011-09-20,PRICE_PERCENTILE
2026-01-08,医药,8507.355,0.9688,31.51,50.0,2019-03-26,PRICE_PERCENTILE
2026-01-08,半导体,4065.584,1.6561,74.29,50.0,2020-06-02,PRICE_PERCENTILE
2026-01-08,新能源,3967.617,2.3801,77.86,50.0,2020-04-03,PRICE_PERCENTILE
2026-01-08,沪深300,4737.654,1.7785,75.95,50.0,2009-07-10,PRICE_PERCENTILE
2026-01-08,消费,15357.927,2.1708,5.0,50.0,2015-03-24,PRICE_PERCENTILE
2026-01-08,科技,3302.307,3.3627,92.78,50.0,2011-09-20,PRICE_PERCENTILE
2026-01-09,医药,8627.858,0.9818,32.86,50.0,2019-03-26,PRICE_PERCENTILE
2026-01-09,半导体,4090.67,1.6608,75.32,50.0,2020-06-02,PRICE_PERCENTILE
2026-01-09,新能源,4010.596,2.3972,79.05,50.0,2020-04-03,PRICE_PERCENTILE
2026-01-09,沪深300,4758.922,1.7862,76.11,50.0,2009-07-10,PRICE_PERCENTILE
2026-01-09,消费,15414.983,2.1784,5.48,50.0,2015-03-24,PRICE_PERCENTILE
2026-01-09,科技,3327.813,3.3874,93.57,50.0,2011-09-20,PRICE_PERCENTILE
2026-01-12,医药,8668.307,0.986,33.17,50.0,2019-03-26,PRICE_PERCENTILE
2026-01-12,半导体,4122.973,1.6875,77.22,50.0,2020-06-02,PRICE_PERCENTILE
2026-01-12,新能源,4003.258,2.4045,78.73,50.0,2020-04-03,PRICE_PERCENTILE
2026-01-12,沪深300,4789.916,1.7974,76.83,50.0,2009-07-10,PRICE_PERCENTILE
2026-01-12,消费,15496.583,2.1892,6.83,50.0,2015-03-24,PRICE_PERCENTILE
2026-01-12,科技,3388.341,3.4463,95.63,50.0,2011-09-20,PRICE_PERCENTILE
2026-01-13,医药,8770.687,0.9968,34.92,50.0,2019-03-26,PRICE_PERCENTILE
2026-01-13,半导体,4113.286,1.6334,76.51,50.0,2020-06-02,PRICE_PERCENTILE
2026-01-13,新能源,3976.83,2.4012,78.1,50.0,2020-04-03,PRICE_PERCENTILE
2026-01-13,沪深300,4761.032,1.7871,76.27,50.0,2009-07-10,PRICE_PERCENTILE
2026-01-13,消费,15342.436,2.1687,4.68,50.0,2015-03-24,PRICE_PERCENTILE
2026-01-13,科技,3321.889,3.3824,93.02,50.0,2011-09-20,PRICE_PERCENTILE
2026-01-14,医药,8726.361,0.9921,34.05,50.0,2019-03-26,PRICE_PERCENTILE
2026-01-14,半导体,4091.959,1.6575,75.32,50.0,2020-06-02,PRICE_PERCENTILE
2026-01-14,新能源,3941.648,2.3735,77.14,50.0,2020-04-03,PRICE_PERCENTILE
2026-01-14,沪深300,4741.931,1.7806,75.95,50.0,2009-07-10,PRICE_PERCENTILE
2026-01-14,消费,15271.592,2.1592,4.05,50.0,2015-03-24,PRICE_PERCENTILE
2026-01-14,科技,3349.138,3.4087,94.44,50.0,2011-09-20,PRICE_PERCENTILE
2026-01-15,医药,8656.723,0.985,33.02,50.0,2019-03-26,PRICE_PERCENTILE
2026-01-15,半导体,4073.149,1.6762,74.05,50.0,2020-06-02,PRICE_PERCENTILE
2026-01-15,新能源,4002.115,2.4124,78.65,50.0,2020-04-03,PRICE_PERCENTILE
2026-01-15,沪深300,4751.429,1.7839,76.19,50.0,2009-07-10,PRICE_PERCENTILE
2026-01-15,消费,15213.562,2.1515,3.25,50.0,2015-03-24,PRICE_PERCENTILE
2026-01-15,科技,3367.917,3.4271,95.0,50.0,2011-09-20,PRICE_PERCENTILE
2026-01-16,医药,8544.898,0.9733,31.9,50.0,2019-03-26,PRICE_PERCENTILE
2026-01-16,半导体,4103.588,1.7269,76.03,50.0,2020-06-02,PRICE_PERCENTILE
2026-01-16,新能源,4016.415,2.41,79.37,50.0,2020-04-03,PRICE_PERCENTILE
2026-01-16,沪深300,4731.873,1.7779,75.87,50.0,2009-07-10,PRICE_PERCENTILE
2026-01-16,消费,15035.573,2.1279,2.46,50.0,2015-03-24,PRICE_PERCENTILE
2026-01-16,科技,3361.017,3.4207,94.84,50.0,2011-09-20,PRICE_PERCENTILE
2026-01-19,医药,8487.277,0.9671,31.03,50.0,2019-03-26,PRICE_PERCENTILE
2026-01-19,半导体,4089.875,1.7275,74.84,50.0,2020-06-02,PRICE_PERCENTILE
2026-01-19,新能源,4027.889,2.4105,79.84,50.0,2020-04-03,PRICE_PERCENTILE
2026-01-19,沪深300,4734.456,1.7788,75.95,50.0,2009-07-10,PRICE_PERCENTILE
2026-01-19,消费,15047.213,2.1294,2.62,50.0,2015-03-24,PRICE_PERCENTILE
2026-01-19,科技,3337.608,3.3982,93.81,50.0,2011-09-20,PRICE_PERCENTILE
2026-01-20,医药,8414.237,0.9592,29.76,50.0,2019-03-26,PRICE_PERCENTILE
2026-01-20,半导体,4170.908,1.7132,78.49,50.0,2020-06-02,PRICE_PERCENTILE
2026-01-20,新能源,3967.165,2.3782,77.3,50.0,2020-04-03,PRICE_PERCENTILE
2026-01-20,沪深300,4718.878,1.7731,75.79,50.0,2009-07-10,PRICE_PERCENTILE
2026-01-20,消费,15098.346,2.1361,2.94,50.0,2015-03-24,PRICE_PERCENTILE
2026-01-20,科技,3277.979,3.3406,90.32,50.0,2011-09-20,PRICE_PERCENTILE
2026-01-21,医药,8397.657,0.9574,29.52,50.0,2019-03-26,PRICE_PERCENTILE
2026-01-21,半导体,4155.084,1.7865,78.17,50.0,2020-06-02,PRICE_PERCENTILE
2026-01-21,新能源,4022.159,2.4139,79.44,50.0,2020-04-03,PRICE_PERCENTILE
2026-01-21,沪深300,4723.069,1.7748,75.87,50.0,2009-07-10,PRICE_PERCENTILE
2026-01-21,消费,14899.851,2.1096,2.22,50.0,2015-03-24,PRICE_PERCENTILE
2026-01-21,科技,3295.523,3.3576,91.75,50.0,2011-09-20,PRICE_PERCENTILE
2026-01-22,医药,8348.923,0.9523,28.65,50.0,2019-03-26,PRICE_PERCENTILE
2026-01-22,半导体,4160.306,1.7791,78.41,50.0,2020-06-02,PRICE_PERCENTILE
2026-01-22,新能源,3976.301,2.3875,77.7,50.0,2020-04-03,PRICE_PERCENTILE
2026-01-22,沪深300,4723.709,1.7748,75.95,50.0,2009-07-10,PRICE_PERCENTILE
2026-01-22,消费,14860.583,2.1045,2.14,50.0,2015-03-24,PRICE_PERCENTILE
2026-01-22,科技,3328.647,3.3895,93.25,50.0,2011-09-20,PRICE_PERCENTILE
2026-01-23,医药,8424.997,0.9603,30.32,50.0,2019-03-26,PRICE_PERCENTILE
2026-01-23,半导体,4157.343,1.7779,78.25,50.0,2020-06-02,PRICE_PERCENTILE
2026-01-23,新能源,4065.0,2.4481,80.48,50.0,2020-04-03,PRICE_PERCENTILE
2026-01-23,沪深300,4702.497,1.7678,75.4,50.0,2009-07-10,PRICE_PERCENTILE
2026-01-23,消费,14860.607,2.1045,2.22,50.0,2015-03-24,PRICE_PERCENTILE
2026-01-23,科技,3349.503,3.4096,94.29,50.0,2011-09-20,PRICE_PERCENTILE
2026-01-26,医药,8433.542,0.9612,30.48,50.0,2019-03-26,PRICE_PERCENTILE
2026-01-26,半导体,4183.587,1.7421,79.05,50.0,2020-06-02,PRICE_PERCENTILE
2026-01-26,新能源,4010.89,2.4033,78.73,50.0,2020-04-03,PRICE_PERCENTILE
2026-01-26,沪深300,4706.964,1.7694,75.48,50.0,2009-07-10,PRICE_PERCENTILE
2026-01-26,消费,14819.206,2.0988,2.06,50.0,2015-03-24,PRICE_PERCENTILE
2026-01-26,科技,3319.149,3.3809,92.3,50.0,2011-09-20,PRICE_PERCENTILE
2026-01-27,医药,8328.7,0.9502,28.17,50.0,2019-03-26,PRICE_PERCENTILE
2026-01-27,半导体,4131.675,1.7729,77.14,50.0,2020-06-02,PRICE_PERCENTILE
2026-01-27,新能源,3966.202,2.3733,76.9,50.0,2020-04-03,PRICE_PERCENTILE
2026-01-27,沪深300,4705.692,1.769,75.48,50.0,2009-07-10,PRICE_PERCENTILE
2026-01-27,消费,14583.673,2.0672,1.98,50.0,2015-03-24,PRICE_PERCENTILE
2026-01-27,科技,3342.599,3.4035,93.89,50.0,2011-09-20,PRICE_PERCENTILE
2026-01-28,医药,8226.913,0.9393,25.32,50.0,2019-03-26,PRICE_PERCENTILE
2026-01-28,半导体,4172.722,1.799,78.41,50.0,2020-06-02,PRICE_PERCENTILE
2026-01-28,新能源,3955.043,2.3651,76.75,50.0,2020-04-03,PRICE_PERCENTILE
2026-01-28,沪深300,4717.991,1.7734,76.03,50.0,2009-07-10,PRICE_PERCENTILE
2026-01-28,消费,14575.331,2.0662,1.98,50.0,2015-03-24,PRICE_PERCENTILE
2026-01-28,科技,3323.562,3.3855,92.62,50.0,2011-09-20,PRICE_PERCENTILE
2026-01-29,医药,8326.134,0.9499,28.17,50.0,2019-03-26,PRICE_PERCENTILE
2026-01-29,半导体,4180.619,1.7281,78.97,50.0,2020-06-02,PRICE_PERCENTILE
2026-01-29,新能源,3887.394,2.3275,74.6,50.0,2020-04-03,PRICE_PERCENTILE
2026-01-29,沪深300,4753.87,1.786,76.98,50.0,2009-07-10,PRICE_PERCENTILE
2026-01-29,消费,15341.689,2.1685,5.56,50.0,2015-03-24,PRICE_PERCENTILE
2026-01-29,科技,3304.51,3.3671,91.83,50.0,2011-09-20,PRICE_PERCENTILE
2026-01-30,医药,8198.626,0.9367,24.6,50.0,2019-03-26,PRICE_PERCENTILE
2026-01-30,半导体,4145.694,1.7495,77.38,50.0,2020-06-02,PRICE_PERCENTILE
2026-01-30,新能源,3824.606,2.2852,71.27,50.0,2020-04-03,PRICE_PERCENTILE
2026-01-30,沪深300,4706.34,1.769,75.56,50.0,2009-07-10,PRICE_PERCENTILE
2026-01-30,消费,14964.989,2.1195,2.78,50.0,2015-03-24,PRICE_PERCENTILE
2026-01-30,科技,3346.355,3.4075,93.97,50.0,2011-09-20,PRICE_PERCENTILE
2026-02-02,医药,8015.215,0.9174,19.44,50.0,2019-03-26,PRICE_PERCENTILE
2026-02-02,半导体,3992.506,1.6677,66.51,50.0,2020-06-02,PRICE_PERCENTILE
2026-02-02,新能源,3739.472,2.2351,67.14,50.0,2020-04-03,PRICE_PERCENTILE
2026-02-02,沪深300,4605.98,1.7328,72.14,50.0,2009-07-10,PRICE_PERCENTILE
2026-02-02,消费,14936.868,2.1156,2.78,50.0,2015-03-24,PRICE_PERCENTILE
2026-02-02,科技,3264.111,3.3284,89.21,50.0,2011-09-20,PRICE_PERCENTILE
2026-02-03,医药,8131.395,0.9299,22.46,50.0,2019-03-26,PRICE_PERCENTILE
2026-02-03,半导体,4069.292,1.6897,73.02,50.0,2020-06-02,PRICE_PERCENTILE
2026-02-03,新能源,3809.826,2.282,70.79,50.0,2020-04-03,PRICE_PERCENTILE
2026-02-03,沪深300,4660.107,1.752,74.92,50.0,2009-07-10,PRICE_PERCENTILE
2026-02-03,消费,15073.753,2.1338,3.49,50.0,2015-03-24,PRICE_PERCENTILE
2026-02-03,科技,3324.892,3.3872,92.62,50.0,2011-09-20,PRICE_PERCENTILE
2026-02-04,医药,8243.339,0.9419,26.35,50.0,2019-03-26,PRICE_PERCENTILE
2026-02-04,半导体,4122.204,1.6573,76.43,50.0,2020-06-02,PRICE_PERCENTILE
2026-02-04,新能源,3854.445,2.303,72.78,50.0,2020-04-03,PRICE_PERCENTILE
2026-02-04,沪深300,4698.683,1.7658,75.48,50.0,2009-07-10,PRICE_PERCENTILE
2026-02-04,消费,15391.328,2.176,6.67,50.0,2015-03-24,PRICE_PERCENTILE
2026-02-04,科技,3311.515,3.3745,91.83,50.0,2011-09-20,PRICE_PERCENTILE
2026-02-05,医药,8283.699,0.9458,27.3,50.0,2019-03-26,PRICE_PERCENTILE
2026-02-05,半导体,4059.804,1.6338,72.46,50.0,2020-06-02,PRICE_PERCENTILE
2026-02-05,新能源,3777.402,2.2538,69.13,50.0,2020-04-03,PRICE_PERCENTILE
2026-02-05,沪深300,4670.419,1.7559,75.08,50.0,2009-07-10,PRICE_PERCENTILE
2026-02-05,消费,15518.605,2.193,8.73,50.0,2015-03-24,PRICE_PERCENTILE
2026-02-05,科技,3260.278,3.325,88.73,50.0,2011-09-20,PRICE_PERCENTILE
2026-02-06,医药,8263.317,0.9436,26.51,50.0,2019-03-26,PRICE_PERCENTILE
2026-02-06,半导体,4017.231,1.6189,68.57,50.0,2020-06-02,PRICE_PERCENTILE
2026-02-06,新能源,3833.299,2.2914,71.59,50.0,2020-04-03,PRICE_PERCENTILE
2026-02-06,沪深300,4643.596,1.747,74.37,50.0,2009-07-10,PRICE_PERCENTILE
2026-02-06,消费,15333.477,2.1691,5.71,50.0,2015-03-24,PRICE_PERCENTILE
2026-02-06,科技,3236.464,3.3023,87.38,50.0,2011-09-20,PRICE_PERCENTILE
2026-02-09,医药,8292.578,0.9467,27.78,50.0,2019-03-26,PRICE_PERCENTILE
2026-02-09,半导体,4073.873,1.6721,73.1,50.0,2020-06-02,PRICE_PERCENTILE
2026-02-09,新能源,3875.824,2.3137,73.89,50.0,2020-04-03,PRICE_PERCENTILE
2026-02-09,沪深300,4719.056,1.7741,76.67,50.0,2009-07-10,PRICE_PERCENTILE
2026-02-09,消费,15363.384,2.173,6.67,50.0,2015-03-24,PRICE_PERCENTILE
2026-02-09,科技,3332.77,3.3954,93.33,50.0,2011-09-20,PRICE_PERCENTILE
2026-02-10,医药,8351.273,0.953,29.6,50.0,2019-03-26,PRICE_PERCENTILE
2026-02-10,半导体,4045.447,1.6829,71.19,50.0,2020-06-02,PRICE_PERCENTILE
2026-02-10,新能源,3872.446,2.3062,73.65,50.0,2020-04-03,PRICE_PERCENTILE
2026-02-10,沪深300,4724.296,1.7761,76.9,50.0,2009-07-10,PRICE_PERCENTILE
2026-02-10,消费,15179.843,2.1488,4.13,50.0,2015-03-24,PRICE_PERCENTILE
2026-02-10,科技,3320.537,3.3841,92.06,50.0,2011-09-20,PRICE_PERCENTILE
2026-02-11,医药,8356.835,0.9535,29.84,50.0,2019-03-26,PRICE_PERCENTILE
2026-02-11,半导体,4051.776,1.6596,71.9,50.0,2020-06-02,PRICE_PERCENTILE
2026-02-11,新能源,3918.731,2.3338,75.71,50.0,2020-04-03,PRICE_PERCENTILE
2026-02-11,沪深300,4713.819,1.7724,76.35,50.0,2009-07-10,PRICE_PERCENTILE
2026-02-11,消费,15197.614,2.1511,4.29,50.0,2015-03-24,PRICE_PERCENTILE
2026-02-11,科技,3284.735,3.3498,90.08,50.0,2011-09-20,PRICE_PERCENTILE
2026-02-12,医药,8317.187,0.9496,28.49,50.0,2019-03-26,PRICE_PERCENTILE
2026-02-12,半导体,4062.042,1.6888,72.54,50.0,2020-06-02,PRICE_PERCENTILE
2026-02-12,新能源,3961.067,2.3575,76.75,50.0,2020-04-03,PRICE_PERCENTILE
2026-02-12,沪深300,4719.578,1.7749,76.83,50.0,2009-07-10,PRICE_PERCENTILE
2026-02-12,消费,14996.436,2.1243,3.02,50.0,2015-03-24,PRICE_PERCENTILE
2026-02-12,科技,3328.063,3.392,92.78,50.0,2011-09-20,PRICE_PERCENTILE
2026-02-13,医药,8202.025,0.9373,25.16,50.0,2019-03-26,PRICE_PERCENTILE
2026-02-13,半导体,4024.889,1.6891,69.13,50.0,2020-06-02,PRICE_PERCENTILE
2026-02-13,新能源,3915.745,2.337,75.4,50.0,2020-04-03,PRICE_PERCENTILE
2026-02-13,沪深300,4660.406,1.7536,75.08,50.0,2009-07-10,PRICE_PERCENTILE
2026-02-13,消费,14952.521,2.1184,2.86,50.0,2015-03-24,PRICE_PERCENTILE
2026-02-13,科技,3275.958,3.3423,88.97,50.0,2011-09-20,PRICE_PERCENTILE
2026-02-24,医药,8203.623,0.9373,25.24,50.0,2019-03-26,PRICE_PERCENTILE
2026-02-24,半导体,4129.647,1.6953,76.75,50.0,2020-06-02,PRICE_PERCENTILE
2026-02-24,新能源,3940.715,2.3561,76.11,50.0,2020-04-03,PRICE_PERCENTILE
2026-02-24,沪深300,4707.544,1.7704,76.19,50.0,2009-07-10,PRICE_PERCENTILE
2026-02-24,消费,14850.044,2.1043,2.3,50.0,2015-03-24,PRICE_PERCENTILE
2026-02-24,科技,3308.265,3.3738,91.35,50.0,2011-09-20,PRICE_PERCENTILE
2026-02-25,医药,8257.646,0.9429,26.67,50.0,2019-03-26,PRICE_PERCENTILE
2026-02-25,半导体,4157.543,1.7025,78.02,50.0,2020-06-02,PRICE_PERCENTILE
2026-02-25,新能源,3998.727,2.3982,78.1,50.0,2020-04-03,PRICE_PERCENTILE
2026-02-25,沪深300,4735.886,1.7806,77.54,50.0,2009-07-10,PRICE_PERCENTILE
2026-02-25,消费,14934.313,2.1156,2.86,50.0,2015-03-24,PRICE_PERCENTILE
2026-02-25,科技,3354.819,3.4187,94.6,50.0,2011-09-20,PRICE_PERCENTILE
2026-02-26,医药,8171.498,0.9338,23.57,50.0,2019-03-26,PRICE_PERCENTILE
2026-02-26,半导体,4179.416,1.7229,78.81,50.0,2020-06-02,PRICE_PERCENTILE
2026-02-26,新能源,3931.209,2.3577,75.71,50.0,2020-04-03,PRICE_PERCENTILE
2026-02-26,沪深300,4726.874,1.7773,77.38,50.0,2009-07-10,PRICE_PERCENTILE
2026-02-26,消费,14816.508,2.0999,2.22,50.0,2015-03-24,PRICE_PERCENTILE
2026-02-26,科技,3344.982,3.4091,93.73,50.0,2011-09-20,PRICE_PERCENTILE
2026-02-27,医药,8180.37,0.9347,23.81,50.0,2019-03-26,PRICE_PERCENTILE
2026-02-27,半导体,4228.85,1.7118,81.75,50.0,2020-06-02,PRICE_PERCENTILE
2026-02-27,新能源,3938.286,2.3604,75.87,50.0,2020-04-03,PRICE_PERCENTILE
2026-02-27,沪深300,4710.647,1.7716,76.43,50.0,2009-07-10,PRICE_PERCENTILE
2026-02-27,消费,14897.789,2.1107,2.78,50.0,2015-03-24,PRICE_PERCENTILE
2026-02-27,科技,3310.305,3.3757,91.35,50.0,2011-09-20,PRICE_PERCENTILE
2026-03-02,医药,8043.418,0.9199,20.24,50.0,2019-03-26,PRICE_PERCENTILE
2026-03-02,半导体,4220.038,1.6859,81.11,50.0,2020-06-02,PRICE_PERCENTILE
2026-03-02,新能源,3929.868,2.339,75.56,50.0,2020-04-03,PRICE_PERCENTILE
2026-03-02,沪深300,4728.669,1.7781,77.54,50.0,2009-07-10,PRICE_PERCENTILE
2026-03-02,消费,14771.398,2.0937,2.22,50.0,2015-03-24,PRICE_PERCENTILE
2026-03-02,科技,3294.161,3.3606,90.32,50.0,2011-09-20,PRICE_PERCENTILE
2026-03-03,医药,7895.262,0.9039,15.56,50.0,2019-03-26,PRICE_PERCENTILE
2026-03-03,半导体,4106.704,1.5989,74.84,50.0,2020-06-02,PRICE_PERCENTILE
2026-03-03,新能源,3804.505,2.2626,69.68,50.0,2020-04-03,PRICE_PERCENTILE
2026-03-03,沪深300,4655.896,1.7521,74.92,50.0,2009-07-10,PRICE_PERCENTILE
2026-03-03,消费,14729.193,2.088,2.22,50.0,2015-03-24,PRICE_PERCENTILE
2026-03-03,科技,3209.482,3.278,84.6,50.0,2011-09-20,PRICE_PERCENTILE
2026-03-04,医药,7797.858,0.8934,12.22,50.0,2019-03-26,PRICE_PERCENTILE
2026-03-04,半导体,4080.461,1.5897,73.02,50.0,2020-06-02,PRICE_PERCENTILE
2026-03-04,新能源,3794.423,2.2522,68.97,50.0,2020-04-03,PRICE_PERCENTILE
2026-03-04,沪深300,4602.625,1.7331,72.14,50.0,2009-07-10,PRICE_PERCENTILE
2026-03-04,消费,14578.495,2.0679,2.06,50.0,2015-03-24,PRICE_PERCENTILE
2026-03-04,科技,3164.371,3.2343,81.83,50.0,2011-09-20,PRICE_PERCENTILE
2026-03-05,医药,7831.576,0.897,13.49,50.0,2019-03-26,PRICE_PERCENTILE
2026-03-05,半导体,4135.732,1.6225,76.83,50.0,2020-06-02,PRICE_PERCENTILE
2026-03-05,新能源,3823.718,2.2726,70.24,50.0,2020-04-03,PRICE_PERCENTILE
2026-03-05,沪深300,4647.692,1.7487,74.6,50.0,2009-07-10,PRICE_PERCENTILE
2026-03-05,消费,14530.536,2.0614,1.98,50.0,2015-03-24,PRICE_PERCENTILE
2026-03-05,科技,3216.939,3.2851,85.0,50.0,2011-09-20,PRICE_PERCENTILE
2026-03-06,医药,8009.048,0.9161,19.6,50.0,2019-03-26,PRICE_PERCENTILE
2026-03-06,半导体,4205.686,1.6206,79.92,50.0,2020-06-02,PRICE_PERCENTILE
2026-03-06,新能源,3815.377,2.271,69.84,50.0,2020-04-03,PRICE_PERCENTILE
2026-03-06,沪深300,4660.439,1.7534,75.4,50.0,2009-07-10,PRICE_PERCENTILE
2026-03-06,消费,14896.768,2.1102,3.1,50.0,2015-03-24,PRICE_PERCENTILE
2026-03-06,科技,3229.302,3.2968,85.87,50.0,2011-09-20,PRICE_PERCENTILE
2026-03-09,医药,7921.517,0.9067,16.83,50.0,2019-03-26,PRICE_PERCENTILE
2026-03-09,半导体,4169.154,1.5856,77.86,50.0,2020-06-02,PRICE_PERCENTILE
2026-03-09,新能源,3828.887,2.2875,70.32,50.0,2020-04-03,PRICE_PERCENTILE
2026-03-09,沪深300,4615.455,1.7373,72.7,50.0,2009-07-10,PRICE_PERCENTILE
2026-03-09,消费,14865.423,2.106,3.02,50.0,2015-03-24,PRICE_PERCENTILE
2026-03-09,科技,3208.582,3.2768,84.29,50.0,2011-09-20,PRICE_PERCENTILE
2026-03-10,医药,8085.318,0.9243,21.59,50.0,2019-03-26,PRICE_PERCENTILE
2026-03-10,半导体,4239.355,1.6213,82.22,50.0,2020-06-02,PRICE_PERCENTILE
2026-03-10,新能源,3905.656,2.3248,74.52,50.0,2020-04-03,PRICE_PERCENTILE
2026-03-10,沪深300,4674.756,1.7584,75.71,50.0,2009-07-10,PRICE_PERCENTILE
2026-03-10,消费,14848.131,2.1037,2.7,50.0,2015-03-24,PRICE_PERCENTILE
2026-03-10,科技,3306.141,3.3714,91.03,50.0,2011-09-20,PRICE_PERCENTILE
2026-03-11,医药,8064.441,0.922,21.27,50.0,2019-03-26,PRICE_PERCENTILE
2026-03-11,半导体,4331.618,1.6046,89.52,50.0,2020-06-02,PRICE_PERCENTILE
2026-03-11,新能源,3994.113,2.3791,77.94,50.0,2020-04-03,PRICE_PERCENTILE
2026-03-11,沪深300,4704.496,1.769,76.43,50.0,2009-07-10,PRICE_PERCENTILE
2026-03-11,消费,14930.427,2.1146,3.57,50.0,2015-03-24,PRICE_PERCENTILE
2026-03-11,科技,3349.529,3.4133,94.21,50.0,2011-09-20,PRICE_PERCENTILE
2026-03-12,医药,8013.841,0.9166,19.84,50.0,2019-03-26,PRICE_PERCENTILE
2026-03-12,半导体,4365.782,1.5879,91.11,50.0,2020-06-02,PRICE_PERCENTILE
2026-03-12,新能源,3983.564,2.3704,77.7,50.0,2020-04-03,PRICE_PERCENTILE
2026-03-12,沪深300,4687.56,1.7628,75.95,50.0,2009-07-10,PRICE_PERCENTILE
2026-03-12,消费,14996.335,2.1234,4.05,50.0,2015-03-24,PRICE_PERCENTILE
2026-03-12,科技,3317.522,3.3816,91.35,50.0,2011-09-20,PRICE_PERCENTILE
2026-03-13,医药,7983.611,0.9133,18.73,50.0,2019-03-26,PRICE_PERCENTILE
2026-03-13,半导体,4406.185,1.5747,93.25,50.0,2020-06-02,PRICE_PERCENTILE
2026-03-13,新能源,3983.017,2.3785,77.62,50.0,2020-04-03,PRICE_PERCENTILE
2026-03-13,沪深300,4669.14,1.7563,75.63,50.0,2009-07-10,PRICE_PERCENTILE
2026-03-13,消费,15037.792,2.129,4.37,50.0,2015-03-24,PRICE_PERCENTILE
2026-03-13,科技,3310.278,3.3747,91.11,50.0,2011-09-20,PRICE_PERCENTILE
2026-03-16,医药,8019.26,0.9171,20.24,50.0,2019-03-26,PRICE_PERCENTILE
2026-03-16,半导体,4282.278,1.602,85.4,50.0,2020-06-02,PRICE_PERCENTILE
2026-03-16,新能源,4001.777,2.379,78.17,50.0,2020-04-03,PRICE_PERCENTILE
2026-03-16,沪深300,4671.559,1.7572,75.79,50.0,2009-07-10,PRICE_PERCENTILE
2026-03-16,消费,15203.591,2.1509,5.63,50.0,2015-03-24,PRICE_PERCENTILE
2026-03-16,科技,3357.022,3.4205,94.68,50.0,2011-09-20,PRICE_PERCENTILE
2026-03-17,医药,8051.306,0.9204,21.11,50.0,2019-03-26,PRICE_PERCENTILE
2026-03-17,半导体,4216.999,1.5599,80.24,50.0,2020-06-02,PRICE_PERCENTILE
2026-03-17,新能源,3917.433,2.3288,74.84,50.0,2020-04-03,PRICE_PERCENTILE
2026-03-17,沪深300,4637.439,1.7451,74.13,50.0,2009-07-10,PRICE_PERCENTILE
2026-03-17,消费,15182.507,2.1481,5.56,50.0,2015-03-24,PRICE_PERCENTILE
2026-03-17,科技,3280.059,3.3466,88.81,50.0,2011-09-20,PRICE_PERCENTILE
2026-03-18,医药,8068.086,0.9223,21.75,50.0,2019-03-26,PRICE_PERCENTILE
2026-03-18,半导体,4212.353,1.5919,80.0,50.0,2020-06-02,PRICE_PERCENTILE
2026-03-18,新能源,3884.638,2.3072,73.33,50.0,2020-04-03,PRICE_PERCENTILE
2026-03-18,沪深300,4658.332,1.7524,75.4,50.0,2009-07-10,PRICE_PERCENTILE
2026-03-18,消费,15038.075,2.1287,4.44,50.0,2015-03-24,PRICE_PERCENTILE
2026-03-18,科技,3346.365,3.4106,93.73,50.0,2011-09-20,PRICE_PERCENTILE
2026-03-19,医药,7945.276,0.9091,17.7,50.0,2019-03-26,PRICE_PERCENTILE
2026-03-19,半导体,4128.718,1.5543,75.56,50.0,2020-06-02,PRICE_PERCENTILE
2026-03-19,新能源,3790.891,2.2427,68.02,50.0,2020-04-03,PRICE_PERCENTILE
2026-03-19,沪深300,4583.251,1.7256,71.35,50.0,2009-07-10,PRICE_PERCENTILE
2026-03-19,消费,14839.042,2.1021,2.7,50.0,2015-03-24,PRICE_PERCENTILE
2026-03-19,科技,3309.103,3.3746,90.87,50.0,2011-09-20,PRICE_PERCENTILE
2026-03-20,医药,7857.347,0.8997,14.29,50.0,2019-03-26,PRICE_PERCENTILE
2026-03-20,半导体,4066.958,1.5308,71.35,50.0,2020-06-02,PRICE_PERCENTILE
2026-03-20,新能源,3847.459,2.2748,70.95,50.0,2020-04-03,PRICE_PERCENTILE
2026-03-20,沪深300,4567.018,1.7199,70.63,50.0,2009-07-10,PRICE_PERCENTILE
2026-03-20,消费,14761.788,2.0918,2.46,50.0,2015-03-24,PRICE_PERCENTILE
2026-03-20,科技,3352.103,3.4158,94.29,50.0,2011-09-20,PRICE_PERCENTILE
2026-03-23,医药,7547.928,0.8667,7.86,50.0,2019-03-26,PRICE_PERCENTILE
2026-03-23,半导体,3911.45,1.4592,56.75,50.0,2020-06-02,PRICE_PERCENTILE
2026-03-23,新能源,3801.556,2.2429,68.73,50.0,2020-04-03,PRICE_PERCENTILE
2026-03-23,沪深300,4417.997,1.6664,66.35,50.0,2009-07-10,PRICE_PERCENTILE
2026-03-23,消费,14184.766,2.0148,1.51,50.0,2015-03-24,PRICE_PERCENTILE
2026-03-23,科技,3235.221,3.3008,85.71,50.0,2011-09-20,PRICE_PERCENTILE
2026-03-24,医药,7726.938,0.8859,10.56,50.0,2019-03-26,PRICE_PERCENTILE
2026-03-24,半导体,4024.405,1.4798,67.3,50.0,2020-06-02,PRICE_PERCENTILE
2026-03-24,新能源,3815.104,2.2558,69.13,50.0,2020-04-03,PRICE_PERCENTILE
2026-03-24,沪深300,4474.722,1.6866,67.7,50.0,2009-07-10,PRICE_PERCENTILE
2026-03-24,消费,14255.974,2.0243,1.67,50.0,2015-03-24,PRICE_PERCENTILE
2026-03-24,科技,3251.545,3.3167,86.98,50.0,2011-09-20,PRICE_PERCENTILE
2026-03-25,医药,7780.233,0.8917,12.06,50.0,2019-03-26,PRICE_PERCENTILE
2026-03-25,半导体,4123.966,1.5126,75.24,50.0,2020-06-02,PRICE_PERCENTILE
2026-03-25,新能源,3869.551,2.2931,72.38,50.0,2020-04-03,PRICE_PERCENTILE
2026-03-25,沪深300,4537.466,1.7091,69.6,50.0,2009-07-10,PRICE_PERCENTILE
2026-03-25,消费,14365.127,2.0387,1.98,50.0,2015-03-24,PRICE_PERCENTILE
2026-03-25,科技,3316.971,3.38,91.03,50.0,2011-09-20,PRICE_PERCENTILE
2026-03-26,医药,7665.83,0.8793,9.37,50.0,2019-03-26,PRICE_PERCENTILE
2026-03-26,半导体,4032.087,1.477,68.25,50.0,2020-06-02,PRICE_PERCENTILE
2026-03-26,新能源,3868.11,2.3047,72.38,50.0,2020-04-03,PRICE_PERCENTILE
2026-03-26,沪深300,4477.534,1.6877,67.78,50.0,2009-07-10,PRICE_PERCENTILE
2026-03-26,消费,14222.844,2.02,1.67,50.0,2015-03-24,PRICE_PERCENTILE
2026-03-26,科技,3272.488,3.3367,87.7,50.0,2011-09-20,PRICE_PERCENTILE
2026-03-27,医药,7926.419,0.9073,17.38,50.0,2019-03-26,PRICE_PERCENTILE
2026-03-27,半导体,4024.914,1.4813,67.46,50.0,2020-06-02,PRICE_PERCENTILE
2026-03-27,新能源,3967.552,2.3713,76.59,50.0,2020-04-03,PRICE_PERCENTILE
2026-03-27,沪深300,4502.57,1.6966,68.73,50.0,2009-07-10,PRICE_PERCENTILE
2026-03-27,消费,14476.742,2.0536,2.22,50.0,2015-03-24,PRICE_PERCENTILE
2026-03-27,科技,3295.88,3.3595,89.76,50.0,2011-09-20,PRICE_PERCENTILE
2026-03-30,医药,7989.073,0.9139,19.52,50.0,2019-03-26,PRICE_PERCENTILE
2026-03-30,半导体,4041.278,1.4759,68.89,50.0,2020-06-02,PRICE_PERCENTILE
2026-03-30,新能源,3944.188,2.365,75.87,50.0,2020-04-03,PRICE_PERCENTILE
2026-03-30,沪深300,4491.95,1.6928,68.25,50.0,2009-07-10,PRICE_PERCENTILE
2026-03-30,消费,14486.977,2.0549,2.3,50.0,2015-03-24,PRICE_PERCENTILE
2026-03-30,科技,3273.355,3.3377,87.62,50.0,2011-09-20,PRICE_PERCENTILE
2026-03-31,医药,7955.109,0.9103,18.41,50.0,2019-03-26,PRICE_PERCENTILE
2026-03-31,半导体,3993.416,1.4251,63.89,50.0,2020-06-02,PRICE_PERCENTILE
2026-03-31,新能源,3839.656,2.3022,70.48,50.0,2020-04-03,PRICE_PERCENTILE
2026-03-31,沪深300,4450.049,1.6779,67.06,50.0,2009-07-10,PRICE_PERCENTILE
2026-03-31,消费,14326.941,2.0336,2.06,50.0,2015-03-24,PRICE_PERCENTILE
2026-03-31,科技,3184.952,3.2525,81.03,50.0,2011-09-20,PRICE_PERCENTILE
2026-04-01,医药,8225.672,0.9393,27.62,50.0,2019-03-26,PRICE_PERCENTILE
2026-04-01,半导体,4030.47,1.4706,68.1,50.0,2020-06-02,PRICE_PERCENTILE
2026-04-01,新能源,3865.358,2.3127,71.98,50.0,2020-04-03,PRICE_PERCENTILE
2026-04-01,沪深300,4526.067,1.705,69.6,50.0,2009-07-10,PRICE_PERCENTILE
2026-04-01,消费,14455.493,2.0505,2.3,50.0,2015-03-24,PRICE_PERCENTILE
2026-04-01,科技,3247.523,3.3128,86.35,50.0,2011-09-20,PRICE_PERCENTILE
2026-04-02,医药,8215.97,0.9382,27.38,50.0,2019-03-26,PRICE_PERCENTILE
2026-04-02,半导体,3971.815,1.429,61.35,50.0,2020-06-02,PRICE_PERCENTILE
2026-04-02,新能源,3805.138,2.2842,68.57,50.0,2020-04-03,PRICE_PERCENTILE
2026-04-02,沪深300,4478.914,1.688,67.94,50.0,2009-07-10,PRICE_PERCENTILE
2026-04-02,消费,14571.842,2.066,2.7,50.0,2015-03-24,PRICE_PERCENTILE
2026-04-02,科技,3172.649,3.2403,80.56,50.0,2011-09-20,PRICE_PERCENTILE
2026-04-03,医药,8063.201,0.9219,22.3,50.0,2019-03-26,PRICE_PERCENTILE
2026-04-03,半导体,3899.902,1.4239,55.56,50.0,2020-06-02,PRICE_PERCENTILE
2026-04-03,新能源,3716.925,2.2386,63.57,50.0,2020-04-03,PRICE_PERCENTILE
2026-04-03,沪深300,4440.789,1.6745,66.75,50.0,2009-07-10,PRICE_PERCENTILE
2026-04-03,消费,14371.844,2.0395,2.22,50.0,2015-03-24,PRICE_PERCENTILE
2026-04-03,科技,3149.596,3.2182,79.68,50.0,2011-09-20,PRICE_PERCENTILE
2026-04-07,医药,8060.353,0.9215,22.22,50.0,2019-03-26,PRICE_PERCENTILE
2026-04-07,半导体,3925.88,1.4452,57.46,50.0,2020-06-02,PRICE_PERCENTILE
2026-04-07,新能源,3718.602,2.2426,63.57,50.0,2020-04-03,PRICE_PERCENTILE
2026-04-07,沪深300,4440.616,1.6745,66.75,50.0,2009-07-10,PRICE_PERCENTILE
2026-04-07,消费,14354.349,2.0369,2.14,50.0,2015-03-24,PRICE_PERCENTILE
2026-04-07,科技,3160.816,3.2293,79.84,50.0,2011-09-20,PRICE_PERCENTILE
2026-04-08,医药,8197.936,0.9365,26.75,50.0,2019-03-26,PRICE_PERCENTILE
2026-04-08,半导体,4066.241,1.5301,71.19,50.0,2020-06-02,PRICE_PERCENTILE
2026-04-08,新能源,3863.807,2.3232,71.9,50.0,2020-04-03,PRICE_PERCENTILE
2026-04-08,沪深300,4595.556,1.73,72.86,50.0,2009-07-10,PRICE_PERCENTILE
2026-04-08,消费,14560.53,2.0644,2.86,50.0,2015-03-24,PRICE_PERCENTILE
2026-04-08,科技,3347.61,3.4097,93.65,50.0,2011-09-20,PRICE_PERCENTILE
2026-04-09,医药,8099.615,0.9259,23.65,50.0,2019-03-26,PRICE_PERCENTILE
2026-04-09,半导体,4025.71,1.5302,67.3,50.0,2020-06-02,PRICE_PERCENTILE
2026-04-09,新能源,3842.358,2.3122,70.48,50.0,2020-04-03,PRICE_PERCENTILE
2026-04-09,沪深300,4566.224,1.7195,71.51,50.0,2009-07-10,PRICE_PERCENTILE
2026-04-09,消费,14363.522,2.0382,2.22,50.0,2015-03-24,PRICE_PERCENTILE
2026-04-09,科技,3323.299,3.3861,91.67,50.0,2011-09-20,PRICE_PERCENTILE
2026-04-10,医药,8140.238,0.9303,24.6,50.0,2019-03-26,PRICE_PERCENTILE
2026-04-10,半导体,4033.406,1.5575,68.17,50.0,2020-06-02,PRICE_PERCENTILE
2026-04-10,新能源,3991.483,2.3942,77.78,50.0,2020-04-03,PRICE_PERCENTILE
2026-04-10,沪深300,4636.566,1.7447,75.32,50.0,2009-07-10,PRICE_PERCENTILE
2026-04-10,消费,14319.432,2.0324,1.98,50.0,2015-03-24,PRICE_PERCENTILE
2026-04-10,科技,3448.787,3.5083,97.22,50.0,2011-09-20,PRICE_PERCENTILE
2026-04-13,医药,8059.487,0.9216,22.14,50.0,2019-03-26,PRICE_PERCENTILE
2026-04-13,半导体,4004.717,1.567,64.52,50.0,2020-06-02,PRICE_PERCENTILE
2026-04-13,新能源,4049.637,2.4323,80.0,50.0,2020-04-03,PRICE_PERCENTILE
2026-04-13,沪深300,4646.155,1.748,76.03,50.0,2009-07-10,PRICE_PERCENTILE
2026-04-13,消费,14319.046,2.0321,1.98,50.0,2015-03-24,PRICE_PERCENTILE
2026-04-13,科技,3476.44,3.5361,98.33,50.0,2011-09-20,PRICE_PERCENTILE
2026-04-14,医药,8113.711,0.9274,23.97,50.0,2019-03-26,PRICE_PERCENTILE
2026-04-14,半导体,4026.621,1.5976,67.3,50.0,2020-06-02,PRICE_PERCENTILE
2026-04-14,新能源,4130.117,2.4872,81.43,50.0,2020-04-03,PRICE_PERCENTILE
2026-04-14,沪深300,4701.284,1.7677,78.02,50.0,2009-07-10,PRICE_PERCENTILE
2026-04-14,消费,14457.688,2.0506,2.78,50.0,2015-03-24,PRICE_PERCENTILE
2026-04-14,科技,3558.527,3.6154,99.84,50.0,2011-09-20,PRICE_PERCENTILE
2026-04-15,医药,8207.924,0.9375,27.86,50.0,2019-03-26,PRICE_PERCENTILE
2026-04-15,半导体,4022.843,1.5906,66.51,50.0,2020-06-02,PRICE_PERCENTILE
2026-04-15,新能源,4054.944,2.4413,80.16,50.0,2020-04-03,PRICE_PERCENTILE
2026-04-15,沪深300,4685.246,1.7622,77.62,50.0,2009-07-10,PRICE_PERCENTILE
2026-04-15,消费,14481.921,2.0537,2.94,50.0,2015-03-24,PRICE_PERCENTILE
2026-04-15,科技,3514.96,3.5749,99.37,50.0,2011-09-20,PRICE_PERCENTILE
2026-04-16,医药,8186.496,0.9354,26.27,50.0,2019-03-26,PRICE_PERCENTILE
2026-04-16,半导体,4051.155,1.6074,69.92,50.0,2020-06-02,PRICE_PERCENTILE
2026-04-16,新能源,4165.904,2.5119,81.98,50.0,2020-04-03,PRICE_PERCENTILE
2026-04-16,沪深300,4736.608,1.7806,80.32,50.0,2009-07-10,PRICE_PERCENTILE
2026-04-16,消费,14490.658,2.0552,3.1,50.0,2015-03-24,PRICE_PERCENTILE
2026-04-16,科技,3626.271,3.6826,100.0,50.0,2011-09-20,PRICE_PERCENTILE
2026-04-17,医药,8014.115,0.917,20.71,50.0,2019-03-26,PRICE_PERCENTILE
2026-04-17,半导体,4054.716,1.618,70.48,50.0,2020-06-02,PRICE_PERCENTILE
2026-04-17,新能源,4155.59,2.5111,81.83,50.0,2020-04-03,PRICE_PERCENTILE
2026-04-17,沪深300,4728.672,1.7778,80.08,50.0,2009-07-10,PRICE_PERCENTILE
2026-04-17,消费,14276.365,2.0267,1.9,50.0,2015-03-24,PRICE_PERCENTILE
2026-04-17,科技,3678.293,3.7326,100.0,50.0,2011-09-20,PRICE_PERCENTILE
2026-04-20,医药,7995.102,0.9149,19.92,50.0,2019-03-26,PRICE_PERCENTILE
2026-04-20,半导体,4060.014,1.6451,70.71,50.0,2020-06-02,PRICE_PERCENTILE
2026-04-20,新能源,4139.78,2.4978,81.59,50.0,2020-04-03,PRICE_PERCENTILE
2026-04-20,沪深300,4757.442,1.7881,80.95,50.0,2009-07-10,PRICE_PERCENTILE
2026-04-20,消费,14275.109,2.0264,1.9,50.0,2015-03-24,PRICE_PERCENTILE
2026-04-20,科技,3677.576,3.7315,99.92,50.0,2011-09-20,PRICE_PERCENTILE
2026-04-21,医药,7953.555,0.911,18.33,50.0,2019-03-26,PRICE_PERCENTILE
2026-04-21,半导体,4074.998,1.6221,71.67,50.0,2020-06-02,PRICE_PERCENTILE
2026-04-21,新能源,4197.497,2.5364,82.3,50.0,2020-04-03,PRICE_PERCENTILE
2026-04-21,沪深300,4767.997,1.7922,81.43,50.0,2009-07-10,PRICE_PERCENTILE
2026-04-21,消费,14285.902,2.0285,2.06,50.0,2015-03-24,PRICE_PERCENTILE
2026-04-21,科技,3688.937,3.7436,100.0,50.0,2011-09-20,PRICE_PERCENTILE
2026-04-22,医药,7985.892,0.9144,19.6,50.0,2019-03-26,PRICE_PERCENTILE
2026-04-22,半导体,4068.176,1.665,71.19,50.0,2020-06-02,PRICE_PERCENTILE
2026-04-22,新能源,4194.08,2.5399,82.22,50.0,2020-04-03,PRICE_PERCENTILE
2026-04-22,沪深300,4799.627,1.8047,82.14,50.0,2009-07-10,PRICE_PERCENTILE
2026-04-22,消费,14187.804,2.0155,1.59,50.0,2015-03-24,PRICE_PERCENTILE
2026-04-22,科技,3752.759,3.8146,100.0,50.0,2011-09-20,PRICE_PERCENTILE
2026-04-23,医药,7974.429,0.9132,19.21,50.0,2019-03-26,PRICE_PERCENTILE
2026-04-23,半导体,4069.75,1.6427,71.27,50.0,2020-06-02,PRICE_PERCENTILE
2026-04-23,新能源,4124.028,2.4907,80.79,50.0,2020-04-03,PRICE_PERCENTILE
2026-04-23,沪深300,4786.327,1.7999,81.83,50.0,2009-07-10,PRICE_PERCENTILE
2026-04-23,消费,14193.605,2.016,1.67,50.0,2015-03-24,PRICE_PERCENTILE
2026-04-23,科技,3720.247,3.7839,99.92,50.0,2011-09-20,PRICE_PERCENTILE
2026-04-24,医药,7962.766,0.9119,18.81,50.0,2019-03-26,PRICE_PERCENTILE
2026-04-24,半导体,4015.406,1.6698,65.0,50.0,2020-06-02,PRICE_PERCENTILE
2026-04-24,新能源,4188.688,2.5558,81.98,50.0,2020-04-03,PRICE_PERCENTILE
2026-04-24,沪深300,4769.369,1.7942,81.59,50.0,2009-07-10,PRICE_PERCENTILE
2026-04-24,消费,14198.508,2.0167,1.75,50.0,2015-03-24,PRICE_PERCENTILE
2026-04-24,科技,3667.785,3.7336,99.6,50.0,2011-09-20,PRICE_PERCENTILE
2026-04-27,医药,7925.632,0.9079,17.38,50.0,2019-03-26,PRICE_PERCENTILE
2026-04-27,半导体,3959.719,1.7466,59.13,50.0,2020-06-02,PRICE_PERCENTILE
2026-04-27,新能源,4210.153,2.5779,82.3,50.0,2020-04-03,PRICE_PERCENTILE
2026-04-27,沪深300,4770.947,1.7946,81.67,50.0,2009-07-10,PRICE_PERCENTILE
2026-04-27,消费,14051.152,1.9969,1.11,50.0,2015-03-24,PRICE_PERCENTILE
2026-04-27,科技,3648.788,3.7187,99.52,50.0,2011-09-20,PRICE_PERCENTILE
2026-04-28,医药,8044.229,0.9207,22.3,50.0,2019-03-26,PRICE_PERCENTILE
2026-04-28,半导体,3969.025,1.7284,60.08,50.0,2020-06-02,PRICE_PERCENTILE
2026-04-28,新能源,4120.829,2.5275,80.56,50.0,2020-04-03,PRICE_PERCENTILE
2026-04-28,沪深300,4758.208,1.7901,81.03,50.0,2009-07-10,PRICE_PERCENTILE
2026-04-28,消费,14103.847,2.0039,1.35,50.0,2015-03-24,PRICE_PERCENTILE
2026-04-28,科技,3596.712,3.6686,99.37,50.0,2011-09-20,PRICE_PERCENTILE
2026-04-29,医药,8062.848,0.9229,23.1,50.0,2019-03-26,PRICE_PERCENTILE
2026-04-29,半导体,4004.973,1.7186,63.81,50.0,2020-06-02,PRICE_PERCENTILE
2026-04-29,新能源,4328.515,2.65,83.81,50.0,2020-04-03,PRICE_PERCENTILE
2026-04-29,沪深300,4810.347,1.8089,82.78,50.0,2009-07-10,PRICE_PERCENTILE
2026-04-29,消费,14352.733,2.0385,2.94,50.0,2015-03-24,PRICE_PERCENTILE
2026-04-29,科技,3687.168,3.7582,99.76,50.0,2011-09-20,PRICE_PERCENTILE
2026-04-30,医药,8015.93,0.9186,21.43,50.0,2019-03-26,PRICE_PERCENTILE
2026-04-30,半导体,3971.437,1.8052,60.16,50.0,2020-06-02,PRICE_PERCENTILE
2026-04-30,新能源,4296.543,2.6433,83.17,50.0,2020-04-03,PRICE_PERCENTILE
2026-04-30,沪深300,4807.307,1.808,82.7,50.0,2009-07-10,PRICE_PERCENTILE
2026-04-30,消费,14358.226,2.0391,3.1,50.0,2015-03-24,PRICE_PERCENTILE
2026-04-30,科技,3677.148,3.7493,99.52,50.0,2011-09-20,PRICE_PERCENTILE
2026-05-06,医药,8008.68,0.9177,20.95,50.0,2019-03-26,PRICE_PERCENTILE
2026-05-06,半导体,4006.419,1.9163,64.05,50.0,2020-06-02,PRICE_PERCENTILE
2026-05-06,新能源,4425.309,2.7248,85.24,50.0,2020-04-03,PRICE_PERCENTILE
2026-05-06,沪深300,4877.093,1.8332,86.03,50.0,2009-07-10,PRICE_PERCENTILE
2026-05-06,消费,14272.117,2.0275,2.3,50.0,2015-03-24,PRICE_PERCENTILE
2026-05-06,科技,3778.159,3.8469,100.0,50.0,2011-09-20,PRICE_PERCENTILE
2026-05-07,医药,8036.555,0.9207,22.14,50.0,2019-03-26,PRICE_PERCENTILE
2026-05-07,半导体,4109.038,1.9426,74.13,50.0,2020-06-02,PRICE_PERCENTILE
2026-05-07,新能源,4399.182,2.7014,84.68,50.0,2020-04-03,PRICE_PERCENTILE
2026-05-07,沪深300,4900.51,1.8415,87.54,50.0,2009-07-10,PRICE_PERCENTILE
2026-05-07,消费,14214.361,2.0197,2.06,50.0,2015-03-24,PRICE_PERCENTILE
2026-05-07,科技,3833.057,3.8996,100.0,50.0,2011-09-20,PRICE_PERCENTILE
2026-05-08,医药,7958.901,0.9123,18.65,50.0,2019-03-26,PRICE_PERCENTILE
2026-05-08,半导体,4106.629,1.8879,73.73,50.0,2020-06-02,PRICE_PERCENTILE
2026-05-08,新能源,4314.829,2.6468,83.33,50.0,2020-04-03,PRICE_PERCENTILE
2026-05-08,沪深300,4871.912,1.8313,85.95,50.0,2009-07-10,PRICE_PERCENTILE
2026-05-08,消费,14116.951,2.0068,1.51,50.0,2015-03-24,PRICE_PERCENTILE
2026-05-08,科技,3796.128,3.8642,99.92,50.0,2011-09-20,PRICE_PERCENTILE
2026-05-11,医药,8088.001,0.9265,24.29,50.0,2019-03-26,PRICE_PERCENTILE
2026-05-11,半导体,4137.752,2.0,76.11,50.0,2020-06-02,PRICE_PERCENTILE
2026-05-11,新能源,4346.336,2.6559,83.89,50.0,2020-04-03,PRICE_PERCENTILE
2026-05-11,沪深300,4951.837,1.86,90.56,50.0,2009-07-10,PRICE_PERCENTILE
2026-05-11,消费,14146.969,2.0108,1.59,50.0,2015-03-24,PRICE_PERCENTILE
2026-05-11,科技,3928.974,3.9921,100.0,50.0,2011-09-20,PRICE_PERCENTILE
2026-05-12,医药,8073.92,0.925,23.81,50.0,2019-03-26,PRICE_PERCENTILE
2026-05-12,半导体,4139.72,2.0126,76.11,50.0,2020-06-02,PRICE_PERCENTILE
2026-05-12,新能源,4270.403,2.6113,82.3,50.0,2020-04-03,PRICE_PERCENTILE
2026-05-12,沪深300,4948.047,1.8586,90.32,50.0,2009-07-10,PRICE_PERCENTILE
2026-05-12,消费,13938.714,1.9826,0.95,50.0,2015-03-24,PRICE_PERCENTILE
2026-05-12,科技,3934.882,3.9987,100.0,50.0,2011-09-20,PRICE_PERCENTILE
2026-05-13,医药,8005.328,0.9177,20.95,50.0,2019-03-26,PRICE_PERCENTILE
2026-05-13,半导体,4175.826,2.0621,77.7,50.0,2020-06-02,PRICE_PERCENTILE
2026-05-13,新能源,4295.525,2.6133,82.78,50.0,2020-04-03,PRICE_PERCENTILE
2026-05-13,沪深300,4998.342,1.8773,92.22,50.0,2009-07-10,PRICE_PERCENTILE
2026-05-13,消费,13839.312,1.9694,0.79,50.0,2015-03-24,PRICE_PERCENTILE
2026-05-13,科技,4038.333,4.0983,100.0,50.0,2011-09-20,PRICE_PERCENTILE
2026-05-14,医药,7823.35,0.8982,13.41,50.0,2019-03-26,PRICE_PERCENTILE
2026-05-14,半导体,4081.771,2.0101,71.75,50.0,2020-06-02,PRICE_PERCENTILE
2026-05-14,新能源,4176.377,2.5354,81.03,50.0,2020-04-03,PRICE_PERCENTILE
2026-05-14,沪深300,4914.597,1.8475,88.33,50.0,2009-07-10,PRICE_PERCENTILE
2026-05-14,消费,13850.67,1.9707,0.87,50.0,2015-03-24,PRICE_PERCENTILE
2026-05-14,科技,3951.14,4.0144,99.92,50.0,2011-09-20,PRICE_PERCENTILE
2026-05-15,医药,7763.076,0.8916,11.43,50.0,2019-03-26,PRICE_PERCENTILE
2026-05-15,半导体,4032.616,2.0051,67.06,50.0,2020-06-02,PRICE_PERCENTILE
2026-05-15,新能源,4158.243,2.5322,80.87,50.0,2020-04-03,PRICE_PERCENTILE
2026-05-15,沪深300,4859.593,1.8278,85.24,50.0,2009-07-10,PRICE_PERCENTILE
2026-05-15,消费,13642.807,1.9429,0.56,50.0,2015-03-24,PRICE_PERCENTILE
2026-05-15,科技,3929.064,3.9932,99.76,50.0,2011-09-20,PRICE_PERCENTILE
2026-05-18,医药,7608.293,0.875,8.81,50.0,2019-03-26,PRICE_PERCENTILE
2026-05-18,半导体,4005.119,2.023,63.17,50.0,2020-06-02,PRICE_PERCENTILE
2026-05-18,新能源,4134.891,2.5319,80.16,50.0,2020-04-03,PRICE_PERCENTILE
2026-05-18,沪深300,4833.524,1.8186,83.81,50.0,2009-07-10,PRICE_PERCENTILE
2026-05-18,消费,13467.572,1.9202,0.48,50.0,2015-03-24,PRICE_PERCENTILE
2026-05-18,科技,3914.875,3.9798,99.6,50.0,2011-09-20,PRICE_PERCENTILE
2026-05-19,医药,7629.942,0.8773,9.05,50.0,2019-03-26,PRICE_PERCENTILE
2026-05-19,半导体,4033.6,2.099,67.22,50.0,2020-06-02,PRICE_PERCENTILE
2026-05-19,新能源,4119.034,2.5222,79.6,50.0,2020-04-03,PRICE_PERCENTILE
2026-05-19,沪深300,4852.883,1.8258,85.08,50.0,2009-07-10,PRICE_PERCENTILE
2026-05-19,消费,13451.464,1.9179,0.48,50.0,2015-03-24,PRICE_PERCENTILE
2026-05-19,科技,3908.438,3.9739,99.52,50.0,2011-09-20,PRICE_PERCENTILE
2026-05-20,医药,7577.352,0.8717,8.41,50.0,2019-03-26,PRICE_PERCENTILE
2026-05-20,半导体,3976.706,2.1931,59.92,50.0,2020-06-02,PRICE_PERCENTILE
2026-05-20,新能源,4136.55,2.5555,80.24,50.0,2020-04-03,PRICE_PERCENTILE
2026-05-20,沪深300,4850.7,1.8254,85.0,50.0,2009-07-10,PRICE_PERCENTILE
2026-05-20,消费,13420.803,1.9137,0.48,50.0,2015-03-24,PRICE_PERCENTILE
2026-05-20,科技,3921.789,3.9868,99.6,50.0,2011-09-20,PRICE_PERCENTILE
2026-05-21,医药,7617.907,0.876,9.05,50.0,2019-03-26,PRICE_PERCENTILE
2026-05-21,半导体,3871.587,2.1295,51.03,50.0,2020-06-02,PRICE_PERCENTILE
2026-05-21,新能源,4092.875,2.5211,79.05,50.0,2020-04-03,PRICE_PERCENTILE
2026-05-21,沪深300,4783.098,1.8013,82.06,50.0,2009-07-10,PRICE_PERCENTILE
2026-05-21,消费,13270.08,1.8938,0.16,50.0,2015-03-24,PRICE_PERCENTILE
2026-05-21,科技,3829.779,3.8985,99.29,50.0,2011-09-20,PRICE_PERCENTILE
2026-05-22,医药,7528.839,0.8664,7.62,50.0,2019-03-26,PRICE_PERCENTILE
2026-05-22,半导体,3885.542,2.1821,52.38,50.0,2020-06-02,PRICE_PERCENTILE
2026-05-22,新能源,4155.125,2.5595,80.63,50.0,2020-04-03,PRICE_PERCENTILE
2026-05-22,沪深300,4845.096,1.8234,84.68,50.0,2009-07-10,PRICE_PERCENTILE
2026-05-22,消费,13093.337,1.8703,0.08,50.0,2015-03-24,PRICE_PERCENTILE
2026-05-22,科技,3938.502,4.004,99.84,50.0,2011-09-20,PRICE_PERCENTILE
